2000-12-12/00:00:00,9.07,9.07,9.07,9.07,110649
2001-01-07/00:00:00,8.45,8.45,8.45,8.45,70262
2001-01-21/00:00:00,9.07,9.25,9.07,9.16,126747
2001-01-23/00:00:00,9.21,9.21,9.21,9.21,27663
2001-01-28/00:00:00,9.16,9.16,9.16,9.16,70647
2001-01-29/00:00:00,9.21,9.21,9.21,9.21,46802
2001-01-31/00:00:00,9.07,9.07,9.07,9.07,5200
2001-02-06/00:00:00,9.21,9.21,9.21,9.21,19697
2001-02-08/00:00:00,9.39,9.39,9.39,9.39,32699
2001-02-20/00:00:00,9.07,9.07,9.07,9.07,9183
2001-02-22/00:00:00,9.39,9.39,9.39,9.39,16600
2001-04-15/00:00:00,9.07,9.07,9.07,9.07,27663
2001-04-17/00:00:00,9.07,9.07,9.07,9.07,13445
2001-04-18/00:00:00,9.07,9.07,9.07,9.07,27663
2001-04-23/00:00:00,9.07,9.07,9.07,9.07,32145
2001-04-28/00:00:00,9.16,9.16,9.16,9.16,32145
2001-04-29/00:00:00,9.16,9.16,9.16,9.16,82986
2001-04-30/00:00:00,9.21,9.21,9.21,9.21,55326
2001-05-02/00:00:00,9.21,9.21,9.21,9.21,55326
2001-05-13/00:00:00,9.21,9.21,9.21,9.21,121712
2001-05-23/00:00:00,9.25,9.25,9.25,9.25,117619
2001-05-27/00:00:00,9.25,9.25,9.25,9.25,72305
2001-05-28/00:00:00,9.25,9.25,9.25,9.25,45918
2001-05-29/00:00:00,9.62,9.62,9.62,9.62,148324
2001-05-30/00:00:00,9.53,9.53,9.53,9.53,27552
2001-06-03/00:00:00,9.39,9.39,9.39,9.39,27552
2001-06-12/00:00:00,9.25,9.25,9.25,9.25,1881
2001-06-20/00:00:00,9.34,9.34,9.34,9.34,8130
2001-06-23/00:00:00,9.39,9.39,9.39,9.39,110649
2001-07-03/00:00:00,9.53,9.53,9.53,9.53,11118
2001-07-21/00:00:00,9.53,9.53,9.53,9.53,32866
2001-07-23/00:00:00,9.66,9.66,9.66,9.66,81270
2001-08-01/00:00:00,9.84,9.84,9.84,9.84,30649
2001-08-08/00:00:00,9.98,9.98,9.98,9.98,2934
2001-08-19/00:00:00,9.84,9.84,9.84,9.84,1330
2001-08-22/00:00:00,9.84,9.84,9.84,9.84,2157
2001-08-26/00:00:00,9.84,9.84,9.84,9.84,4373
2001-08-27/00:00:00,10.15,10.15,10.15,10.15,210616
2001-08-28/00:00:00,10.15,10.15,10.15,10.15,72305
2001-08-29/00:00:00,10.15,10.15,10.15,10.15,2157
2001-09-01/00:00:00,10.35,10.35,10.35,10.35,55326
2001-09-04/00:00:00,10.5,10.5,10.5,10.5,5533
2001-09-05/00:00:00,10.5,10.5,10.5,10.5,350030
2001-09-08/00:00:00,10.65,10.65,10.65,10.65,276617
2001-09-15/00:00:00,10.6,10.6,10.6,10.6,2326
2001-09-18/00:00:00,10.8,10.8,10.8,10.8,17870
2001-09-22/00:00:00,10.85,10.85,10.85,10.85,1881
2001-09-23/00:00:00,11.0,11.0,11.0,11.0,49903
2001-09-25/00:00:00,11.0,11.0,11.0,11.0,29986
2001-09-30/00:00:00,11.0,11.0,11.0,11.0,71920
2001-10-07/00:00:00,10.8,10.8,10.8,10.8,38727
2001-10-08/00:00:00,11.0,11.0,11.0,11.0,4426
2001-10-15/00:00:00,10.8,10.8,10.8,10.8,27663
2001-10-16/00:00:00,10.9,10.9,10.9,10.9,2326
2001-10-20/00:00:00,11.0,11.0,11.0,11.0,155294
2001-10-24/00:00:00,11.0,11.0,11.0,11.0,1937
2001-10-27/00:00:00,11.1,11.1,11.1,11.1,27663
2001-10-28/00:00:00,11.1,11.1,11.05,11.05,56375
2001-10-30/00:00:00,11.15,11.15,11.05,11.15,115242
2001-10-31/00:00:00,11.15,11.3,11.15,11.15,151697
2001-11-05/00:00:00,11.35,11.35,11.35,11.35,27663
2001-11-06/00:00:00,11.5,11.5,11.5,11.5,23626
2001-11-12/00:00:00,11.6,12.05,11.6,11.75,513516
2001-11-13/00:00:00,12.15,12.15,12.15,12.15,109542
2001-11-14/00:00:00,12.15,12.15,12.15,12.15,81326
2001-11-17/00:00:00,12.25,12.25,12.25,12.25,27663
2001-11-21/00:00:00,12.1,12.1,12.1,12.1,55326
2001-11-24/00:00:00,12.15,12.15,11.7,11.8,215322
2001-11-25/00:00:00,12.15,12.15,12.15,12.15,191420
2001-11-26/00:00:00,12.35,12.35,11.9,11.9,195128
2001-11-27/00:00:00,11.9,11.9,11.9,11.9,10626
2001-11-28/00:00:00,11.6,11.6,11.6,11.6,281
2001-12-01/00:00:00,12.0,12.0,12.0,12.0,631522
2001-12-10/00:00:00,12.3,12.3,12.3,12.3,160439
2001-12-11/00:00:00,12.4,12.45,12.4,12.4,39225
2001-12-15/00:00:00,12.4,12.4,12.4,12.4,79555
2001-12-19/00:00:00,12.45,12.45,12.45,12.45,33364
2001-12-22/00:00:00,12.45,12.45,12.45,12.45,116182
2001-12-23/00:00:00,12.4,12.4,12.4,12.4,19697
2001-12-26/00:00:00,12.75,12.95,12.75,12.95,419908
2001-12-31/00:00:00,13.1,13.1,13.1,13.1,41108
2002-01-02/00:00:00,13.25,13.6,13.25,13.25,764352
2002-01-09/00:00:00,13.6,13.6,13.6,13.6,5533
2002-01-13/00:00:00,13.85,13.85,13.7,13.75,114025
2002-01-14/00:00:00,13.6,13.6,13.6,13.6,4373
2002-01-21/00:00:00,13.85,13.95,13.85,13.85,17039
2002-01-23/00:00:00,14.15,14.15,14.15,14.15,16600
2002-01-26/00:00:00,14.25,14.25,14.25,14.25,22961
2002-01-28/00:00:00,14.1,14.1,14.1,14.1,665
2002-01-29/00:00:00,14.15,14.15,14.15,14.15,885
2002-02-04/00:00:00,14.55,14.85,14.55,14.85,167521
2002-02-05/00:00:00,14.95,14.95,14.95,14.95,5533
2002-02-06/00:00:00,15.0,15.0,15.0,15.0,27663
2002-02-10/00:00:00,14.85,14.85,14.85,14.85,19697
2002-02-12/00:00:00,14.85,14.85,14.85,14.85,8188
2002-02-13/00:00:00,15.05,15.05,15.05,15.05,11064
2002-02-17/00:00:00,15.0,15.0,15.0,15.0,86197
2002-02-27/00:00:00,14.55,14.55,14.55,14.55,38503
2002-03-05/00:00:00,14.55,14.55,14.55,14.55,9018
2002-03-06/00:00:00,14.95,14.95,14.95,14.95,11064
2002-03-09/00:00:00,14.55,14.55,14.55,14.55,19697
2002-03-12/00:00:00,14.75,14.75,14.75,14.75,5533
2002-03-13/00:00:00,14.85,14.85,14.85,14.85,5533
2002-03-18/00:00:00,14.75,14.85,14.75,14.8,35962
2002-03-19/00:00:00,14.85,14.85,14.85,14.85,12283
2002-03-20/00:00:00,14.75,14.75,14.75,14.75,54882
2002-04-17/00:00:00,14.1,14.55,14.1,14.4,110480
2002-04-21/00:00:00,14.55,14.55,14.5,14.55,156568
2002-05-11/00:00:00,14.55,14.55,14.55,14.55,8299
2002-05-15/00:00:00,14.1,14.55,14.1,14.4,110649
2002-05-18/00:00:00,14.6,14.6,14.6,14.6,66389
2002-05-29/00:00:00,14.1,14.1,14.1,14.1,66169
2002-06-04/00:00:00,14.1,14.1,14.1,14.1,80218
2002-06-05/00:00:00,14.55,14.55,14.55,14.55,8299
2002-06-09/00:00:00,14.1,14.1,14.1,14.1,2934
2002-06-10/00:00:00,14.55,14.6,14.55,14.55,22130
2002-06-18/00:00:00,14.05,14.05,14.05,14.05,14163
2002-06-19/00:00:00,14.25,14.25,13.8,14.0,27663
2002-06-24/00:00:00,13.8,13.8,13.8,13.8,11064
2002-06-26/00:00:00,13.65,13.65,13.65,13.65,13831
2002-06-30/00:00:00,13.7,13.7,13.7,13.7,5038
2002-07-07/00:00:00,13.85,13.85,13.85,13.85,36455
2002-07-09/00:00:00,13.85,14.05,13.85,13.85,194848
2002-07-15/00:00:00,14.05,14.05,14.05,14.05,41493
2002-07-20/00:00:00,14.1,14.15,14.1,14.15,49792
2002-07-22/00:00:00,14.2,14.25,14.2,14.25,11064
2002-07-23/00:00:00,14.25,14.25,14.25,14.25,18813
2002-07-24/00:00:00,14.55,14.55,14.55,14.55,43320
2002-07-27/00:00:00,1.46,1.46,1.46,1.46,82986
2002-07-28/00:00:00,1.43,1.43,1.43,1.43,5532374
2002-07-30/00:00:00,1.46,1.46,1.43,1.45,523196
2002-07-31/00:00:00,1.43,1.46,1.43,1.46,165971
2002-08-03/00:00:00,1.47,1.47,1.47,1.47,55326
2002-08-04/00:00:00,1.47,1.47,1.47,1.47,276617
2002-08-10/00:00:00,1.48,1.48,1.47,1.48,1723332
2002-08-11/00:00:00,1.48,1.49,1.48,1.48,497913
2002-08-12/00:00:00,1.52,1.53,1.52,1.52,1084342
2002-08-13/00:00:00,1.55,1.57,1.55,1.56,589198
2002-08-14/00:00:00,1.53,1.53,1.53,1.53,1131372
2002-08-18/00:00:00,1.53,1.53,1.53,1.53,1280743
2002-08-19/00:00:00,1.53,1.53,1.53,1.53,1272445
2002-08-20/00:00:00,1.53,1.56,1.53,1.56,90730
2002-08-21/00:00:00,1.56,1.56,1.56,1.56,165971
2002-08-24/00:00:00,1.57,1.57,1.57,1.57,5533
2002-08-26/00:00:00,1.55,1.55,1.54,1.55,677716
2002-08-27/00:00:00,1.54,1.55,1.54,1.55,69541
2002-08-28/00:00:00,1.55,1.55,1.55,1.55,1008554
2002-08-31/00:00:00,1.56,1.56,1.56,1.56,16600
2002-09-01/00:00:00,1.59,1.59,1.59,1.59,18813
2002-09-04/00:00:00,1.59,1.59,1.59,1.59,9349
2002-09-07/00:00:00,1.57,1.57,1.57,1.57,55326
2002-09-10/00:00:00,1.55,1.55,1.55,1.55,157676
2002-09-11/00:00:00,1.55,1.55,1.55,1.55,15493
2002-09-14/00:00:00,1.53,1.53,1.53,1.53,13831
2002-09-15/00:00:00,1.59,1.59,1.59,1.59,5533
2002-09-18/00:00:00,1.52,1.52,1.52,1.52,71920
2002-09-21/00:00:00,1.52,1.52,1.49,1.5,510639
2002-09-22/00:00:00,1.53,1.53,1.53,1.53,110649
2002-09-23/00:00:00,1.52,1.52,1.52,1.52,69155
2002-09-25/00:00:00,1.46,1.46,1.43,1.44,359603
2002-09-28/00:00:00,1.43,1.43,1.43,1.43,174270
2002-09-30/00:00:00,1.43,1.51,1.43,1.49,110649
2002-10-02/00:00:00,1.43,1.43,1.43,1.43,237894
2002-10-06/00:00:00,1.48,1.48,1.48,1.48,16600
2002-10-07/00:00:00,1.48,1.48,1.48,1.48,22130
2002-10-13/00:00:00,1.46,1.46,1.45,1.45,361819
2002-10-15/00:00:00,1.43,1.43,1.43,1.43,86856
2002-10-16/00:00:00,1.43,1.43,1.43,1.43,14938
2002-10-19/00:00:00,1.46,1.46,1.46,1.46,294875
2002-10-20/00:00:00,1.46,1.46,1.46,1.46,446464
2002-10-21/00:00:00,1.43,1.43,1.43,1.43,2766188
2002-10-26/00:00:00,1.46,1.46,1.46,1.46,27663
2002-10-28/00:00:00,1.46,1.46,1.46,1.46,55326
2002-10-29/00:00:00,1.47,1.47,1.47,1.47,165971
2002-10-30/00:00:00,1.48,1.48,1.47,1.48,138308
2002-11-02/00:00:00,1.48,1.49,1.48,1.49,777853
2002-11-03/00:00:00,1.49,1.49,1.49,1.49,55326
2002-11-04/00:00:00,1.49,1.49,1.49,1.49,390033
2002-11-11/00:00:00,1.52,1.52,1.52,1.52,55326
2002-11-13/00:00:00,1.52,1.52,1.52,1.52,257256
2002-11-17/00:00:00,1.52,1.52,1.52,1.52,16600
2002-11-19/00:00:00,1.48,1.48,1.48,1.48,336921
2002-11-25/00:00:00,1.49,1.49,1.49,1.49,11064
2002-11-30/00:00:00,1.49,1.49,1.49,1.49,27663
2002-12-01/00:00:00,1.51,1.52,1.51,1.51,419908
2002-12-09/00:00:00,1.52,1.52,1.52,1.52,94051
2002-12-10/00:00:00,1.52,1.53,1.52,1.53,165971
2002-12-11/00:00:00,1.54,1.55,1.54,1.55,292668
2002-12-14/00:00:00,1.53,1.53,1.52,1.53,28770
2002-12-15/00:00:00,1.57,1.58,1.57,1.57,273684
2002-12-16/00:00:00,1.58,1.58,1.58,1.58,86309
2002-12-17/00:00:00,1.58,1.58,1.58,1.58,73027
2002-12-23/00:00:00,1.55,1.55,1.55,1.55,118450
2002-12-28/00:00:00,1.54,1.54,1.54,1.54,1301765
2002-12-29/00:00:00,1.54,1.54,1.54,1.54,139970
2002-12-30/00:00:00,1.54,1.54,1.54,1.54,110649
2002-12-31/00:00:00,1.54,1.57,1.54,1.55,159886
2003-01-11/00:00:00,1.56,1.56,1.56,1.56,11064
2003-01-12/00:00:00,1.55,1.55,1.55,1.55,16600
2003-01-13/00:00:00,1.57,1.57,1.57,1.57,16600
2003-01-15/00:00:00,1.54,1.56,1.54,1.56,121158
2003-01-21/00:00:00,1.56,1.56,1.56,1.56,27663
2003-01-22/00:00:00,1.55,1.55,1.55,1.55,843133
2003-01-26/00:00:00,1.56,1.56,1.56,1.56,55326
2003-01-29/00:00:00,1.56,1.56,1.56,1.56,253439
2003-02-04/00:00:00,1.56,1.56,1.56,1.56,55326
2003-02-05/00:00:00,1.57,1.57,1.57,1.57,82986
2003-02-08/00:00:00,1.57,1.57,1.57,1.57,31814
2003-02-09/00:00:00,1.56,1.56,1.56,1.56,80770
2003-02-16/00:00:00,1.57,1.57,1.57,1.57,27663
2003-02-18/00:00:00,1.57,1.57,1.57,1.57,1045345
2003-02-19/00:00:00,1.58,1.58,1.58,1.58,55326
2003-02-22/00:00:00,1.6,1.6,1.6,1.6,497913
2003-02-26/00:00:00,1.59,1.59,1.59,1.59,276617
2003-03-01/00:00:00,1.59,1.6,1.59,1.6,579239
2003-03-02/00:00:00,1.6,1.6,1.6,1.6,719209
2003-03-05/00:00:00,1.62,1.62,1.62,1.62,553240
2003-03-08/00:00:00,1.6,1.6,1.6,1.6,1148521
2003-03-09/00:00:00,1.6,1.6,1.6,1.6,2781676
2003-03-16/00:00:00,1.6,1.6,1.6,1.6,221294
2003-03-18/00:00:00,1.57,1.57,1.57,1.57,294325
2003-03-23/00:00:00,1.58,1.58,1.58,1.58,22130
2003-03-30/00:00:00,1.59,1.59,1.59,1.59,132775
2003-04-09/00:00:00,1.53,1.53,1.53,1.53,92944
2003-04-15/00:00:00,1.53,1.54,1.53,1.53,221849
2003-04-16/00:00:00,1.55,1.6,1.55,1.58,253384
2003-04-19/00:00:00,1.59,1.59,1.59,1.59,110649
2003-04-23/00:00:00,1.57,1.58,1.57,1.57,701612
2003-04-26/00:00:00,1.58,1.58,1.58,1.58,777186
2003-05-04/00:00:00,1.63,1.63,1.63,1.63,15217
2003-05-20/00:00:00,1.58,1.58,1.58,1.58,3890362
2003-05-21/00:00:00,1.57,1.57,1.57,1.57,165971
2003-05-24/00:00:00,1.58,1.58,1.58,1.58,9404
2003-05-26/00:00:00,1.58,1.58,1.58,1.58,110649
2003-05-28/00:00:00,1.58,1.58,1.58,1.58,691546
2003-06-04/00:00:00,1.58,1.58,1.58,1.58,344115
2003-06-07/00:00:00,1.58,1.58,1.58,1.58,55326
2003-06-08/00:00:00,1.59,1.59,1.59,1.59,307931
2003-06-09/00:00:00,1.6,1.6,1.6,1.6,16045
2003-06-11/00:00:00,1.58,1.58,1.58,1.58,554
2003-06-14/00:00:00,1.58,1.58,1.58,1.58,165971
2003-06-15/00:00:00,1.58,1.58,1.58,1.58,45918
2003-06-17/00:00:00,1.59,1.59,1.59,1.59,110649
2003-06-18/00:00:00,1.59,1.59,1.59,1.59,55326
2003-06-22/00:00:00,1.6,1.6,1.6,1.6,165971
2003-06-23/00:00:00,1.6,1.6,1.6,1.6,11064
2003-06-25/00:00:00,1.6,1.6,1.6,1.6,442589
2003-06-28/00:00:00,1.6,1.6,1.6,1.6,55326
2003-06-29/00:00:00,1.6,1.6,1.6,1.6,324750
2003-07-01/00:00:00,1.6,1.63,1.6,1.63,116182
2003-07-07/00:00:00,1.64,1.64,1.64,1.64,94051
2003-07-09/00:00:00,1.66,1.66,1.66,1.66,362924
2003-07-14/00:00:00,1.69,1.72,1.69,1.72,341292
2003-07-16/00:00:00,1.72,1.73,1.72,1.72,71920
2003-07-20/00:00:00,1.73,1.79,1.73,1.75,851431
2003-07-23/00:00:00,1.82,1.82,1.82,1.82,110649
2003-07-24/00:00:00,1.82,1.84,1.82,1.82,476890
2003-07-26/00:00:00,1.84,1.84,1.84,1.84,442589
2003-07-27/00:00:00,1.85,1.85,1.85,1.85,110649
2003-07-28/00:00:00,1.89,1.91,1.89,1.91,730276
2003-07-30/00:00:00,1.85,1.85,1.85,1.85,331944
2003-07-31/00:00:00,1.93,1.93,1.93,1.93,11064
2003-08-02/00:00:00,1.82,1.82,1.82,1.82,2768
2003-08-03/00:00:00,1.82,1.84,1.82,1.83,679931
2003-08-04/00:00:00,1.88,1.88,1.84,1.84,279385
2003-08-05/00:00:00,1.84,1.84,1.84,1.84,844241
2003-08-07/00:00:00,1.85,1.85,1.85,1.85,219917
2003-08-11/00:00:00,1.86,1.86,1.86,1.86,553240
2003-08-13/00:00:00,1.88,1.88,1.86,1.86,1377561
2003-08-14/00:00:00,1.86,1.86,1.86,1.86,1007555
2003-08-17/00:00:00,1.88,1.88,1.88,1.88,122044
2003-08-18/00:00:00,1.88,1.88,1.88,1.88,8854
2003-08-20/00:00:00,1.91,1.91,1.91,1.91,1384751
2003-08-21/00:00:00,1.91,1.91,1.91,1.91,168186
2003-08-28/00:00:00,1.91,1.91,1.91,1.91,63620
2003-08-30/00:00:00,1.94,1.97,1.94,1.97,596775
2003-09-03/00:00:00,2.0,2.01,2.0,2.0,681757
2003-09-06/00:00:00,2.0,2.03,2.0,2.01,648946
2003-09-07/00:00:00,2.07,2.07,2.07,2.07,78556
2003-09-08/00:00:00,2.07,2.07,2.07,2.07,110649
2003-09-09/00:00:00,2.03,2.09,2.03,2.08,121712
2003-09-10/00:00:00,2.11,2.16,2.11,2.16,6475917
2003-09-11/00:00:00,2.16,2.16,2.16,2.16,2094114
2003-09-15/00:00:00,2.16,2.16,2.16,2.16,537194
2003-09-17/00:00:00,2.08,2.08,2.08,2.08,165971
2003-09-18/00:00:00,2.13,2.13,2.13,2.13,193636
2003-09-23/00:00:00,2.09,2.09,2.09,2.09,43709
2003-09-28/00:00:00,2.13,2.13,2.1,2.1,553240
2003-09-30/00:00:00,2.15,2.15,2.15,2.15,1070458
2003-10-06/00:00:00,2.09,2.09,2.09,2.09,80105
2003-10-07/00:00:00,2.1,2.1,2.1,2.1,11064
2003-10-08/00:00:00,2.1,2.1,2.1,2.1,206965
2003-10-09/00:00:00,2.1,2.1,2.1,2.1,935522
2003-10-11/00:00:00,2.09,2.09,2.09,2.09,663886
2003-10-12/00:00:00,2.09,2.09,2.09,2.09,553240
2003-10-14/00:00:00,2.12,2.12,2.12,2.12,9404
2003-10-15/00:00:00,2.09,2.09,2.09,2.09,108381
2003-10-19/00:00:00,2.09,2.09,2.09,2.09,86973
2003-10-21/00:00:00,2.09,2.09,2.09,2.09,9959
2003-10-22/00:00:00,2.07,2.07,2.07,2.07,359603
2003-10-25/00:00:00,2.07,2.07,2.04,2.04,276617
2003-10-26/00:00:00,2.04,2.04,2.04,2.04,1337896
2003-10-27/00:00:00,2.04,2.04,2.04,2.04,557995
2003-10-28/00:00:00,2.04,2.05,2.04,2.05,596443
2003-10-29/00:00:00,2.08,2.09,2.08,2.09,553240
2003-10-30/00:00:00,2.09,2.09,2.09,2.09,968169
2003-11-01/00:00:00,2.09,2.09,2.09,2.09,19364
2003-11-02/00:00:00,2.09,2.09,2.09,2.09,276617
2003-11-09/00:00:00,2.13,2.14,2.13,2.13,302621
2003-11-10/00:00:00,2.13,2.13,2.13,2.13,276617
2003-11-12/00:00:00,2.12,2.12,2.12,2.12,55326
2003-11-18/00:00:00,2.12,2.12,2.12,2.12,20472
2003-11-19/00:00:00,2.12,2.12,2.12,2.12,149153
2003-11-20/00:00:00,2.12,2.13,2.12,2.13,279385
2003-11-22/00:00:00,2.13,2.13,2.13,2.13,345995
2003-11-30/00:00:00,2.13,2.13,2.13,2.13,8854
2003-12-06/00:00:00,2.13,2.13,2.13,2.13,839260
2003-12-09/00:00:00,2.12,2.12,2.12,2.12,1540601
2003-12-10/00:00:00,2.12,2.12,2.12,2.12,168739
2003-12-13/00:00:00,2.13,2.13,2.13,2.13,9404
2003-12-15/00:00:00,2.14,2.14,2.14,2.14,18532
2003-12-20/00:00:00,2.1,2.1,2.1,2.1,829855
2003-12-22/00:00:00,2.09,2.1,2.09,2.09,843133
2003-12-23/00:00:00,2.09,2.09,2.09,2.09,1495953
2003-12-24/00:00:00,2.09,2.09,2.09,2.09,940504
2003-12-25/00:00:00,2.09,2.09,2.09,2.09,652268
2003-12-28/00:00:00,2.1,2.1,2.1,2.1,10237
2003-12-29/00:00:00,2.07,2.07,2.07,2.07,9959
2003-12-30/00:00:00,2.07,2.07,2.07,2.07,11064
2003-12-31/00:00:00,2.09,2.12,2.09,2.1,1405829
2004-01-06/00:00:00,2.1,2.1,2.09,2.09,234297
2004-01-07/00:00:00,2.09,2.09,2.09,2.09,7195
2004-01-08/00:00:00,2.09,2.09,2.09,2.09,117842
2004-01-10/00:00:00,2.09,2.09,2.09,2.09,157676
2004-01-13/00:00:00,2.1,2.1,2.09,2.09,404419
2004-01-14/00:00:00,2.09,2.1,2.07,2.09,549089
2004-01-17/00:00:00,2.09,2.09,2.09,2.09,19143
2004-01-24/00:00:00,2.09,2.09,2.09,2.09,276617
2004-01-25/00:00:00,2.03,2.03,2.03,2.03,661671
2004-01-26/00:00:00,2.09,2.09,2.09,2.09,3602352
2004-01-28/00:00:00,2.12,2.12,2.1,2.1,2820401
2004-02-05/00:00:00,2.12,2.12,2.12,2.12,781170
2004-02-07/00:00:00,2.14,2.16,2.14,2.15,819785
2004-02-08/00:00:00,2.2,2.2,2.18,2.2,1820153
2004-02-10/00:00:00,2.16,2.17,2.16,2.17,802194
2004-02-11/00:00:00,2.17,2.17,2.14,2.16,1230126
2004-02-12/00:00:00,2.16,2.16,2.16,2.16,5595608
2004-02-14/00:00:00,2.16,2.16,2.16,2.16,1106477
2004-02-15/00:00:00,2.16,2.16,2.16,2.16,12173
2004-02-19/00:00:00,2.16,2.16,2.16,2.16,276617
2004-02-24/00:00:00,2.13,2.13,2.13,2.13,1023489
2004-02-25/00:00:00,2.14,2.14,2.14,2.14,387265
2004-02-28/00:00:00,2.13,2.13,2.13,2.13,128904
2004-03-02/00:00:00,2.0,2.13,2.0,2.07,17705
2004-03-08/00:00:00,2.13,2.13,2.13,2.13,1372028
2004-03-09/00:00:00,2.14,2.14,2.13,2.13,565412
2004-03-10/00:00:00,2.13,2.14,2.13,2.13,267770
2004-03-11/00:00:00,2.13,2.13,2.13,2.13,470251
2004-03-14/00:00:00,2.13,2.13,2.13,2.13,3876
2004-03-21/00:00:00,2.13,2.13,2.13,2.13,1438417
2004-03-24/00:00:00,2.13,2.13,2.13,2.13,608560
2004-03-28/00:00:00,2.14,2.14,2.14,2.14,655585
2004-03-30/00:00:00,2.14,2.14,2.14,2.14,13035265
2004-04-03/00:00:00,2.16,2.22,2.16,2.2,1670779
2004-04-05/00:00:00,2.16,2.16,2.16,2.16,29320
2004-04-07/00:00:00,2.13,2.16,2.13,2.16,553793
2004-04-08/00:00:00,2.16,2.16,2.16,2.16,140800
2004-04-11/00:00:00,2.2,2.22,2.2,2.2,2772826
2004-04-12/00:00:00,2.26,2.27,2.26,2.26,2189989
2004-04-13/00:00:00,2.28,2.32,2.28,2.31,1742698
2004-04-14/00:00:00,2.32,2.32,2.3,2.32,2217097
2004-04-15/00:00:00,2.32,2.32,2.32,2.32,318109
2004-04-17/00:00:00,2.32,2.32,2.32,2.32,885179
2004-04-18/00:00:00,2.32,2.32,2.32,2.32,1161797
2004-04-20/00:00:00,2.32,2.32,2.32,2.32,27663
2004-04-21/00:00:00,2.32,2.32,2.32,2.32,1386965
2004-04-22/00:00:00,2.32,2.32,2.32,2.32,27663
2004-04-24/00:00:00,2.32,2.32,2.32,2.32,553240
2004-04-25/00:00:00,2.31,2.31,2.31,2.31,138308
2004-04-26/00:00:00,2.3,2.3,2.3,2.3,573156
2004-04-28/00:00:00,2.26,2.26,2.26,2.26,7195
2004-04-29/00:00:00,2.27,2.27,2.27,2.27,276617
2004-05-02/00:00:00,2.26,2.26,2.23,2.24,17705
2004-05-03/00:00:00,2.26,2.27,2.26,2.26,4477904
2004-05-04/00:00:00,2.26,2.26,2.26,2.26,165971
2004-05-06/00:00:00,2.26,2.26,2.26,2.26,553240
2004-05-08/00:00:00,2.26,2.26,2.26,2.26,1660
2004-05-09/00:00:00,2.26,2.26,2.26,2.26,663886
2004-05-10/00:00:00,2.27,2.27,2.27,2.27,17705
2004-05-13/00:00:00,2.27,2.27,2.27,2.27,2212949
2004-05-16/00:00:00,2.26,2.27,2.26,2.26,504666
2004-05-17/00:00:00,2.27,2.27,2.27,2.27,331944
2004-05-19/00:00:00,2.27,2.27,2.27,2.27,9959
2004-05-20/00:00:00,2.32,2.32,2.32,2.32,110649
2004-05-22/00:00:00,2.3,2.34,2.3,2.31,209954
2004-05-23/00:00:00,2.34,2.34,2.34,2.34,2323598
2004-05-24/00:00:00,2.34,2.34,2.34,2.34,1153497
2004-05-25/00:00:00,2.34,2.34,2.34,2.34,110649
2004-05-26/00:00:00,2.34,2.34,2.34,2.34,829855
2004-05-27/00:00:00,2.34,2.34,2.34,2.34,1705629
2004-05-29/00:00:00,2.34,2.34,2.34,2.34,1141329
2004-05-30/00:00:00,2.41,2.58,2.41,2.52,1055022
2004-05-31/00:00:00,2.56,2.56,2.52,2.55,636222
2004-06-01/00:00:00,2.56,2.56,2.55,2.56,2229548
2004-06-02/00:00:00,2.56,2.56,2.56,2.56,829855
2004-06-03/00:00:00,2.56,2.56,2.56,2.56,636222
2004-06-07/00:00:00,2.58,2.65,2.58,2.62,16045
2004-06-08/00:00:00,2.65,2.65,2.65,2.65,55326
2004-06-09/00:00:00,2.65,2.68,2.65,2.68,741337
2004-06-10/00:00:00,2.68,2.68,2.68,2.68,829855
2004-06-12/00:00:00,2.68,2.68,2.68,2.68,1532468
2004-06-13/00:00:00,2.68,2.68,2.68,2.68,5054984
2004-06-14/00:00:00,2.68,2.68,2.68,2.68,1327771
2004-06-15/00:00:00,2.68,2.68,2.68,2.68,879646
2004-06-16/00:00:00,2.62,2.62,2.62,2.62,1106477
2004-06-17/00:00:00,2.62,2.62,2.62,2.62,5775238
2004-06-21/00:00:00,2.62,2.62,2.62,2.62,260572
2004-06-23/00:00:00,2.62,2.62,2.62,2.62,7195
2004-06-24/00:00:00,2.65,2.65,2.65,2.65,1336623
2004-06-26/00:00:00,2.62,2.62,2.62,2.62,27663
2004-06-27/00:00:00,2.65,2.65,2.65,2.65,6086
2004-06-30/00:00:00,2.72,2.72,2.72,2.72,546930
2004-07-04/00:00:00,2.8,2.9,2.8,2.83,3736006
2004-07-05/00:00:00,2.9,2.9,2.9,2.9,608560
2004-07-06/00:00:00,2.9,2.9,2.9,2.9,564302
2004-07-07/00:00:00,2.9,2.9,2.9,2.9,1298779
2004-07-08/00:00:00,2.97,2.97,2.92,2.97,1929692
2004-07-11/00:00:00,2.99,2.99,2.92,2.94,387265
2004-07-12/00:00:00,2.92,2.92,2.92,2.92,553240
2004-07-13/00:00:00,2.9,2.92,2.9,2.9,967889
2004-07-14/00:00:00,2.9,2.9,2.9,2.9,5447171
2004-07-15/00:00:00,2.9,2.9,2.9,2.9,1136347
2004-07-18/00:00:00,2.85,2.85,2.85,2.85,55326
2004-07-20/00:00:00,2.84,2.84,2.84,2.84,2214
2004-07-21/00:00:00,2.9,2.9,2.9,2.9,110649
2004-07-25/00:00:00,2.88,2.88,2.87,2.87,449227
2004-07-26/00:00:00,2.88,2.88,2.88,2.88,331944
2004-07-27/00:00:00,2.88,2.88,2.88,2.88,7195
2004-08-03/00:00:00,2.85,2.85,2.85,2.85,276617
2004-08-05/00:00:00,2.85,2.85,2.85,2.85,28218
2004-08-12/00:00:00,2.8,2.8,2.8,2.8,55326
2004-08-14/00:00:00,2.8,2.8,2.8,2.8,608560
2004-08-15/00:00:00,2.8,2.8,2.8,2.8,885179
2004-08-16/00:00:00,2.8,2.8,2.79,2.8,138308
2004-08-17/00:00:00,2.79,2.79,2.76,2.77,276617
2004-08-18/00:00:00,2.77,2.77,2.77,2.77,138308
2004-08-19/00:00:00,2.76,2.76,2.76,2.76,448124
2004-08-21/00:00:00,2.74,2.76,2.74,2.74,63620
2004-08-22/00:00:00,2.77,2.77,2.74,2.76,80770
2004-08-26/00:00:00,2.79,2.79,2.79,2.79,1660
2004-08-30/00:00:00,2.8,2.8,2.8,2.8,55326
2004-08-31/00:00:00,2.8,2.9,2.8,2.85,69266
2004-09-05/00:00:00,2.9,2.91,2.9,2.9,1290148
2004-09-07/00:00:00,2.91,2.92,2.91,2.92,967997
2004-09-08/00:00:00,2.95,2.99,2.95,2.98,1493737
2004-09-09/00:00:00,2.99,2.99,2.97,2.97,857352
2004-09-11/00:00:00,2.98,2.98,2.97,2.97,1808697
2004-09-13/00:00:00,2.97,2.97,2.97,2.97,442589
2004-09-14/00:00:00,2.97,2.97,2.97,2.97,432909
2004-09-15/00:00:00,2.97,2.99,2.97,2.99,764853
2004-09-16/00:00:00,2.97,3.09,2.97,3.0,2695372
2004-09-18/00:00:00,3.09,3.13,3.09,3.11,2668710
2004-09-20/00:00:00,3.14,3.28,3.14,3.22,434349
2004-09-21/00:00:00,3.22,3.22,3.22,3.22,151034
2004-09-22/00:00:00,3.14,3.14,3.14,3.14,8299
2004-09-23/00:00:00,3.25,3.31,3.25,3.28,1631109
2004-09-25/00:00:00,3.31,3.31,3.28,3.31,1311728
2004-09-26/00:00:00,3.32,3.34,3.32,3.32,1732407
2004-09-27/00:00:00,3.39,3.39,3.32,3.32,282154
2004-09-28/00:00:00,3.09,3.34,3.09,3.32,269981
2004-09-29/00:00:00,3.32,3.32,3.14,3.2,1643723
2004-09-30/00:00:00,3.14,3.17,3.14,3.14,2473582
2004-10-02/00:00:00,3.14,3.14,3.14,3.14,221294
2004-10-03/00:00:00,3.14,3.14,3.14,3.14,304283
2004-10-04/00:00:00,3.13,3.13,3.13,3.13,496418
2004-10-05/00:00:00,3.14,3.14,3.14,3.14,486296
2004-10-06/00:00:00,3.14,3.14,3.14,3.14,172606
2004-10-07/00:00:00,3.11,3.11,3.11,3.11,11618
2004-10-09/00:00:00,3.11,3.11,3.11,3.11,2768
2004-10-10/00:00:00,3.1,3.11,3.09,3.1,375703
2004-10-11/00:00:00,3.11,3.11,3.11,3.11,55326
2004-10-12/00:00:00,3.09,3.09,3.01,3.02,898073
2004-10-13/00:00:00,3.01,3.02,2.99,3.0,2166481
2004-10-14/00:00:00,2.99,3.02,2.99,3.01,763908
2004-10-16/00:00:00,3.09,3.09,3.09,3.09,12173
2004-10-17/00:00:00,3.09,3.09,3.04,3.06,383396
2004-10-19/00:00:00,3.09,3.09,3.0,3.02,1991655
2004-10-20/00:00:00,3.09,3.09,3.09,3.09,25176
2004-10-24/00:00:00,3.04,3.04,3.02,3.02,742726
2004-10-25/00:00:00,3.02,3.02,3.02,3.02,221294
2004-10-26/00:00:00,3.02,3.02,3.02,3.02,1046725
2004-10-31/00:00:00,3.02,3.02,3.02,3.02,663886
2004-11-01/00:00:00,3.14,3.14,3.02,3.09,608560
2004-11-02/00:00:00,3.06,3.06,3.06,3.06,165971
2004-11-08/00:00:00,3.06,3.06,3.06,3.06,24898
2004-11-09/00:00:00,3.06,3.06,3.06,3.06,27663
2004-11-18/00:00:00,3.09,3.09,3.09,3.09,674836
2004-11-20/00:00:00,3.1,3.1,3.1,3.1,553240
2004-11-21/00:00:00,3.14,3.32,3.14,3.22,885179
2004-11-22/00:00:00,3.32,3.44,3.32,3.39,843410
2004-11-23/00:00:00,3.44,3.44,3.44,3.44,14382
2004-11-24/00:00:00,3.44,3.47,3.37,3.39,669970
2004-11-25/00:00:00,3.44,3.44,3.42,3.44,2323598
2004-11-27/00:00:00,3.34,3.34,3.34,3.34,276617
2004-11-28/00:00:00,3.39,3.42,3.39,3.41,1936327
2004-11-29/00:00:00,3.39,3.39,3.37,3.38,1659711
2004-11-30/00:00:00,3.39,3.39,3.37,3.37,2434243
2004-12-01/00:00:00,3.39,3.39,3.39,3.39,7905484
2004-12-06/00:00:00,3.37,3.37,3.37,3.37,829855
2004-12-07/00:00:00,3.39,3.42,3.39,3.41,2745168
2004-12-08/00:00:00,3.44,3.44,3.39,3.42,3983311
2004-12-09/00:00:00,3.44,3.54,3.39,3.46,2982671
2004-12-11/00:00:00,3.54,3.54,3.51,3.52,1880512
2004-12-12/00:00:00,3.51,3.54,3.47,3.51,2058209
2004-12-13/00:00:00,3.51,3.55,3.51,3.54,1272445
2004-12-14/00:00:00,3.54,3.54,3.54,3.54,430974
2004-12-15/00:00:00,3.54,3.54,3.46,3.54,1164010
2004-12-16/00:00:00,3.47,3.47,3.46,3.46,354905
2004-12-18/00:00:00,3.59,3.59,3.59,3.59,497913
2004-12-19/00:00:00,3.62,3.62,3.55,3.59,1125286
2004-12-20/00:00:00,3.49,3.54,3.47,3.51,6689747
2004-12-21/00:00:00,3.54,3.55,3.54,3.54,248956
2004-12-22/00:00:00,3.55,3.55,3.55,3.55,8299
2004-12-23/00:00:00,3.47,3.47,3.47,3.47,1106477
2004-12-25/00:00:00,3.54,3.54,3.54,3.54,547483
2004-12-26/00:00:00,3.54,3.55,3.54,3.54,995715
2004-12-27/00:00:00,3.54,3.64,3.54,3.59,4636124
2004-12-28/00:00:00,3.64,3.66,3.64,3.64,2890662
2004-12-29/00:00:00,3.7,3.7,3.7,3.7,3596042
2004-12-30/00:00:00,3.7,3.76,3.7,3.72,6196142
2005-01-02/00:00:00,3.7,3.73,3.7,3.71,115073
2005-01-03/00:00:00,3.9,3.98,3.8,3.85,3533031
2005-01-04/00:00:00,3.9,4.01,3.9,3.93,4351766
2005-01-05/00:00:00,3.86,3.9,3.8,3.85,6085612
2005-01-06/00:00:00,3.9,3.9,3.9,3.9,3596042
2005-01-08/00:00:00,3.98,4.07,3.98,4.03,4690843
2005-01-09/00:00:00,4.05,4.05,4.05,4.05,110649
2005-01-11/00:00:00,4.05,4.05,4.05,4.05,1161797
2005-01-12/00:00:00,4.05,4.05,3.98,4.01,1051151
2005-01-13/00:00:00,3.9,3.9,3.9,3.9,276617
2005-01-15/00:00:00,3.83,3.83,3.73,3.83,940504
2005-01-16/00:00:00,3.73,3.8,3.73,3.8,280380
2005-01-17/00:00:00,3.83,3.83,3.7,3.73,1570474
2005-01-18/00:00:00,3.72,3.72,3.72,3.72,141630
2005-01-24/00:00:00,3.8,3.8,3.8,3.8,432190
2005-01-25/00:00:00,3.8,3.8,3.8,3.8,6811951
2005-01-26/00:00:00,3.8,3.86,3.8,3.83,461458
2005-01-27/00:00:00,3.9,3.9,3.85,3.9,2684307
2005-01-29/00:00:00,4.03,4.05,3.98,4.0,6268180
2005-01-30/00:00:00,4.01,4.01,4.01,4.01,940504
2005-01-31/00:00:00,3.98,4.15,3.98,4.05,6639783
2005-02-01/00:00:00,4.09,4.2,4.09,4.12,9016107
2005-02-03/00:00:00,4.05,4.1,4.05,4.09,2527629
2005-02-05/00:00:00,4.12,4.12,4.09,4.1,275514
2005-02-06/00:00:00,4.12,4.12,4.12,4.12,2766188
2005-02-10/00:00:00,4.05,4.05,4.05,4.05,209457
2005-02-12/00:00:00,3.98,4.05,3.98,4.01,3165299
2005-02-13/00:00:00,4.09,4.09,4.03,4.03,287683
2005-02-14/00:00:00,4.01,4.01,3.98,3.98,4651945
2005-02-15/00:00:00,3.9,3.9,3.8,3.83,1355989
2005-02-16/00:00:00,3.83,4.01,3.8,3.83,1977820
2005-02-17/00:00:00,3.9,3.9,3.9,3.9,553240
2005-02-19/00:00:00,3.9,3.9,3.9,3.9,553240
2005-02-20/00:00:00,3.93,3.93,3.93,3.93,553240
2005-02-21/00:00:00,3.93,4.01,3.93,3.96,2962309
2005-02-22/00:00:00,4.05,4.2,4.05,4.15,6864124
2005-02-23/00:00:00,4.2,4.54,4.15,4.48,11449741
2005-02-24/00:00:00,4.93,4.93,4.45,4.56,2008254
2005-02-26/00:00:00,4.63,4.74,4.63,4.7,525576
2005-02-27/00:00:00,4.79,4.93,4.79,4.88,3375579
2005-02-28/00:00:00,4.93,4.95,4.93,4.95,443087
2005-03-01/00:00:00,5.02,5.07,5.02,5.07,792071
2005-03-02/00:00:00,5.41,5.41,5.16,5.41,4601994
2005-03-03/00:00:00,5.41,5.58,5.41,5.46,4244267
2005-03-05/00:00:00,5.51,5.51,5.46,5.49,647289
2005-03-06/00:00:00,5.41,5.41,5.41,5.41,276617
2005-03-07/00:00:00,5.69,5.69,5.61,5.61,290561
2005-03-08/00:00:00,5.61,5.61,5.61,5.61,176484
2005-03-09/00:00:00,5.69,5.69,5.41,5.53,514785
2005-03-12/00:00:00,5.69,5.88,5.61,5.78,6471214
2005-03-13/00:00:00,5.88,5.88,5.78,5.88,1050212
2005-03-15/00:00:00,5.94,5.98,5.94,5.98,2434243
2005-03-16/00:00:00,5.98,5.99,5.98,5.99,331944
2005-03-17/00:00:00,5.99,6.08,5.99,6.06,2093504
2005-03-21/00:00:00,6.34,6.66,6.34,6.66,4660470
2005-03-22/00:00:00,6.79,6.79,6.57,6.74,4522304
2005-03-23/00:00:00,6.68,6.79,6.38,6.66,3034535
2005-03-24/00:00:00,6.68,6.68,6.34,6.49,1799679
2005-03-26/00:00:00,6.66,6.66,6.14,6.36,1957408
2005-03-27/00:00:00,6.14,6.34,5.88,6.06,5761852
2005-03-28/00:00:00,6.14,6.14,6.06,6.08,3040205
2005-03-29/00:00:00,6.14,6.34,6.08,6.1,8156760
2005-03-30/00:00:00,6.17,6.36,6.14,6.22,1363175
2005-03-31/00:00:00,6.38,6.43,6.34,6.38,81879
2005-04-02/00:00:00,6.34,6.51,6.34,6.36,1119198
2005-04-03/00:00:00,6.54,6.54,6.51,6.54,395012
2005-04-04/00:00:00,6.57,6.77,6.57,6.66,1852237
2005-04-05/00:00:00,6.68,6.68,6.51,6.51,3125788
2005-04-06/00:00:00,6.68,6.68,6.43,6.54,71920
2005-04-07/00:00:00,6.57,6.57,6.17,6.38,382065
2005-04-09/00:00:00,6.51,6.51,6.51,6.51,27663
2005-04-10/00:00:00,6.57,6.77,6.57,6.68,2945435
2005-04-11/00:00:00,6.85,7.15,6.68,6.85,7896634
2005-04-12/00:00:00,7.15,7.39,7.15,7.24,6309672
2005-04-13/00:00:00,7.39,7.39,7.21,7.34,4049644
2005-04-14/00:00:00,7.39,7.39,7.21,7.28,295208
2005-04-16/00:00:00,7.21,7.31,7.21,7.24,3100620
2005-04-17/00:00:00,7.24,7.31,7.24,7.27,1659882
2005-04-18/00:00:00,7.21,7.24,7.05,7.21,1490698
2005-04-19/00:00:00,7.28,7.39,7.05,7.21,2996885
2005-04-20/00:00:00,7.21,7.31,7.15,7.21,193636
2005-04-23/00:00:00,7.34,7.68,7.34,7.57,724884
2005-04-24/00:00:00,8.13,8.33,7.87,8.33,4734138
2005-04-25/00:00:00,8.99,9.07,8.37,8.66,6327517
2005-04-26/00:00:00,8.66,8.86,8.45,8.66,2007009
2005-04-27/00:00:00,8.66,8.78,8.58,8.66,573709
2005-04-28/00:00:00,8.66,8.66,8.41,8.45,15882332
2005-04-30/00:00:00,8.58,9.3,8.58,8.95,1263757
2005-05-01/00:00:00,9.21,9.8,9.07,9.3,4381364
2005-05-02/00:00:00,9.21,9.39,8.95,9.21,1560683
2005-05-03/00:00:00,8.54,9.53,8.54,9.21,1345249
2005-05-04/00:00:00,8.66,8.86,8.54,8.75,1742698
2005-05-05/00:00:00,8.58,8.58,8.03,8.21,733039
2005-05-07/00:00:00,7.39,8.58,7.39,7.8,2312643
2005-05-08/00:00:00,8.33,8.58,8.33,8.41,576916
2005-05-09/00:00:00,8.86,9.21,8.86,9.07,3734905
2005-05-10/00:00:00,9.07,9.21,8.95,9.07,2594850
2005-05-11/00:00:00,9.07,9.07,8.86,8.99,3114979
2005-05-12/00:00:00,9.07,9.07,9.07,9.07,254494
2005-05-14/00:00:00,9.25,9.62,9.07,9.39,1597477
2005-05-15/00:00:00,9.07,9.21,9.07,9.21,1412305
2005-05-16/00:00:00,9.21,9.21,9.21,9.21,785596
2005-05-17/00:00:00,9.21,9.21,9.16,9.21,306492
2005-05-18/00:00:00,9.16,9.25,9.16,9.21,879097
2005-05-19/00:00:00,9.07,9.21,8.86,9.16,1471058
2005-05-21/00:00:00,8.54,9.07,8.54,8.66,1759294
2005-05-22/00:00:00,8.78,8.95,8.78,8.83,549361
2005-05-23/00:00:00,8.95,9.07,8.95,8.99,130012
2005-05-24/00:00:00,8.7,8.99,8.66,8.78,310364
2005-05-25/00:00:00,8.86,9.07,8.86,8.95,760151
2005-05-26/00:00:00,8.95,8.95,8.86,8.86,381735
2005-05-28/00:00:00,8.54,8.66,8.54,8.58,107611
2005-05-29/00:00:00,8.58,8.86,8.58,8.78,1086170
2005-05-30/00:00:00,8.78,8.78,8.58,8.75,116182
2005-05-31/00:00:00,8.58,8.75,8.58,8.66,1200525
2005-06-01/00:00:00,8.86,8.86,8.86,8.86,293215
2005-06-02/00:00:00,8.54,8.78,8.54,8.66,39561
2005-06-04/00:00:00,8.95,9.21,8.95,9.07,2324923
2005-06-05/00:00:00,9.07,9.16,8.95,9.07,1798018
2005-06-06/00:00:00,9.07,9.16,9.07,9.12,40938
2005-06-07/00:00:00,9.07,9.07,8.78,8.86,505106
2005-06-08/00:00:00,8.86,8.95,8.78,8.83,1742698
2005-06-09/00:00:00,9.07,9.07,9.07,9.07,1526935
2005-06-11/00:00:00,9.07,9.25,8.99,9.16,1537176
2005-06-12/00:00:00,9.07,9.21,8.95,9.07,1087861
2005-06-13/00:00:00,9.16,9.16,9.07,9.07,663886
2005-06-14/00:00:00,9.07,9.07,8.99,9.07,357815
2005-06-15/00:00:00,9.07,9.21,9.07,9.07,414930
2005-06-16/00:00:00,9.07,9.98,9.07,9.21,1311728
2005-06-18/00:00:00,9.39,9.53,9.21,9.39,285195
2005-06-19/00:00:00,9.84,9.98,9.21,9.53,691546
2005-06-20/00:00:00,9.21,9.62,9.21,9.39,118945
2005-06-21/00:00:00,9.53,9.53,9.21,9.25,2139095
2005-06-22/00:00:00,9.39,9.53,9.25,9.53,652822
2005-06-25/00:00:00,9.39,9.39,8.75,9.21,3042860
2005-06-26/00:00:00,9.16,9.21,9.07,9.21,229038
2005-06-27/00:00:00,9.25,9.25,9.07,9.21,1728312
2005-06-28/00:00:00,9.25,9.39,9.25,9.3,3753159
2005-06-29/00:00:00,9.07,9.21,9.07,9.21,1067748
2005-06-30/00:00:00,9.3,9.3,9.21,9.21,846447
2005-07-02/00:00:00,9.71,9.98,9.39,9.66,2448353
2005-07-03/00:00:00,9.71,9.8,9.62,9.66,2133838
2005-07-04/00:00:00,9.71,9.71,9.57,9.62,795230
2005-07-05/00:00:00,9.62,9.66,9.39,9.57,1649197
2005-07-06/00:00:00,9.62,9.62,8.78,9.25,4106405
2005-07-07/00:00:00,9.21,9.21,9.07,9.16,621839
2005-07-09/00:00:00,8.86,8.86,8.86,8.86,55326
2005-07-10/00:00:00,9.07,9.07,9.07,9.07,55326
2005-07-11/00:00:00,9.07,9.07,8.13,8.41,1245449
2005-07-12/00:00:00,8.45,8.66,8.45,8.58,457529
2005-07-13/00:00:00,8.66,8.66,8.66,8.66,5533
2005-07-14/00:00:00,8.03,8.86,8.03,8.78,462835
2005-07-17/00:00:00,8.13,8.66,7.91,7.98,247851
2005-07-18/00:00:00,8.13,8.13,7.8,7.91,758620
2005-07-19/00:00:00,8.37,8.66,8.37,8.66,776746
2005-07-20/00:00:00,8.66,8.66,8.13,8.21,376201
2005-07-23/00:00:00,8.03,8.33,8.03,8.03,44261
2005-07-25/00:00:00,8.33,8.33,8.13,8.21,120051
2005-07-26/00:00:00,8.83,8.83,8.13,8.66,11233
2005-07-27/00:00:00,8.33,8.45,8.13,8.16,925949
2005-07-28/00:00:00,8.99,8.99,8.13,8.13,107611
2005-07-30/00:00:00,7.96,7.96,7.96,7.96,58644
2005-07-31/00:00:00,7.34,7.42,7.21,7.28,1134139
2005-08-01/00:00:00,7.46,7.61,7.39,7.46,1118651
2005-08-02/00:00:00,7.39,7.68,7.39,7.5,679378
2005-08-03/00:00:00,7.76,8.13,7.76,8.03,796662
2005-08-04/00:00:00,7.68,8.13,7.68,8.06,308707
2005-08-06/00:00:00,7.76,7.76,7.76,7.76,19806
2005-08-07/00:00:00,8.03,8.13,8.03,8.13,276617
2005-08-08/00:00:00,7.76,7.8,7.72,7.76,1070513
2005-08-09/00:00:00,7.21,7.96,7.21,7.87,24898
2005-08-10/00:00:00,7.76,7.91,7.76,7.76,838320
2005-08-11/00:00:00,7.91,8.03,7.91,7.98,201764
2005-08-13/00:00:00,7.96,8.13,7.96,8.03,388925
2005-08-14/00:00:00,8.13,8.16,8.13,8.13,818794
2005-08-15/00:00:00,8.33,8.33,8.13,8.29,82986
2005-08-16/00:00:00,8.13,8.45,8.13,8.21,38173
2005-08-17/00:00:00,8.21,8.21,7.96,7.98,204586
2005-08-18/00:00:00,8.13,8.13,7.96,7.98,871072
2005-08-20/00:00:00,8.03,8.21,8.03,8.03,103343
2005-08-21/00:00:00,8.21,8.21,7.96,8.21,190865
2005-08-22/00:00:00,7.98,8.06,7.98,8.06,403312
2005-08-23/00:00:00,8.13,8.45,8.13,8.21,248625
2005-08-24/00:00:00,8.13,8.16,8.13,8.13,745763
2005-08-25/00:00:00,7.96,8.13,7.96,8.13,1523064
2005-08-27/00:00:00,8.03,8.21,8.03,8.1,280551
2005-08-28/00:00:00,8.45,8.54,8.45,8.45,580901
2005-08-30/00:00:00,8.21,8.45,8.21,8.33,205474
2005-09-01/00:00:00,8.33,8.33,8.21,8.29,107882
2005-09-03/00:00:00,8.03,8.13,8.03,8.06,277171
2005-09-04/00:00:00,8.33,8.66,8.33,8.45,727505
2005-09-05/00:00:00,8.45,8.45,8.33,8.37,429868
2005-09-07/00:00:00,8.45,8.45,8.33,8.41,781724
2005-09-08/00:00:00,8.45,8.58,8.45,8.58,242315
2005-09-11/00:00:00,8.66,8.66,8.45,8.66,863348
2005-09-12/00:00:00,8.33,8.37,8.33,8.33,910742
2005-09-13/00:00:00,8.66,9.07,8.58,8.75,1996081
2005-09-14/00:00:00,8.86,9.07,8.86,8.99,1704249
2005-09-15/00:00:00,9.07,9.07,8.37,8.41,63068
2005-09-17/00:00:00,8.66,8.66,8.66,8.66,56982
2005-09-18/00:00:00,8.78,8.86,8.58,8.66,1525856
2005-09-19/00:00:00,8.37,9.39,8.37,9.21,6126217
2005-09-20/00:00:00,9.62,9.84,9.44,9.62,8612976
2005-09-21/00:00:00,9.62,9.66,9.57,9.62,3557425
2005-09-22/00:00:00,9.62,9.71,9.62,9.66,2877887
2005-09-24/00:00:00,9.84,10.65,9.84,10.4,5457826
2005-09-25/00:00:00,10.8,11.4,10.65,10.9,4134150
2005-09-26/00:00:00,10.8,10.8,10.15,10.4,2017381
2005-09-27/00:00:00,9.71,10.45,9.71,10.25,212998
2005-09-28/00:00:00,10.5,10.65,10.45,10.6,1313609
2005-09-29/00:00:00,10.45,10.5,10.45,10.45,921139
2005-10-01/00:00:00,10.6,10.6,9.75,9.98,792234
2005-10-02/00:00:00,10.45,10.45,9.71,10.05,712570
2005-10-03/00:00:00,9.62,9.62,9.07,9.12,735805
2005-10-04/00:00:00,9.62,9.62,9.07,9.21,993613
2005-10-05/00:00:00,9.39,9.53,9.16,9.3,562090
2005-10-06/00:00:00,9.71,9.98,9.62,9.8,3313335
2005-10-08/00:00:00,9.98,10.15,9.71,9.93,3548077
2005-10-09/00:00:00,10.6,10.65,9.75,10.05,2276570
2005-10-10/00:00:00,10.2,10.6,9.66,10.25,2143445
2005-10-11/00:00:00,10.45,10.65,10.45,10.65,1217678
2005-10-12/00:00:00,10.65,10.8,10.6,10.65,259982
2005-10-13/00:00:00,10.8,10.8,10.55,10.65,588392
2005-10-15/00:00:00,10.7,10.7,10.6,10.65,1099282
2005-10-16/00:00:00,10.6,10.6,10.35,10.6,603029
2005-10-17/00:00:00,10.25,10.6,9.98,10.15,450903
2005-10-18/00:00:00,10.2,10.2,9.98,10.15,2489565
2005-10-19/00:00:00,9.98,10.35,9.98,10.2,51450
2005-10-20/00:00:00,10.45,10.45,10.4,10.4,910077
2005-10-22/00:00:00,10.2,10.5,10.2,10.45,118945
2005-10-23/00:00:00,10.5,10.6,10.5,10.6,223512
2005-10-24/00:00:00,10.65,10.65,10.65,10.65,141631
2005-10-25/00:00:00,10.6,10.6,10.5,10.6,637332
2005-10-26/00:00:00,10.65,10.65,10.45,10.55,1430117
2005-10-27/00:00:00,10.5,10.5,10.45,10.45,382840
2005-10-29/00:00:00,10.45,10.45,10.35,10.4,177587
2005-10-30/00:00:00,10.35,10.35,10.35,10.35,182567
2005-10-31/00:00:00,10.8,11.3,10.5,10.8,4172611
2005-11-01/00:00:00,11.15,11.35,10.8,11.1,5419499
2005-11-06/00:00:00,11.15,11.25,11.15,11.15,1977820
2005-11-07/00:00:00,11.3,11.3,11.15,11.15,319635
2005-11-08/00:00:00,11.15,11.3,11.15,11.15,664965
2005-11-09/00:00:00,11.15,11.85,11.15,11.6,5445681
2005-11-10/00:00:00,12.1,12.1,11.6,11.65,963186
2005-11-12/00:00:00,11.7,12.1,11.6,11.7,4044276
2005-11-13/00:00:00,11.7,11.7,11.15,11.4,505569
2005-11-14/00:00:00,11.6,11.8,11.6,11.65,2842549
2005-11-15/00:00:00,11.6,12.0,11.6,11.8,1488210
2005-11-16/00:00:00,11.7,11.9,11.35,11.8,4240007
2005-11-17/00:00:00,11.7,11.7,11.4,11.7,423505
2005-11-19/00:00:00,11.6,11.6,11.35,11.55,338862
2005-11-20/00:00:00,10.65,11.35,10.65,11.25,399268
2005-11-21/00:00:00,11.3,11.35,10.9,11.25,1156127
2005-11-22/00:00:00,11.15,11.15,10.8,10.9,1783305
2005-11-23/00:00:00,11.0,11.0,9.88,10.35,1641180
2005-11-24/00:00:00,10.35,10.75,10.35,10.4,427761
2005-11-26/00:00:00,10.15,10.15,10.15,10.15,241660
2005-11-27/00:00:00,10.15,10.15,10.15,10.15,159445
2005-11-28/00:00:00,10.15,10.15,10.05,10.15,780616
2005-11-29/00:00:00,10.15,10.8,10.1,10.45,6890439
2005-11-30/00:00:00,10.5,11.15,10.35,10.95,1315115
2005-12-01/00:00:00,10.8,11.7,10.55,11.15,1602465
2005-12-05/00:00:00,11.0,11.0,10.25,10.75,419833
2005-12-06/00:00:00,10.6,10.6,10.15,10.15,492934
2005-12-07/00:00:00,10.15,10.5,10.15,10.15,1156630
2005-12-08/00:00:00,9.98,10.35,9.98,10.25,155659
2005-12-10/00:00:00,9.98,10.15,9.98,10.15,17259
2005-12-11/00:00:00,10.15,10.8,10.15,10.45,1479911
2005-12-12/00:00:00,9.88,10.35,9.84,10.2,141077
2005-12-13/00:00:00,9.21,9.21,9.21,9.21,7801
2005-12-14/00:00:00,10.15,10.15,9.71,9.93,320323
2005-12-15/00:00:00,9.39,9.39,9.39,9.39,18259
2005-12-17/00:00:00,10.05,10.05,9.53,9.62,37900
2005-12-19/00:00:00,9.62,9.62,9.25,9.39,113083
2005-12-22/00:00:00,8.86,8.86,8.86,8.86,22130
2005-12-24/00:00:00,9.3,9.3,8.86,9.07,71920
2005-12-25/00:00:00,9.21,9.62,9.21,9.25,57646
2005-12-26/00:00:00,9.93,9.98,9.71,9.93,379192
2005-12-27/00:00:00,9.66,9.66,9.66,9.66,8854
2005-12-28/00:00:00,9.98,9.98,9.98,9.98,19364
2005-12-29/00:00:00,9.98,10.2,9.62,9.8,1645058
2005-12-31/00:00:00,10.35,10.7,9.62,10.6,991402
2006-01-02/00:00:00,10.7,10.7,10.35,10.6,172057
2006-01-03/00:00:00,10.15,10.35,10.15,10.15,303827
2006-01-08/00:00:00,10.55,10.55,10.35,10.4,16600
2006-01-12/00:00:00,9.62,10.55,9.62,9.62,30540
2006-01-15/00:00:00,9.98,9.98,9.98,9.98,27663
2006-01-16/00:00:00,9.98,10.15,9.71,9.93,265555
2006-01-17/00:00:00,9.62,9.66,9.62,9.62,558768
2006-01-18/00:00:00,9.62,10.5,9.62,10.35,331944
2006-01-19/00:00:00,9.66,9.66,9.62,9.66,21020
2006-01-21/00:00:00,9.98,9.98,9.66,9.98,151586
2006-01-22/00:00:00,9.8,9.8,9.8,9.8,35962
2006-01-23/00:00:00,9.88,9.93,9.75,9.84,120051
2006-01-24/00:00:00,10.15,10.15,9.39,9.39,5589
2006-01-25/00:00:00,9.62,9.62,9.53,9.57,201378
2006-01-28/00:00:00,9.39,9.39,9.39,9.39,88518
2006-01-29/00:00:00,9.39,9.39,8.58,8.75,127911
2006-01-30/00:00:00,9.39,9.39,8.13,8.58,1168490
2006-01-31/00:00:00,8.45,8.45,8.13,8.29,1609918
2006-02-02/00:00:00,8.54,9.07,8.45,8.78,558768
2006-02-04/00:00:00,8.78,8.78,8.45,8.58,1038427
2006-02-05/00:00:00,8.45,8.45,8.03,8.41,777853
2006-02-06/00:00:00,8.13,8.33,7.57,8.03,2295272
2006-02-07/00:00:00,7.91,7.91,7.8,7.87,853807
2006-02-08/00:00:00,7.76,8.13,7.61,7.65,8340049
2006-02-09/00:00:00,7.96,8.03,7.96,7.98,16045
2006-02-11/00:00:00,8.13,8.13,7.39,7.57,816025
2006-02-12/00:00:00,7.39,7.46,7.21,7.34,2803252
2006-02-13/00:00:00,7.8,8.1,7.8,8.03,12719587
2006-02-14/00:00:00,8.33,8.33,7.39,7.98,5606548
2006-02-15/00:00:00,7.61,7.68,7.61,7.68,56131
2006-02-16/00:00:00,7.76,8.41,7.61,8.29,2268638
2006-02-18/00:00:00,8.16,8.37,8.16,8.21,1886542
2006-02-19/00:00:00,8.21,8.21,8.13,8.21,719209
2006-02-20/00:00:00,8.16,8.29,8.13,8.16,1508788
2006-02-21/00:00:00,8.21,8.21,8.13,8.16,1652521
2006-02-22/00:00:00,8.03,8.03,7.91,7.98,741337
2006-02-23/00:00:00,8.03,8.03,7.91,7.91,343006
2006-02-26/00:00:00,8.03,8.13,8.03,8.06,544666
2006-02-27/00:00:00,7.96,7.96,7.96,7.96,82986
2006-02-28/00:00:00,7.87,7.91,7.76,7.8,1575789
2006-03-01/00:00:00,7.61,7.8,7.61,7.76,1434357
2006-03-02/00:00:00,7.61,7.61,7.61,7.61,304283
2006-03-04/00:00:00,7.61,7.61,7.57,7.61,879703
2006-03-06/00:00:00,7.05,8.13,7.05,8.03,165971
2006-03-07/00:00:00,7.76,7.76,7.61,7.68,27663
2006-03-08/00:00:00,7.87,7.87,7.61,7.68,276617
2006-03-09/00:00:00,7.61,7.61,7.61,7.61,96292
2006-03-11/00:00:00,7.24,7.61,7.24,7.61,55326
2006-03-12/00:00:00,7.61,7.96,7.46,7.84,389756
2006-03-13/00:00:00,7.21,7.76,7.21,7.39,64174
2006-03-14/00:00:00,7.21,8.03,7.05,7.42,1701459
2006-03-15/00:00:00,7.21,7.76,7.21,7.5,1791015
2006-03-16/00:00:00,7.68,8.13,7.68,7.91,337475
2006-03-18/00:00:00,8.37,8.37,7.96,8.13,499534
2006-03-19/00:00:00,8.29,8.29,7.96,8.06,442314
2006-03-20/00:00:00,8.13,8.7,7.8,8.41,1092655
2006-03-20/00:00:00,6.94,7.49,6.67,6.94,1174064
2006-03-21/00:00:00,7.96,8.58,7.96,8.21,955140
2006-03-22/00:00:00,8.21,8.41,8.21,8.29,114632
2006-03-28/00:00:00,8.86,8.86,8.21,8.25,36223
2006-03-29/00:00:00,8.66,8.75,8.33,8.66,17451
2006-03-30/00:00:00,8.7,8.7,8.33,8.54,133778
2006-04-01/00:00:00,8.86,8.86,8.7,8.83,24003
2006-04-02/00:00:00,8.41,8.78,8.41,8.54,609920
2006-04-03/00:00:00,8.83,8.99,8.83,8.95,1702609
2006-04-04/00:00:00,9.07,9.07,8.95,8.95,252786
2006-04-05/00:00:00,8.95,8.95,8.7,8.86,623882
2006-04-06/00:00:00,8.95,8.95,8.78,8.78,24685
2006-04-08/00:00:00,8.83,8.83,8.7,8.75,6747
2006-04-09/00:00:00,8.83,8.83,8.7,8.78,897181
2006-04-11/00:00:00,8.21,8.83,8.21,8.66,252672
2006-04-12/00:00:00,8.41,8.41,8.37,8.37,729848
2006-04-13/00:00:00,8.21,8.78,8.21,8.66,365223
2006-04-15/00:00:00,8.41,8.41,8.21,8.37,359519
2006-04-17/00:00:00,7.91,8.03,7.91,7.98,115031
2006-04-18/00:00:00,8.37,8.37,8.37,8.37,426
2006-04-19/00:00:00,8.03,8.03,7.76,7.76,59791
2006-04-20/00:00:00,7.98,8.03,7.87,7.91,117459
2006-04-22/00:00:00,7.46,7.87,7.46,7.46,111071
2006-04-23/00:00:00,7.42,7.5,7.42,7.46,415898
2006-04-24/00:00:00,7.28,7.5,7.28,7.46,6383
2006-04-25/00:00:00,6.79,7.5,6.79,7.01,300606
2006-04-26/00:00:00,6.66,7.07,6.66,6.82,23833
2006-04-27/00:00:00,7.05,7.05,6.54,6.79,356926
2006-04-29/00:00:00,6.79,6.85,6.79,6.79,45197
2006-04-30/00:00:00,6.98,6.98,6.36,6.38,20428
2006-05-01/00:00:00,6.38,6.77,6.38,6.43,623456
2006-05-02/00:00:00,7.05,7.05,6.9,7.05,86176
2006-05-03/00:00:00,6.77,6.98,6.38,6.77,344852
2006-05-04/00:00:00,6.79,6.79,6.68,6.79,14897
2006-05-06/00:00:00,7.21,7.28,6.36,6.97,214557
2006-05-07/00:00:00,6.36,6.98,6.36,6.36,44261
2006-05-08/00:00:00,6.68,6.68,6.68,6.68,85115
2006-05-09/00:00:00,6.38,6.98,6.36,6.51,2198139
2006-05-10/00:00:00,6.54,6.54,6.08,6.1,930459
2006-05-11/00:00:00,5.75,6.1,5.75,5.78,171402
2006-05-13/00:00:00,6.25,6.36,5.91,6.22,1103071
2006-05-14/00:00:00,6.36,6.38,5.98,6.3,1380327
2006-05-15/00:00:00,5.94,5.98,5.91,5.94,685272
2006-05-16/00:00:00,5.98,5.98,5.91,5.94,2055491
2006-05-17/00:00:00,6.1,6.1,5.94,5.98,1021915
2006-05-18/00:00:00,5.91,5.98,5.91,5.91,936245
2006-05-20/00:00:00,5.91,6.1,5.91,6.1,2352110
2006-05-21/00:00:00,6.1,6.1,5.53,5.61,67114
2006-05-22/00:00:00,5.91,5.94,5.91,5.94,246826
2006-05-23/00:00:00,5.75,5.88,5.75,5.75,180864
2006-05-24/00:00:00,5.75,5.75,5.75,5.75,212787
2006-05-25/00:00:00,5.75,5.83,5.75,5.78,1936367
2006-05-27/00:00:00,5.71,5.75,5.71,5.71,425569
2006-05-28/00:00:00,5.75,5.88,5.75,5.83,1838450
2006-05-29/00:00:00,5.98,6.08,5.88,5.91,1145072
2006-05-30/00:00:00,5.88,5.88,5.88,5.88,63837
2006-05-31/00:00:00,5.88,6.08,5.88,6.02,523026
2006-06-01/00:00:00,6.02,6.08,5.78,6.02,507704
2006-06-03/00:00:00,6.17,6.36,6.1,6.25,804495
2006-06-04/00:00:00,6.25,6.36,5.88,6.18,1298404
2006-06-05/00:00:00,6.18,6.18,6.1,6.1,85947
2006-06-06/00:00:00,6.08,6.25,5.94,6.06,72347
2006-06-07/00:00:00,5.83,5.83,5.83,5.83,5444
2006-06-08/00:00:00,5.69,6.08,5.58,5.71,309331
2006-06-10/00:00:00,5.63,5.88,5.63,5.88,870147
2006-06-11/00:00:00,5.88,5.88,5.88,5.88,136099
2006-06-12/00:00:00,5.83,5.83,5.63,5.69,1958969
2006-06-13/00:00:00,5.79,6.02,5.67,5.98,44248
2006-06-14/00:00:00,5.69,5.78,5.69,5.71,785921
2006-06-15/00:00:00,5.75,5.98,5.61,5.83,2115644
2006-06-18/00:00:00,5.71,5.71,5.71,5.71,1917
2006-06-19/00:00:00,5.69,5.69,5.61,5.63,55326
2006-06-20/00:00:00,5.75,5.78,5.71,5.71,217466
2006-06-21/00:00:00,5.67,5.88,5.63,5.71,207760
2006-06-22/00:00:00,5.86,5.98,5.67,5.91,306412
2006-06-24/00:00:00,5.71,5.88,5.63,5.75,398918
2006-06-25/00:00:00,5.88,5.88,5.78,5.83,229252
2006-06-26/00:00:00,5.69,5.69,5.67,5.67,178168
2006-06-27/00:00:00,5.63,5.83,5.63,5.71,208025
2006-06-28/00:00:00,5.75,5.75,5.75,5.75,8509
2006-06-29/00:00:00,5.61,5.98,5.61,5.83,480893
2006-07-01/00:00:00,5.67,5.67,5.67,5.67,8509
2006-07-02/00:00:00,5.88,5.88,5.88,5.88,4255
2006-07-03/00:00:00,5.44,5.83,5.44,5.78,126010
2006-07-04/00:00:00,5.51,5.88,5.51,5.71,340451
2006-07-05/00:00:00,5.61,5.61,5.61,5.61,21279
2006-07-06/00:00:00,5.83,5.83,5.83,5.83,1153
2006-07-08/00:00:00,5.83,5.98,5.69,5.79,512768
2006-07-09/00:00:00,5.88,5.88,5.83,5.88,466134
2006-07-10/00:00:00,5.88,5.88,5.71,5.83,361734
2006-07-11/00:00:00,5.61,5.75,5.61,5.67,72347
2006-07-12/00:00:00,5.63,5.78,5.61,5.78,226831
2006-07-13/00:00:00,5.69,5.78,5.69,5.69,389947
2006-07-15/00:00:00,5.61,5.61,5.61,5.61,42559
2006-07-18/00:00:00,5.71,5.71,5.61,5.69,41108
2006-07-20/00:00:00,5.53,5.75,5.53,5.67,339160
2006-07-22/00:00:00,5.67,5.69,5.61,5.67,139825
2006-07-24/00:00:00,5.67,5.67,5.61,5.61,33530
2006-07-25/00:00:00,5.71,5.71,5.61,5.71,11064
2006-07-27/00:00:00,5.26,5.41,5.26,5.35,104264
2006-07-29/00:00:00,5.41,5.53,5.27,5.39,177208
2006-07-30/00:00:00,5.61,5.61,5.61,5.61,4255
2006-08-01/00:00:00,5.53,5.53,5.41,5.51,88518
2006-08-02/00:00:00,5.61,5.61,5.61,5.61,21279
2006-08-03/00:00:00,5.41,6.18,5.29,5.79,362430
2006-08-05/00:00:00,5.86,5.88,5.61,5.71,87369
2006-08-06/00:00:00,5.75,5.86,5.75,5.83,12767
2006-08-07/00:00:00,5.63,5.69,5.63,5.67,14897
2006-08-08/00:00:00,5.71,5.71,5.71,5.71,25532
2006-08-09/00:00:00,5.86,5.86,5.86,5.86,4255
2006-08-10/00:00:00,5.71,5.78,5.71,5.71,231936
2006-08-12/00:00:00,5.63,5.63,5.61,5.61,212787
2006-08-13/00:00:00,5.58,5.58,5.29,5.44,272108
2006-08-14/00:00:00,5.41,5.41,5.32,5.36,693691
2006-08-15/00:00:00,5.35,5.35,5.29,5.32,178738
2006-08-16/00:00:00,5.39,5.41,5.35,5.39,112096
2006-08-17/00:00:00,5.39,5.41,5.39,5.39,9745
2006-08-19/00:00:00,5.41,5.56,5.41,5.41,22174
2006-08-20/00:00:00,5.53,5.53,5.35,5.39,56644
2006-08-22/00:00:00,5.39,5.41,5.39,5.39,133798
2006-08-23/00:00:00,5.41,5.41,5.39,5.41,232616
2006-08-24/00:00:00,5.46,5.53,5.39,5.53,143702
2006-08-26/00:00:00,5.53,5.75,5.53,5.61,147334
2006-08-27/00:00:00,5.61,5.69,5.61,5.61,112977
2006-08-28/00:00:00,5.69,5.71,5.69,5.71,81423
2006-08-29/00:00:00,5.75,5.79,5.69,5.71,591779
2006-08-30/00:00:00,5.79,5.79,5.61,5.71,548979
2006-08-31/00:00:00,5.79,5.79,5.71,5.71,120010
2006-09-02/00:00:00,5.83,5.83,5.71,5.71,32197
2006-09-03/00:00:00,5.78,6.3,5.63,6.02,753626
2006-09-04/00:00:00,6.18,6.57,5.88,6.06,107243
2006-09-05/00:00:00,6.17,6.36,6.17,6.25,657505
2006-09-06/00:00:00,6.36,6.43,6.14,6.27,192638
2006-09-07/00:00:00,6.54,6.54,6.25,6.46,1190987
2006-09-09/00:00:00,6.54,6.54,6.54,6.54,62986
2006-09-10/00:00:00,6.36,6.54,6.36,6.38,557150
2006-09-11/00:00:00,6.46,6.54,6.36,6.49,98307
2006-09-12/00:00:00,6.54,6.54,6.54,6.54,136178
2006-09-13/00:00:00,6.54,6.54,6.36,6.43,872415
2006-09-14/00:00:00,6.54,6.54,6.38,6.51,22770
2006-09-16/00:00:00,6.51,6.54,6.36,6.36,276617
2006-09-18/00:00:00,6.36,6.36,6.1,6.14,86338
2006-09-19/00:00:00,6.1,6.49,6.1,6.18,640905
2006-09-20/00:00:00,6.1,6.1,6.1,6.1,21279
2006-09-21/00:00:00,5.99,5.99,5.98,5.99,164624
2006-09-25/00:00:00,5.67,5.75,5.67,5.71,3248
2006-09-26/00:00:00,6.1,6.1,6.1,6.1,4681
2006-09-27/00:00:00,6.1,6.1,6.1,6.1,42559
2006-09-28/00:00:00,5.98,5.98,5.98,5.98,4255
2006-10-01/00:00:00,5.88,6.1,5.83,5.91,36170
2006-10-02/00:00:00,5.88,5.88,5.88,5.88,36170
2006-10-03/00:00:00,6.08,6.36,5.88,6.08,705206
2006-10-04/00:00:00,5.91,5.91,5.91,5.91,4255
2006-10-08/00:00:00,5.69,5.69,5.67,5.69,49878
2006-10-09/00:00:00,5.69,5.91,5.67,5.71,305454
2006-10-10/00:00:00,5.86,5.88,5.86,5.88,323430
2006-10-11/00:00:00,5.71,5.88,5.71,5.88,413652
2006-10-12/00:00:00,5.88,5.88,5.88,5.88,148948
2006-10-15/00:00:00,5.69,5.69,5.58,5.61,219551
2006-10-16/00:00:00,5.46,5.71,5.39,5.41,527040
2006-10-17/00:00:00,5.83,5.88,5.46,5.71,168526
2006-10-18/00:00:00,5.46,5.46,5.26,5.35,202061
2006-10-19/00:00:00,5.61,5.61,5.23,5.35,345562
2006-10-29/00:00:00,5.39,5.39,5.39,5.39,29791
2006-10-30/00:00:00,5.39,5.39,5.23,5.26,121224
2006-10-31/00:00:00,5.26,5.39,5.26,5.32,5105
2006-11-01/00:00:00,5.16,5.16,5.16,5.16,8211
2006-11-02/00:00:00,5.13,5.13,5.07,5.07,148948
2006-11-05/00:00:00,5.16,5.29,5.16,5.27,24685
2006-11-06/00:00:00,5.07,5.07,5.07,5.07,21279
2006-11-07/00:00:00,5.07,5.07,5.07,5.07,25532
2006-11-08/00:00:00,5.1,5.1,4.88,4.93,23407
2006-11-09/00:00:00,4.93,5.13,4.93,4.93,579127
2006-11-12/00:00:00,4.95,4.95,4.95,4.95,19150
2006-11-13/00:00:00,4.95,4.98,4.8,4.9,764896
2006-11-14/00:00:00,4.7,4.93,4.7,4.83,262077
2006-11-16/00:00:00,4.7,4.77,4.7,4.7,94261
2006-11-21/00:00:00,4.7,4.7,4.59,4.61,148948
2006-11-22/00:00:00,4.48,4.48,4.48,4.48,231554
2006-11-23/00:00:00,4.48,4.48,4.48,4.48,75839
2006-11-26/00:00:00,4.36,4.61,4.36,4.45,154890
2006-11-27/00:00:00,4.48,4.48,4.4,4.46,110137
2006-11-28/00:00:00,4.4,4.7,4.38,4.42,445912
2006-11-29/00:00:00,4.38,4.38,4.36,4.36,532058
2006-11-30/00:00:00,4.36,4.46,4.36,4.36,434078
2006-12-04/00:00:00,4.33,4.33,4.33,4.33,3235
2006-12-05/00:00:00,4.25,4.36,4.17,4.2,2567245
2006-12-06/00:00:00,4.4,4.4,4.4,4.4,425569
2006-12-07/00:00:00,4.4,4.5,4.4,4.45,783482
2006-12-10/00:00:00,4.42,4.54,4.42,4.48,16833
2006-12-11/00:00:00,4.48,4.59,4.48,4.48,1589878
2006-12-12/00:00:00,4.48,4.5,4.42,4.48,1230317
2006-12-13/00:00:00,4.5,4.5,4.48,4.48,23536
2006-12-14/00:00:00,4.69,4.79,4.54,4.69,585580
2006-12-17/00:00:00,4.38,4.9,4.38,4.7,225337
2006-12-18/00:00:00,4.7,4.98,4.48,4.77,1633904
2006-12-19/00:00:00,4.93,4.93,4.59,4.69,352539
2006-12-20/00:00:00,4.77,4.79,4.7,4.77,1785030
2006-12-21/00:00:00,4.8,4.8,4.7,4.77,971719
2006-12-24/00:00:00,4.7,4.77,4.7,4.77,3340705
2006-12-25/00:00:00,4.71,4.74,4.7,4.71,1063917
2006-12-26/00:00:00,4.7,4.74,4.7,4.71,1260147
2006-12-27/00:00:00,4.77,5.16,4.77,4.88,1889925
2006-12-28/00:00:00,4.88,5.07,4.88,4.88,110732
2007-01-03/00:00:00,4.93,5.13,4.93,4.95,85838
2007-01-04/00:00:00,5.39,5.46,5.39,5.44,1702269
2007-01-07/00:00:00,5.41,5.53,5.41,5.44,800790
2007-01-09/00:00:00,5.46,5.53,5.46,5.49,85115
2007-01-10/00:00:00,5.44,5.44,5.41,5.41,1149031
2007-01-11/00:00:00,5.44,5.46,5.41,5.41,164204
2007-01-14/00:00:00,5.16,5.16,4.99,5.07,538339
2007-01-15/00:00:00,5.16,5.26,5.16,5.19,693662
2007-01-16/00:00:00,5.32,5.49,5.32,5.39,312707
2007-01-17/00:00:00,5.44,5.61,5.41,5.53,937313
2007-01-18/00:00:00,5.41,5.61,5.41,5.61,31916
2007-01-22/00:00:00,5.61,5.71,5.56,5.61,594410
2007-01-23/00:00:00,5.69,5.88,5.61,5.69,4105897
2007-01-24/00:00:00,5.53,5.83,5.53,5.79,3004505
2007-01-25/00:00:00,5.86,5.98,5.56,5.86,3484300
2007-01-29/00:00:00,5.88,5.98,5.78,5.88,921653
2007-01-30/00:00:00,5.98,5.98,5.67,5.75,396843
2007-01-31/00:00:00,5.61,5.71,5.53,5.61,1757914
2007-02-01/00:00:00,5.35,5.61,5.32,5.44,175245
2007-02-04/00:00:00,5.71,5.71,5.46,5.53,22299
2007-02-05/00:00:00,5.53,5.61,5.53,5.56,30588
2007-02-06/00:00:00,5.49,5.67,5.49,5.61,640
2007-02-07/00:00:00,5.49,5.69,5.46,5.69,1209391
2007-02-08/00:00:00,5.75,5.78,5.61,5.71,360156
2007-02-11/00:00:00,5.75,5.88,5.71,5.83,1162698
2007-02-12/00:00:00,5.78,5.88,5.75,5.83,937019
2007-02-13/00:00:00,5.71,5.83,5.71,5.71,5320
2007-02-14/00:00:00,5.83,5.83,5.69,5.83,553391
2007-02-15/00:00:00,5.83,5.88,5.83,5.88,2575745
2007-02-18/00:00:00,5.83,5.83,5.49,5.69,1634780
2007-02-19/00:00:00,5.69,5.83,5.69,5.71,440460
2007-02-20/00:00:00,5.86,5.98,5.86,5.91,297811
2007-02-21/00:00:00,5.75,5.91,5.75,5.86,1752814
2007-02-22/00:00:00,5.83,5.88,5.83,5.88,694234
2007-02-25/00:00:00,5.61,5.71,5.41,5.61,1087327
2007-02-26/00:00:00,5.75,5.88,5.71,5.86,2053041
2007-02-27/00:00:00,5.86,5.88,5.86,5.88,1201246
2007-02-28/00:00:00,5.75,5.88,5.75,5.86,1411152
2007-03-01/00:00:00,5.75,5.88,5.75,5.88,1273558
2007-03-05/00:00:00,5.78,5.88,5.78,5.88,2121667
2007-03-06/00:00:00,5.88,5.88,5.83,5.88,793100
2007-03-07/00:00:00,5.88,5.88,5.75,5.78,34555
2007-03-08/00:00:00,5.88,5.88,5.78,5.88,145574
2007-03-11/00:00:00,5.83,5.88,5.78,5.83,465737
2007-03-12/00:00:00,5.75,5.98,5.61,5.75,2358439
2007-03-13/00:00:00,5.98,6.1,5.88,5.91,2204189
2007-03-14/00:00:00,5.98,5.98,5.83,5.88,182256
2007-03-15/00:00:00,5.75,5.91,5.75,5.88,975324
2007-03-18/00:00:00,5.75,5.83,5.75,5.78,1168283
2007-03-19/00:00:00,5.83,5.83,5.83,5.83,2359029
2007-03-20/00:00:00,5.71,5.75,5.56,5.71,2149294
2007-03-25/00:00:00,5.32,5.35,5.16,5.23,1742497
2007-03-26/00:00:00,5.44,5.44,5.1,5.16,151780
2007-03-27/00:00:00,5.39,5.39,5.07,5.09,689929
2007-03-28/00:00:00,4.99,4.99,4.93,4.95,3983311
2007-03-29/00:00:00,5.04,5.07,4.93,4.95,85088
2007-04-01/00:00:00,4.9,4.93,4.9,4.9,767139
2007-04-02/00:00:00,4.9,4.9,4.9,4.9,659630
2007-04-03/00:00:00,4.71,4.74,4.71,4.71,126858
2007-04-04/00:00:00,4.83,4.9,4.77,4.88,304457
2007-04-05/00:00:00,5.04,5.16,4.9,4.99,705102
2007-04-08/00:00:00,5.19,5.19,5.07,5.16,201325
2007-04-09/00:00:00,5.2,5.35,5.16,5.19,701192
2007-04-10/00:00:00,5.16,5.32,5.16,5.26,1972320
2007-04-11/00:00:00,5.27,5.58,5.27,5.41,1029719
2007-04-12/00:00:00,5.53,5.83,5.53,5.75,1972272
2007-04-15/00:00:00,5.83,6.06,5.63,5.86,600988
2007-04-16/00:00:00,5.98,6.02,5.94,5.99,709531
2007-04-17/00:00:00,5.94,6.54,5.94,6.08,1816186
2007-04-18/00:00:00,6.08,6.18,6.08,6.14,2002781
2007-04-19/00:00:00,6.08,6.3,6.08,6.1,718057
2007-04-22/00:00:00,6.1,6.1,6.1,6.1,163679
2007-04-23/00:00:00,5.94,6.1,5.94,5.98,98699
2007-04-24/00:00:00,5.83,6.1,5.83,6.06,132256
2007-04-25/00:00:00,6.08,6.1,5.83,5.91,411332
2007-04-26/00:00:00,5.99,6.18,5.67,5.83,220970
2007-04-29/00:00:00,5.83,5.83,5.51,5.58,783681
2007-04-30/00:00:00,5.83,5.83,5.56,5.61,114767
2007-05-01/00:00:00,5.58,5.63,5.49,5.53,1549875
2007-05-02/00:00:00,5.53,5.63,5.53,5.61,106391
2007-05-03/00:00:00,5.63,5.83,5.63,5.69,469177
2007-05-06/00:00:00,5.94,6.27,5.83,6.14,692191
2007-05-07/00:00:00,6.1,6.14,6.08,6.1,1145528
2007-05-08/00:00:00,5.86,6.1,5.83,6.08,1856448
2007-05-09/00:00:00,6.08,6.14,6.08,6.1,2026433
2007-05-10/00:00:00,6.3,6.3,6.14,6.18,671210
2007-05-13/00:00:00,6.25,6.25,6.18,6.22,374170
2007-05-14/00:00:00,6.25,6.25,6.1,6.22,2346841
2007-05-15/00:00:00,6.1,6.3,6.1,6.18,473772
2007-05-16/00:00:00,6.14,6.14,6.08,6.1,744340
2007-05-17/00:00:00,5.91,6.36,5.91,6.08,153925
2007-05-20/00:00:00,5.94,6.1,5.94,6.08,72016
2007-05-21/00:00:00,6.1,6.25,5.94,6.08,489547
2007-05-22/00:00:00,6.08,6.1,5.94,5.99,707097
2007-05-23/00:00:00,5.94,6.36,5.94,6.3,1801567
2007-05-24/00:00:00,6.14,6.63,6.14,6.49,2845375
2007-05-27/00:00:00,6.66,7.13,6.66,7.07,3297187
2007-05-28/00:00:00,6.74,6.9,6.74,6.77,647851
2007-05-29/00:00:00,6.74,6.74,6.38,6.54,290642
2007-05-30/00:00:00,6.74,6.93,6.68,6.77,870450
2007-05-31/00:00:00,6.74,6.74,6.54,6.74,149785
2007-06-03/00:00:00,6.54,6.54,6.54,6.54,203644
2007-06-04/00:00:00,6.54,6.68,6.54,6.54,39809
2007-06-05/00:00:00,6.71,6.71,6.49,6.54,137688
2007-06-06/00:00:00,6.46,6.74,6.3,6.43,520172
2007-06-07/00:00:00,6.3,6.66,6.3,6.54,507358
2007-06-10/00:00:00,6.74,6.74,6.74,6.74,69400
2007-06-11/00:00:00,6.54,6.54,6.46,6.49,391831
2007-06-12/00:00:00,6.68,6.68,6.1,6.36,1752977
2007-06-13/00:00:00,6.38,6.38,6.38,6.38,48124
2007-06-14/00:00:00,6.54,6.6,6.38,6.51,812506
2007-06-17/00:00:00,6.38,6.49,6.38,6.43,47466
2007-06-18/00:00:00,6.57,6.57,6.38,6.49,1749081
2007-06-19/00:00:00,6.51,6.66,6.51,6.51,906016
2007-06-20/00:00:00,6.57,6.57,6.42,6.51,354013
2007-06-21/00:00:00,6.51,6.54,6.43,6.51,62497
2007-06-24/00:00:00,6.42,6.49,6.38,6.38,1376482
2007-06-25/00:00:00,6.38,6.38,6.38,6.38,65468
2007-06-26/00:00:00,6.38,6.38,6.3,6.3,149603
2007-06-27/00:00:00,6.38,6.38,6.38,6.38,6546
2007-06-28/00:00:00,6.27,6.27,6.18,6.22,760658
2007-07-01/00:00:00,6.18,6.38,6.17,6.18,28807
2007-07-02/00:00:00,6.38,6.46,6.25,6.38,507137
2007-07-03/00:00:00,6.51,6.51,6.49,6.51,22096
2007-07-04/00:00:00,6.38,6.38,6.36,6.38,63837
2007-07-05/00:00:00,6.27,6.27,6.25,6.25,73929
2007-07-08/00:00:00,6.25,6.36,6.18,6.27,162043
2007-07-09/00:00:00,6.43,6.43,6.38,6.42,56899
2007-07-10/00:00:00,6.43,6.46,6.3,6.42,411955
2007-07-11/00:00:00,6.49,6.49,6.27,6.36,174455
2007-07-12/00:00:00,6.3,6.3,6.25,6.27,475612
2007-07-15/00:00:00,6.27,6.27,6.27,6.27,89153
2007-07-16/00:00:00,6.27,6.3,6.27,6.27,64490
2007-07-17/00:00:00,6.27,6.3,6.25,6.27,110885
2007-07-18/00:00:00,6.42,6.42,6.14,6.25,198053
2007-07-19/00:00:00,6.27,6.27,6.08,6.22,70573
2007-07-23/00:00:00,6.1,6.14,6.1,6.1,72016
2007-07-24/00:00:00,6.1,6.14,6.1,6.1,99647
2007-07-25/00:00:00,6.18,6.27,6.18,6.25,772568
2007-07-26/00:00:00,6.14,6.27,6.14,6.17,231347
2007-07-29/00:00:00,6.18,6.18,5.61,6.1,851133
2007-07-30/00:00:00,5.99,5.99,5.69,5.75,895404
2007-07-31/00:00:00,5.98,6.1,5.86,5.98,550293
2007-08-01/00:00:00,5.86,5.86,5.69,5.83,86255
2007-08-02/00:00:00,5.86,5.88,5.83,5.86,18004
2007-08-05/00:00:00,5.94,5.94,5.91,5.91,1963
2007-08-06/00:00:00,5.94,5.98,5.83,5.88,114904
2007-08-07/00:00:00,5.86,5.88,5.86,5.88,1951226
2007-08-08/00:00:00,5.88,5.91,5.88,5.88,356824
2007-08-09/00:00:00,5.98,5.98,5.75,5.88,981
2007-08-12/00:00:00,5.88,5.94,5.83,5.94,490155
2007-08-13/00:00:00,5.83,5.88,5.83,5.83,790572
2007-08-14/00:00:00,5.79,5.83,5.79,5.83,1349209
2007-08-15/00:00:00,5.94,5.94,5.71,5.83,1120270
2007-08-16/00:00:00,5.71,5.71,5.63,5.69,275965
2007-08-19/00:00:00,5.91,5.91,5.56,5.61,457443
2007-08-20/00:00:00,5.83,5.83,5.56,5.56,74435
2007-08-21/00:00:00,5.75,5.75,5.71,5.71,82165
2007-08-22/00:00:00,5.75,5.75,5.51,5.53,979131
2007-08-23/00:00:00,5.71,5.83,5.71,5.79,17352
2007-08-26/00:00:00,5.56,5.79,5.56,5.79,890569
2007-08-27/00:00:00,5.83,5.83,5.83,5.83,739701
2007-08-28/00:00:00,5.83,5.83,5.69,5.71,181639
2007-08-29/00:00:00,5.83,5.83,5.71,5.75,65468
2007-08-30/00:00:00,5.75,5.75,5.75,5.75,7504
2007-09-02/00:00:00,5.69,5.78,5.69,5.78,34951
2007-09-03/00:00:00,5.67,5.78,5.67,5.75,16138
2007-09-04/00:00:00,5.69,5.69,5.67,5.67,195386
2007-09-05/00:00:00,5.67,5.67,5.61,5.61,98209
2007-09-06/00:00:00,5.61,5.69,5.61,5.61,24484
2007-09-09/00:00:00,5.71,5.71,5.71,5.71,327
2007-09-10/00:00:00,5.53,5.61,5.51,5.53,252427
2007-09-11/00:00:00,5.63,5.83,5.63,5.71,1636795
2007-09-12/00:00:00,5.83,5.83,5.83,5.83,6546
2007-09-13/00:00:00,5.71,5.83,5.67,5.67,73328
2007-09-16/00:00:00,5.83,5.83,5.83,5.83,327
2007-09-17/00:00:00,5.71,5.79,5.69,5.69,99938
2007-09-18/00:00:00,5.83,5.83,5.71,5.79,253706
2007-09-19/00:00:00,5.83,5.83,5.71,5.75,40811
2007-09-20/00:00:00,5.83,5.83,5.83,5.83,17352
2007-09-23/00:00:00,5.71,5.71,5.71,5.71,19446
2007-09-24/00:00:00,5.67,5.78,5.67,5.71,343728
2007-09-25/00:00:00,5.67,5.71,5.67,5.69,48284
2007-09-26/00:00:00,5.71,5.83,5.71,5.83,280147
2007-09-27/00:00:00,5.79,5.79,5.79,5.79,54830
2007-09-30/00:00:00,5.61,5.71,5.61,5.63,65792
2007-10-01/00:00:00,5.79,5.94,5.79,5.83,992224
2007-10-02/00:00:00,5.75,6.08,5.75,5.88,503148
2007-10-03/00:00:00,5.83,5.88,5.83,5.83,306235
2007-10-04/00:00:00,5.94,5.94,5.88,5.91,115459
2007-10-07/00:00:00,5.88,5.91,5.86,5.88,703221
2007-10-08/00:00:00,5.83,5.94,5.79,5.83,2855901
2007-10-09/00:00:00,5.83,5.94,5.75,5.86,476116
2007-10-10/00:00:00,5.94,6.1,5.94,6.08,1691631
2007-10-16/00:00:00,6.18,6.38,6.18,6.3,3883308
2007-10-17/00:00:00,6.54,6.79,6.49,6.68,4382126
2007-10-18/00:00:00,6.79,6.93,6.74,6.85,1256672
2007-10-21/00:00:00,6.98,7.5,6.98,7.42,2556677
2007-10-22/00:00:00,7.21,7.46,6.98,7.05,111256
2007-10-23/00:00:00,6.98,7.21,6.98,7.01,688672
2007-10-24/00:00:00,7.18,7.46,7.18,7.34,906072
2007-10-25/00:00:00,7.01,7.34,7.01,7.21,1060646
2007-10-28/00:00:00,7.01,7.21,6.98,7.1,520371
2007-10-29/00:00:00,7.07,7.18,7.07,7.1,1088406
2007-10-30/00:00:00,7.01,7.01,6.97,6.98,601734
2007-10-31/00:00:00,7.01,7.05,6.98,7.01,1932763
2007-11-01/00:00:00,7.18,7.34,7.18,7.31,6147153
2007-11-04/00:00:00,7.54,7.54,7.21,7.28,11786
2007-11-05/00:00:00,7.28,7.28,7.21,7.21,635177
2007-11-06/00:00:00,7.31,7.34,7.15,7.21,1272239
2007-11-07/00:00:00,7.21,7.34,6.85,7.15,1937661
2007-11-08/00:00:00,7.01,7.05,6.97,6.98,429980
2007-11-11/00:00:00,6.97,6.98,6.93,6.98,64820
2007-11-12/00:00:00,6.98,7.01,6.9,6.98,348357
2007-11-13/00:00:00,7.01,7.01,6.82,6.97,215286
2007-11-14/00:00:00,6.97,6.97,6.93,6.97,566887
2007-11-15/00:00:00,7.01,7.05,6.82,7.01,1068592
2007-11-18/00:00:00,7.15,7.15,6.9,6.98,314618
2007-11-19/00:00:00,6.98,7.21,6.98,7.07,414586
2007-11-20/00:00:00,6.98,6.98,6.98,6.98,65468
2007-11-21/00:00:00,7.01,7.01,6.98,7.01,1665686
2007-11-22/00:00:00,6.98,6.98,6.77,6.79,1474751
2007-11-25/00:00:00,6.77,6.77,6.6,6.66,959233
2007-11-26/00:00:00,6.66,6.74,6.66,6.71,115127
2007-11-27/00:00:00,6.77,6.77,6.6,6.66,407593
2007-11-28/00:00:00,6.97,6.97,6.63,6.66,1183249
2007-11-29/00:00:00,6.74,6.74,6.74,6.74,328191
2007-12-04/00:00:00,7.01,7.01,6.85,6.98,1301955
2007-12-05/00:00:00,6.85,7.24,6.85,7.18,5899524
2007-12-06/00:00:00,7.18,7.18,7.01,7.18,2659355
2007-12-09/00:00:00,6.98,7.21,6.98,7.15,3245384
2007-12-10/00:00:00,6.97,7.21,6.97,7.15,1656662
2007-12-11/00:00:00,7.1,7.15,7.05,7.07,1728041
2007-12-12/00:00:00,7.13,7.18,7.07,7.13,1212423
2007-12-13/00:00:00,7.05,7.1,7.05,7.07,1193532
2007-12-16/00:00:00,7.01,7.18,7.01,7.15,887698
2007-12-17/00:00:00,7.01,7.13,7.01,7.05,313610
2007-12-23/00:00:00,6.98,6.98,6.98,6.98,2080612
2007-12-24/00:00:00,7.01,7.01,6.97,6.97,857754
2007-12-25/00:00:00,7.01,7.01,6.98,6.98,1704234
2007-12-26/00:00:00,6.98,6.98,6.97,6.97,2832765
2007-12-27/00:00:00,6.98,7.01,6.98,7.01,52893
2007-12-30/00:00:00,6.98,6.98,6.98,6.98,338167
2007-12-31/00:00:00,6.93,6.98,6.93,6.93,171864
2008-01-02/00:00:00,7.07,7.07,6.93,7.07,210441
2008-01-03/00:00:00,7.01,7.07,7.01,7.05,202763
2008-01-06/00:00:00,6.93,7.21,6.93,7.1,1484200
2008-01-07/00:00:00,7.61,7.61,7.1,7.21,2748119
2008-01-08/00:00:00,7.07,7.21,7.07,7.18,1418796
2008-01-09/00:00:00,7.05,7.21,7.05,7.13,104982
2008-01-13/00:00:00,7.21,7.72,7.21,7.46,3153912
2008-01-14/00:00:00,7.68,7.8,7.5,7.72,1151308
2008-01-15/00:00:00,7.61,8.13,7.61,7.91,6793143
2008-01-16/00:00:00,8.06,8.06,7.68,7.8,2211068
2008-01-17/00:00:00,7.91,7.91,7.34,7.68,659618
2008-01-20/00:00:00,7.05,7.34,7.01,7.28,485564
2008-01-21/00:00:00,7.31,7.34,7.21,7.31,1758810
2008-01-22/00:00:00,7.13,7.13,6.57,6.66,3509844
2008-01-23/00:00:00,7.15,7.28,7.05,7.21,1520361
2008-01-24/00:00:00,7.21,7.37,7.01,7.21,2678380
2008-01-27/00:00:00,7.42,7.42,7.27,7.34,574869
2008-01-29/00:00:00,7.46,7.5,7.07,7.31,337740
2008-01-30/00:00:00,7.46,7.46,7.34,7.39,1219361
2008-01-31/00:00:00,7.57,7.8,7.05,7.28,4626163
2008-02-03/00:00:00,7.21,7.5,7.21,7.27,5878436
2008-02-04/00:00:00,7.21,7.46,7.21,7.34,544429
2008-02-05/00:00:00,7.28,7.46,7.28,7.39,138053
2008-02-06/00:00:00,7.28,7.28,7.28,7.28,32733
2008-02-07/00:00:00,7.34,7.5,7.31,7.46,18331348
2008-02-10/00:00:00,7.31,7.34,7.27,7.31,2713040
2008-02-11/00:00:00,7.42,7.42,7.21,7.21,604581
2008-02-12/00:00:00,7.21,7.28,7.01,7.15,3522180
2008-02-13/00:00:00,7.46,7.46,7.01,7.07,372862
2008-02-14/00:00:00,7.21,7.28,7.21,7.27,67114
2008-02-17/00:00:00,7.34,7.34,7.15,7.27,113596
2008-02-18/00:00:00,7.1,7.1,6.98,7.05,2003627
2008-02-19/00:00:00,7.01,7.05,6.85,6.98,2137329
2008-02-20/00:00:00,7.15,7.21,7.01,7.07,845501
2008-02-21/00:00:00,7.07,7.15,7.05,7.07,1769638
2008-02-24/00:00:00,7.18,7.21,7.18,7.21,428684
2008-02-25/00:00:00,7.18,7.21,7.18,7.21,595792
2008-02-26/00:00:00,7.28,7.28,6.98,7.01,2023682
2008-02-27/00:00:00,7.07,7.07,6.98,7.01,1349612
2008-02-28/00:00:00,6.98,7.01,6.85,6.98,1084163
2008-03-02/00:00:00,6.97,7.07,6.85,6.93,1140472
2008-03-03/00:00:00,6.98,6.98,6.85,6.97,18630
2008-03-04/00:00:00,7.01,7.18,7.01,7.05,441013
2008-03-05/00:00:00,6.93,7.05,6.93,7.01,1011310
2008-03-06/00:00:00,7.13,7.21,7.07,7.15,1237420
2008-03-09/00:00:00,7.15,7.15,7.05,7.1,94280
2008-03-10/00:00:00,7.07,7.1,7.07,7.07,56813
2008-03-11/00:00:00,7.13,7.13,7.01,7.01,2084224
2008-03-12/00:00:00,7.05,7.05,6.98,6.98,991947
2008-03-13/00:00:00,7.01,7.01,6.93,6.97,1511339
2008-03-16/00:00:00,7.24,7.24,7.21,7.21,132400
2008-03-17/00:00:00,7.21,7.21,7.15,7.21,434780
2008-03-18/00:00:00,7.21,7.24,6.93,7.13,2420049
2008-03-19/00:00:00,7.21,7.24,7.21,7.21,135674
2008-03-23/00:00:00,7.24,7.24,7.21,7.24,2883602
2008-03-24/00:00:00,7.21,7.24,7.21,7.21,2567747
2008-03-25/00:00:00,7.39,7.39,7.21,7.21,74267
2008-03-26/00:00:00,7.21,7.39,7.21,7.24,19389
2008-03-27/00:00:00,7.24,7.39,7.24,7.34,65555
2008-03-30/00:00:00,7.37,7.37,7.21,7.34,1776624
2008-03-31/00:00:00,7.31,7.31,7.21,7.24,834912
2008-04-01/00:00:00,7.34,7.39,7.31,7.37,183240
2008-04-02/00:00:00,7.31,7.46,7.31,7.37,3495221
2008-04-03/00:00:00,7.42,7.46,7.42,7.46,1339446
2008-04-06/00:00:00,7.5,7.57,7.39,7.57,732883
2008-04-07/00:00:00,7.37,7.39,7.27,7.34,359000
2008-04-08/00:00:00,7.21,7.5,7.21,7.46,750668
2008-04-09/00:00:00,7.46,7.57,7.46,7.5,575776
2008-04-10/00:00:00,7.57,7.8,7.57,7.68,4152539
2008-04-13/00:00:00,7.68,8.03,7.68,7.8,2539615
2008-04-14/00:00:00,7.96,8.03,7.76,7.87,2168361
2008-04-15/00:00:00,7.8,7.8,7.8,7.8,316742
2008-04-16/00:00:00,7.72,7.84,7.68,7.76,1268857
2008-04-17/00:00:00,7.87,8.03,7.87,7.91,2905229
2008-04-20/00:00:00,7.87,8.03,7.84,8.03,2403765
2008-04-21/00:00:00,7.91,8.03,7.91,7.96,977777
2008-04-22/00:00:00,8.13,8.13,7.76,7.96,4646595
2008-04-23/00:00:00,7.96,7.96,7.61,7.8,2859356
2008-04-24/00:00:00,7.68,7.91,7.68,7.76,874302
2008-04-27/00:00:00,7.68,7.96,7.68,7.8,1164234
2008-04-28/00:00:00,7.96,7.96,7.68,7.8,1132573
2008-04-29/00:00:00,7.8,7.91,7.8,7.8,1863673
2008-04-30/00:00:00,7.72,7.91,7.72,7.84,244382
2008-05-01/00:00:00,7.96,8.03,7.96,8.03,3668991
2008-05-04/00:00:00,8.03,8.33,8.03,8.13,707793
2008-05-05/00:00:00,8.13,8.29,8.13,8.16,2077821
2008-05-06/00:00:00,8.33,8.33,8.03,8.13,3155314
2008-05-07/00:00:00,8.21,8.21,8.13,8.13,522333
2008-05-08/00:00:00,7.96,8.21,7.96,8.16,2651374
2008-05-11/00:00:00,8.03,8.21,7.98,8.13,1490419
2008-05-12/00:00:00,8.21,8.21,8.13,8.16,3076886
2008-05-13/00:00:00,8.16,8.21,8.13,8.16,2053883
2008-05-14/00:00:00,8.16,8.21,8.16,8.16,1023624
2008-05-15/00:00:00,8.21,8.21,8.16,8.21,1657088
2008-05-18/00:00:00,8.16,8.16,8.1,8.13,2875749
2008-05-19/00:00:00,8.13,8.13,7.96,8.03,655891
2008-05-20/00:00:00,7.96,8.03,7.96,7.96,2793013
2008-05-21/00:00:00,7.98,8.1,7.91,7.96,2762699
2008-05-22/00:00:00,8.03,8.13,8.03,8.06,3644046
2008-05-25/00:00:00,8.03,8.21,7.96,8.03,3181905
2008-05-26/00:00:00,8.13,8.13,7.91,7.98,1374388
2008-05-27/00:00:00,7.96,8.13,7.96,8.03,1022497
2008-05-28/00:00:00,7.96,8.03,7.96,7.98,1023023
2008-05-29/00:00:00,7.96,8.13,7.96,8.06,620737
2008-06-01/00:00:00,8.13,8.13,8.03,8.06,659201
2008-06-02/00:00:00,8.13,8.21,8.13,8.13,1502407
2008-06-03/00:00:00,8.21,8.33,8.16,8.21,1257830
2008-06-04/00:00:00,8.21,8.21,8.13,8.21,1254252
2008-06-05/00:00:00,8.21,8.33,8.16,8.21,681555
2008-06-08/00:00:00,8.25,8.25,8.03,8.13,1572339
2008-06-09/00:00:00,8.06,8.13,8.03,8.06,1831771
2008-06-10/00:00:00,8.03,8.03,7.96,8.03,2853628
2008-06-11/00:00:00,7.91,8.13,7.91,8.13,2696513
2008-06-12/00:00:00,8.13,8.13,8.03,8.06,3266138
2008-06-15/00:00:00,8.13,8.13,8.03,8.06,1506576
2008-06-16/00:00:00,8.13,8.13,8.13,8.13,148792
2008-06-17/00:00:00,8.13,8.13,8.03,8.13,311844
2008-06-18/00:00:00,8.13,8.13,8.06,8.1,753133
2008-06-19/00:00:00,8.06,8.13,8.06,8.13,1080488
2008-06-22/00:00:00,8.13,8.13,8.03,8.03,348264
2008-06-23/00:00:00,8.06,8.13,8.03,8.03,1703885
2008-06-24/00:00:00,8.06,8.06,7.96,7.98,1896034
2008-06-25/00:00:00,7.96,8.03,7.96,7.96,538753
2008-06-26/00:00:00,8.06,8.06,7.87,7.91,568552
2008-06-29/00:00:00,7.96,7.96,7.61,7.8,767379
2008-06-30/00:00:00,7.98,8.41,7.96,8.03,490186
2008-07-01/00:00:00,7.76,7.96,7.76,7.91,1142954
2008-07-02/00:00:00,7.8,8.33,7.76,7.91,776152
2008-07-03/00:00:00,7.96,8.03,7.96,7.96,952833
2008-07-06/00:00:00,7.91,7.91,7.84,7.91,4196
2008-07-07/00:00:00,7.76,7.76,7.68,7.68,193888
2008-07-08/00:00:00,7.68,7.68,7.46,7.61,1852440
2008-07-09/00:00:00,7.46,7.57,7.46,7.57,461186
2008-07-10/00:00:00,7.57,7.76,7.57,7.57,104237
2008-07-13/00:00:00,7.39,7.76,7.39,7.5,505948
2008-07-14/00:00:00,7.39,7.61,7.39,7.54,170645
2008-07-15/00:00:00,7.57,7.76,7.57,7.57,529525
2008-07-16/00:00:00,7.57,7.57,7.54,7.57,584598
2008-07-17/00:00:00,7.57,7.91,7.57,7.68,1225579
2008-07-20/00:00:00,7.57,7.91,7.57,7.8,634050
2008-07-21/00:00:00,7.96,8.03,7.96,8.03,1490802
2008-07-22/00:00:00,7.96,7.98,7.8,7.91,89573
2008-07-23/00:00:00,7.76,8.03,7.76,7.91,1205508
2008-07-24/00:00:00,8.13,8.13,7.8,8.03,767721
2008-07-27/00:00:00,8.33,8.33,7.98,8.13,362097
2008-07-29/00:00:00,7.8,8.03,7.8,8.03,2827266
2008-07-30/00:00:00,8.03,8.29,8.03,8.13,1093764
2008-08-03/00:00:00,8.29,8.33,8.21,8.29,602366
2008-08-04/00:00:00,8.29,8.29,8.25,8.29,268675
2008-08-05/00:00:00,8.16,8.16,7.76,7.98,255506
2008-08-06/00:00:00,7.76,7.76,7.65,7.76,959145
2008-08-07/00:00:00,7.96,7.96,7.61,7.68,815488
2008-08-10/00:00:00,7.61,7.61,7.42,7.57,2721997
2008-08-11/00:00:00,7.21,7.21,7.1,7.21,1221173
2008-08-12/00:00:00,6.98,6.98,6.82,6.87,1149389
2008-08-13/00:00:00,6.9,7.39,6.85,6.9,2604588
2008-08-14/00:00:00,6.79,6.9,6.79,6.82,3549485
2008-08-17/00:00:00,7.46,7.46,6.79,6.82,512494
2008-08-18/00:00:00,6.9,6.9,6.77,6.79,960402
2008-08-19/00:00:00,6.85,6.85,6.77,6.79,383224
2008-08-20/00:00:00,6.79,6.79,6.74,6.79,1981263
2008-08-21/00:00:00,6.79,6.79,6.71,6.77,906222
2008-08-24/00:00:00,6.77,6.98,6.77,6.9,744733
2008-08-25/00:00:00,6.98,6.98,6.85,6.9,1197021
2008-08-26/00:00:00,6.82,6.82,6.57,6.66,3022902
2008-08-27/00:00:00,6.51,6.79,6.43,6.66,5402660
2008-08-28/00:00:00,6.68,6.79,6.68,6.79,1143364
2008-08-31/00:00:00,6.77,6.77,6.54,6.66,1969076
2008-09-01/00:00:00,6.63,6.63,6.6,6.63,921191
2008-09-02/00:00:00,6.46,6.66,6.43,6.6,1669495
2008-09-03/00:00:00,6.63,6.63,6.6,6.6,90799
2008-09-04/00:00:00,6.6,6.6,6.51,6.54,234286
2008-09-07/00:00:00,6.43,6.43,6.36,6.43,3616354
2008-09-08/00:00:00,6.43,6.6,6.43,6.43,525911
2008-09-09/00:00:00,6.43,6.49,6.43,6.43,180854
2008-09-10/00:00:00,6.46,6.46,6.18,6.38,1399619
2008-09-11/00:00:00,6.1,6.36,6.08,6.25,998130
2008-09-14/00:00:00,6.25,6.25,6.1,6.14,852616
2008-09-15/00:00:00,5.86,5.86,5.71,5.79,380008
2008-09-16/00:00:00,5.69,5.83,5.67,5.69,2870295
2008-09-17/00:00:00,5.53,5.99,5.53,5.88,1193723
2008-09-18/00:00:00,5.86,6.06,5.36,5.67,3037473
2008-09-21/00:00:00,6.08,6.1,5.99,6.08,2955807
2008-09-22/00:00:00,6.08,6.27,5.69,5.98,2088796
2008-09-23/00:00:00,5.98,5.98,5.53,5.63,3615081
2008-09-24/00:00:00,5.58,5.58,5.36,5.39,864974
2008-09-25/00:00:00,5.39,5.39,5.29,5.32,5712571
2008-09-28/00:00:00,5.35,5.69,5.35,5.53,2029920
2008-09-29/00:00:00,5.56,5.86,5.53,5.61,1333738
2008-10-05/00:00:00,5.32,5.36,5.13,5.32,948985
2008-10-06/00:00:00,5.29,5.29,4.77,4.88,1618559
2008-10-07/00:00:00,4.88,4.88,4.4,4.46,1503658
2008-10-08/00:00:00,4.01,4.1,4.01,4.03,4131720
2008-10-09/00:00:00,4.17,4.2,3.66,3.98,5223119
2008-10-12/00:00:00,3.8,4.07,3.72,3.86,2189412
2008-10-13/00:00:00,4.25,4.25,4.23,4.25,3422765
2008-10-14/00:00:00,4.69,4.69,4.69,4.69,2657118
2008-10-15/00:00:00,4.93,4.93,4.36,4.48,1770808
2008-10-16/00:00:00,4.36,4.59,4.17,4.46,418558
2008-10-19/00:00:00,4.71,4.86,4.54,4.7,1070655
2008-10-20/00:00:00,5.09,5.09,4.79,4.95,1045021
2008-10-21/00:00:00,5.1,5.23,5.1,5.16,2571733
2008-10-22/00:00:00,5.51,5.51,4.8,5.1,1708031
2008-10-23/00:00:00,4.69,5.2,4.63,4.8,1807943
2008-10-26/00:00:00,4.46,4.48,4.33,4.38,3000836
2008-10-27/00:00:00,4.28,4.36,4.1,4.25,551082
2008-10-28/00:00:00,4.09,4.17,4.09,4.12,1640893
2008-10-29/00:00:00,4.53,4.53,4.31,4.48,2150941
2008-10-30/00:00:00,4.28,4.4,4.28,4.33,271383
2008-11-02/00:00:00,4.59,4.66,4.59,4.61,1224237
2008-11-03/00:00:00,4.61,4.99,4.61,4.9,804947
2008-11-04/00:00:00,5.1,5.13,5.1,5.1,3643784
2008-11-05/00:00:00,5.29,5.53,5.29,5.44,3215222
2008-11-06/00:00:00,5.46,5.46,4.98,5.27,567206
2008-11-09/00:00:00,4.74,4.93,4.74,4.77,855205
2008-11-10/00:00:00,4.9,4.9,4.5,4.61,833006
2008-11-11/00:00:00,4.31,4.53,4.25,4.31,986458
2008-11-12/00:00:00,3.9,4.17,3.9,4.03,1311858
2008-11-13/00:00:00,3.8,4.17,3.8,3.98,296132
2008-11-16/00:00:00,3.98,4.17,3.86,4.05,2011120
2008-11-17/00:00:00,4.05,4.33,4.05,4.15,963261
2008-11-18/00:00:00,4.28,4.36,4.01,4.12,932013
2008-11-19/00:00:00,4.17,4.4,4.15,4.28,402252
2008-11-20/00:00:00,4.36,4.36,3.98,4.09,168115
2008-11-23/00:00:00,4.09,4.09,4.09,4.09,100310
2008-11-24/00:00:00,4.09,4.09,3.83,3.9,455568
2008-11-25/00:00:00,3.85,4.07,3.85,3.96,745928
2008-11-26/00:00:00,3.9,3.98,3.9,3.96,328947
2008-11-27/00:00:00,3.98,3.98,3.9,3.98,233598
2008-11-30/00:00:00,4.15,4.38,3.98,4.03,808137
2008-12-01/00:00:00,3.96,3.98,3.8,3.86,2704184
2008-12-11/00:00:00,3.8,3.8,3.47,3.55,2567341
2008-12-14/00:00:00,3.33,3.41,3.3,3.31,2568037
2008-12-15/00:00:00,3.31,3.41,3.28,3.32,1037716
2008-12-16/00:00:00,3.37,3.46,3.36,3.39,608782
2008-12-17/00:00:00,3.45,3.47,3.41,3.45,872119
2008-12-18/00:00:00,3.47,3.47,3.41,3.41,836013
2008-12-21/00:00:00,3.6,3.6,3.37,3.4,173002
2008-12-22/00:00:00,3.37,3.37,3.31,3.37,17897
2008-12-23/00:00:00,3.22,3.31,3.22,3.22,245101
2008-12-24/00:00:00,3.05,3.2,3.05,3.19,54670
2008-12-25/00:00:00,3.1,3.1,3.04,3.05,185428
2008-12-29/00:00:00,3.1,3.12,3.0,3.09,120098
2008-12-30/00:00:00,3.1,3.14,3.06,3.09,719871
2008-12-31/00:00:00,3.14,3.39,3.14,3.36,577695
2009-01-05/00:00:00,3.7,3.7,3.7,3.7,1296001
2009-01-06/00:00:00,3.96,3.98,3.8,3.93,419476
2009-01-07/00:00:00,3.98,3.98,3.7,3.81,791705
2009-01-08/00:00:00,3.67,3.8,3.64,3.74,168265
2009-01-11/00:00:00,3.88,3.88,3.79,3.81,45571
2009-01-12/00:00:00,3.79,3.8,3.61,3.73,3972493
2009-01-13/00:00:00,3.55,3.65,3.55,3.6,2304463
2009-01-14/00:00:00,3.48,3.48,3.48,3.48,618755
2009-01-15/00:00:00,3.26,3.26,3.2,3.22,1270230
2009-01-18/00:00:00,2.94,3.02,2.91,2.99,952388
2009-01-19/00:00:00,3.11,3.12,3.02,3.03,686273
2009-01-20/00:00:00,3.1,3.1,2.84,2.92,1129810
2009-01-21/00:00:00,2.73,2.73,2.62,2.67,460067
2009-01-22/00:00:00,2.67,2.71,2.67,2.68,483640
2009-01-25/00:00:00,2.67,2.84,2.67,2.77,94124
2009-01-26/00:00:00,2.96,3.02,2.96,3.01,163649
2009-01-27/00:00:00,3.02,3.22,3.02,3.17,326440
2009-01-28/00:00:00,3.22,3.3,3.22,3.24,1213678
2009-01-29/00:00:00,3.23,3.23,3.07,3.19,365580
2009-02-01/00:00:00,3.03,3.04,3.02,3.03,180807
2009-02-03/00:00:00,3.02,3.02,2.82,2.88,397651
2009-02-04/00:00:00,2.75,2.88,2.74,2.79,493717
2009-02-05/00:00:00,3.06,3.06,3.03,3.06,2364980
2009-02-08/00:00:00,2.85,3.1,2.84,3.0,232510
2009-02-09/00:00:00,2.96,3.06,2.96,3.01,258440
2009-02-10/00:00:00,3.03,3.03,2.92,2.95,340836
2009-02-11/00:00:00,3.02,3.06,2.92,3.01,251809
2009-02-12/00:00:00,3.1,3.1,3.02,3.06,778710
2009-02-15/00:00:00,3.1,3.1,3.1,3.1,31673
2009-02-16/00:00:00,3.06,3.06,3.06,3.06,52790
2009-02-17/00:00:00,3.06,3.06,3.02,3.06,32731
2009-02-18/00:00:00,3.06,3.1,3.06,3.09,2964360
2009-02-19/00:00:00,3.19,3.29,3.19,3.21,368739
2009-02-22/00:00:00,3.26,3.26,3.26,3.26,31147
2009-02-23/00:00:00,3.22,3.41,3.22,3.28,238971
2009-02-24/00:00:00,3.12,3.22,3.12,3.14,131975
2009-02-25/00:00:00,3.11,3.29,3.1,3.14,392438
2009-02-26/00:00:00,3.22,3.26,3.2,3.21,151718
2009-03-01/00:00:00,3.3,3.3,3.3,3.3,736072
2009-03-02/00:00:00,3.3,3.3,3.26,3.28,128018
2009-03-03/00:00:00,3.26,3.28,3.16,3.23,618669
2009-03-04/00:00:00,3.41,3.41,3.25,3.37,113500
2009-03-05/00:00:00,3.37,3.41,3.33,3.39,567759
2009-03-09/00:00:00,3.2,3.55,3.2,3.28,521718
2009-03-10/00:00:00,3.37,3.48,3.37,3.45,160769
2009-03-11/00:00:00,3.6,3.6,3.57,3.59,30457
2009-03-12/00:00:00,3.45,3.45,3.3,3.31,873350
2009-03-15/00:00:00,3.31,3.31,3.23,3.31,254977
2009-03-16/00:00:00,3.03,3.3,3.03,3.19,317534
2009-03-17/00:00:00,3.1,3.39,3.1,3.28,211129
2009-03-18/00:00:00,3.37,3.6,3.34,3.46,1678563
2009-03-19/00:00:00,3.46,3.71,3.46,3.47,907469
2009-03-22/00:00:00,3.41,3.5,3.14,3.45,558305
2009-03-23/00:00:00,3.41,3.51,3.39,3.46,45328
2009-03-24/00:00:00,3.44,3.59,3.44,3.54,575491
2009-03-25/00:00:00,3.51,3.58,3.25,3.51,214266
2009-03-26/00:00:00,3.51,3.51,3.37,3.47,1266296
2009-03-29/00:00:00,3.52,3.55,3.45,3.51,449197
2009-03-30/00:00:00,3.45,3.45,3.45,3.45,11998
2009-03-31/00:00:00,3.44,3.54,3.33,3.47,772361
2009-04-01/00:00:00,3.47,3.6,3.47,3.56,916564
2009-04-02/00:00:00,3.72,3.87,3.72,3.81,1845293
2009-04-05/00:00:00,4.17,4.17,3.96,4.09,479912
2009-04-06/00:00:00,4.09,4.4,4.09,4.28,812906
2009-04-07/00:00:00,4.25,4.28,4.17,4.2,545811
2009-04-08/00:00:00,4.23,4.23,4.09,4.1,112878
2009-04-09/00:00:00,4.17,4.17,4.12,4.16,862854
2009-04-12/00:00:00,3.98,4.23,3.98,4.2,145293
2009-04-13/00:00:00,4.06,4.42,4.06,4.29,1836225
2009-04-14/00:00:00,4.28,4.31,4.28,4.29,1285444
2009-04-15/00:00:00,4.29,4.46,4.28,4.38,1800167
2009-04-16/00:00:00,4.4,4.42,4.38,4.4,1083184
2009-04-19/00:00:00,4.38,4.56,4.38,4.38,351722
2009-04-20/00:00:00,4.2,4.25,4.1,4.19,739838
2009-04-21/00:00:00,4.17,4.17,3.87,3.97,838948
2009-04-22/00:00:00,4.0,4.05,3.83,3.96,361411
2009-04-23/00:00:00,3.93,3.93,3.89,3.9,74931
2009-04-26/00:00:00,3.84,3.9,3.84,3.9,395949
2009-04-27/00:00:00,3.83,3.83,3.52,3.61,79187
2009-04-28/00:00:00,3.61,3.63,3.55,3.55,185970
2009-04-29/00:00:00,3.67,3.75,3.67,3.71,19197
2009-04-30/00:00:00,4.06,4.06,3.83,3.9,593116
2009-05-03/00:00:00,3.86,3.87,3.8,3.82,471805
2009-05-04/00:00:00,3.89,3.89,3.89,3.89,58660
2009-05-05/00:00:00,3.9,3.97,3.9,3.96,341030
2009-05-06/00:00:00,3.96,4.05,3.96,4.02,251953
2009-05-07/00:00:00,4.04,4.4,4.04,4.25,2377621
2009-05-10/00:00:00,4.38,4.38,4.19,4.28,334187
2009-05-11/00:00:00,4.19,4.2,4.09,4.09,712797
2009-05-12/00:00:00,3.98,4.04,3.98,4.01,572239
2009-05-13/00:00:00,4.0,4.01,3.93,3.98,438706
2009-05-14/00:00:00,3.83,4.16,3.83,4.02,839414
2009-05-17/00:00:00,4.1,4.1,3.96,4.0,127109
2009-05-18/00:00:00,4.04,4.04,4.0,4.03,74386
2009-05-19/00:00:00,3.98,4.0,3.96,3.98,726736
2009-05-20/00:00:00,3.98,4.0,3.98,4.0,1335105
2009-05-21/00:00:00,4.07,4.07,4.0,4.04,481155
2009-05-24/00:00:00,4.04,4.04,3.9,3.98,698440
2009-05-26/00:00:00,3.9,3.9,3.87,3.9,169788
2009-05-27/00:00:00,3.9,4.0,3.9,3.93,510914
2009-05-28/00:00:00,3.98,3.98,3.9,3.92,1975149
2009-05-31/00:00:00,3.88,3.93,3.88,3.9,3210283
2009-06-01/00:00:00,3.9,3.98,3.9,3.93,289724
2009-06-02/00:00:00,3.96,3.98,3.9,3.95,1352625
2009-06-03/00:00:00,3.89,4.0,3.83,3.95,1206161
2009-06-04/00:00:00,4.0,4.09,3.96,4.0,1657312
2009-06-07/00:00:00,4.09,4.1,4.04,4.09,412110
2009-06-08/00:00:00,4.09,4.09,3.9,4.04,324882
2009-06-09/00:00:00,4.0,4.04,4.0,4.02,946936
2009-06-10/00:00:00,4.06,4.13,4.04,4.09,668990
2009-06-11/00:00:00,4.04,4.4,4.04,4.29,3258305
2009-06-14/00:00:00,4.56,4.7,4.56,4.7,1497311
2009-06-15/00:00:00,4.59,4.7,4.33,4.61,1182223
2009-06-16/00:00:00,4.38,4.5,4.38,4.38,1150974
2009-06-17/00:00:00,4.33,4.42,4.33,4.38,806841
2009-06-18/00:00:00,4.17,4.46,4.04,4.19,738398
2009-06-21/00:00:00,4.17,4.2,4.17,4.17,698897
2009-06-22/00:00:00,4.25,4.38,4.17,4.23,2227041
2009-06-23/00:00:00,3.96,4.17,3.88,4.09,1690186
2009-06-24/00:00:00,4.1,4.1,4.09,4.09,159612
2009-06-25/00:00:00,4.09,4.15,4.04,4.06,848623
2009-06-28/00:00:00,4.15,4.15,3.67,3.96,12704
2009-06-29/00:00:00,4.04,4.04,4.04,4.04,23669
2009-06-30/00:00:00,4.0,4.17,4.0,4.09,291788
2009-07-01/00:00:00,4.1,4.19,4.1,4.11,1128711
2009-07-02/00:00:00,4.17,4.36,4.17,4.25,840167
2009-07-05/00:00:00,4.25,4.25,3.96,4.15,97916
2009-07-06/00:00:00,4.17,4.17,4.09,4.14,356433
2009-07-07/00:00:00,3.96,4.12,3.96,4.02,137375
2009-07-08/00:00:00,4.12,4.12,4.04,4.09,173444
2009-07-09/00:00:00,4.12,4.17,4.12,4.14,982327
2009-07-12/00:00:00,4.1,4.1,4.09,4.09,506786
2009-07-13/00:00:00,4.15,4.15,4.04,4.1,413404
2009-07-14/00:00:00,4.09,4.23,4.09,4.19,896522
2009-07-15/00:00:00,4.2,4.31,4.19,4.25,675615
2009-07-16/00:00:00,4.28,4.29,4.28,4.29,140530
2009-07-20/00:00:00,4.29,4.59,4.29,4.53,725748
2009-07-21/00:00:00,4.56,4.56,4.56,4.56,95983
2009-07-22/00:00:00,4.59,4.7,4.59,4.61,758234
2009-07-23/00:00:00,4.63,4.74,4.61,4.7,1079785
2009-07-26/00:00:00,4.28,4.74,4.28,4.71,47628
2009-07-27/00:00:00,4.74,4.88,4.74,4.8,1207991
2009-07-28/00:00:00,4.79,5.07,4.79,5.02,847630
2009-07-29/00:00:00,5.29,5.41,5.13,5.32,1757309
2009-07-30/00:00:00,5.46,5.83,5.46,5.78,2023907
2009-08-02/00:00:00,5.61,5.69,5.61,5.63,1415740
2009-08-03/00:00:00,5.58,5.83,5.56,5.69,3889129
2009-08-04/00:00:00,5.83,5.83,5.69,5.83,1315331
2009-08-05/00:00:00,5.71,5.98,5.56,5.75,1476088
2009-08-06/00:00:00,5.67,5.71,5.67,5.69,16077
2009-08-09/00:00:00,5.86,5.94,5.67,5.69,254113
2009-08-10/00:00:00,5.53,5.78,5.53,5.67,107133
2009-08-11/00:00:00,5.53,5.67,5.53,5.63,669898
2009-08-12/00:00:00,5.56,5.69,5.53,5.61,845004
2009-08-13/00:00:00,5.61,5.75,5.61,5.69,224675
2009-08-16/00:00:00,5.71,5.75,5.67,5.69,137507
2009-08-17/00:00:00,5.67,5.67,5.41,5.46,59990
2009-08-18/00:00:00,5.63,5.63,5.58,5.61,315309
2009-08-19/00:00:00,5.71,5.75,5.49,5.58,574846
2009-08-20/00:00:00,5.56,5.56,5.56,5.56,69914
2009-08-23/00:00:00,5.58,5.61,5.56,5.58,49642
2009-08-24/00:00:00,5.58,5.58,5.46,5.53,284445
2009-08-25/00:00:00,5.56,5.56,5.41,5.53,36689
2009-08-26/00:00:00,5.63,5.63,5.61,5.61,620349
2009-08-27/00:00:00,5.67,5.67,5.58,5.61,429804
2009-08-30/00:00:00,5.63,5.83,5.61,5.67,371978
2009-08-31/00:00:00,5.78,5.78,5.67,5.67,227165
2009-09-01/00:00:00,5.75,5.78,5.75,5.75,308016
2009-09-02/00:00:00,5.29,5.69,5.29,5.51,436720
2009-09-03/00:00:00,5.58,5.69,5.56,5.67,208761
2009-09-06/00:00:00,5.61,5.83,5.61,5.71,1102994
2009-09-07/00:00:00,5.75,5.83,5.75,5.79,1759243
2009-09-08/00:00:00,5.83,5.86,5.71,5.83,1153861
2009-09-09/00:00:00,6.02,6.02,5.69,5.83,2350518
2009-09-10/00:00:00,5.75,5.83,5.67,5.78,1334570
2009-09-13/00:00:00,5.69,5.69,5.69,5.69,54155
2009-09-14/00:00:00,5.61,5.67,5.61,5.63,774740
2009-09-15/00:00:00,5.67,5.67,5.61,5.63,345888
2009-09-16/00:00:00,5.67,5.79,5.67,5.71,911002
2009-09-17/00:00:00,5.83,6.06,5.78,5.83,1749898
2009-09-23/00:00:00,5.83,5.86,5.83,5.83,1339567
2009-09-24/00:00:00,5.71,5.83,5.69,5.75,448940
2009-09-27/00:00:00,5.71,5.75,5.69,5.71,392696
2009-09-28/00:00:00,5.71,5.71,5.61,5.69,709230
2009-09-29/00:00:00,5.75,5.75,5.61,5.69,681596
2009-09-30/00:00:00,5.63,5.83,5.61,5.69,1697600
2009-10-01/00:00:00,5.63,5.63,5.51,5.56,468128
2009-10-04/00:00:00,5.49,5.61,5.49,5.56,2593204
2009-10-05/00:00:00,5.56,5.69,5.53,5.58,966544
2009-10-06/00:00:00,5.69,5.78,5.61,5.63,406021
2009-10-07/00:00:00,5.67,5.83,5.63,5.71,3781127
2009-10-08/00:00:00,5.71,5.75,5.67,5.69,665376
2009-10-11/00:00:00,5.75,5.94,5.75,5.86,1588921
2009-10-12/00:00:00,5.98,5.99,5.91,5.94,563897
2009-10-13/00:00:00,5.91,5.94,5.86,5.88,756330
2009-10-14/00:00:00,5.91,5.94,5.83,5.86,1654658
2009-10-15/00:00:00,5.99,5.99,5.83,5.83,1873962
2009-10-18/00:00:00,5.83,5.83,5.78,5.79,275950
2009-10-19/00:00:00,5.69,5.75,5.69,5.75,204922
2009-10-20/00:00:00,5.71,5.83,5.71,5.75,614006
2009-10-21/00:00:00,5.83,5.83,5.83,5.83,239357
2009-10-22/00:00:00,5.83,5.83,5.61,5.67,1906107
2009-10-25/00:00:00,5.78,5.79,5.69,5.75,2286646
2009-10-26/00:00:00,5.67,5.83,5.63,5.79,1208153
2009-10-28/00:00:00,5.79,5.86,5.69,5.83,1071610
2009-10-29/00:00:00,5.61,5.67,5.56,5.61,2692383
2009-11-01/00:00:00,5.41,5.49,5.23,5.41,3043033
2009-11-02/00:00:00,5.41,5.61,5.41,5.58,624558
2009-11-03/00:00:00,5.44,5.51,5.41,5.41,431942
2009-11-04/00:00:00,5.44,5.58,5.44,5.53,240822
2009-11-05/00:00:00,5.49,5.53,5.44,5.51,696210
2009-11-08/00:00:00,5.44,5.51,5.41,5.46,281508
2009-11-09/00:00:00,5.51,5.51,5.51,5.51,447497
2009-11-10/00:00:00,5.51,5.51,5.46,5.49,244636
2009-11-11/00:00:00,5.46,5.46,5.39,5.41,2020819
2009-11-12/00:00:00,5.46,5.58,5.39,5.46,426415
2009-11-15/00:00:00,5.51,5.56,5.51,5.56,16077
2009-11-16/00:00:00,5.53,5.56,5.46,5.53,256190
2009-11-17/00:00:00,5.58,5.58,5.51,5.53,1793431
2009-11-18/00:00:00,5.41,5.58,5.41,5.49,781238
2009-11-19/00:00:00,5.51,5.58,5.51,5.58,3131654
2009-11-22/00:00:00,5.41,5.41,5.41,5.41,751511
2009-11-23/00:00:00,5.51,5.61,5.51,5.56,497856
2009-11-24/00:00:00,5.61,5.61,5.56,5.58,203370
2009-11-25/00:00:00,5.44,5.58,5.44,5.58,167305
2009-11-30/00:00:00,5.04,5.04,5.04,5.04,6554002
2009-12-01/00:00:00,4.54,4.79,4.54,4.59,2323853
2009-12-06/00:00:00,4.77,5.04,4.63,4.93,1484301
2009-12-07/00:00:00,4.98,4.99,4.61,4.93,2078031
2009-12-08/00:00:00,4.59,4.63,4.56,4.61,358596
2009-12-09/00:00:00,4.5,4.5,4.2,4.46,445491
2009-12-10/00:00:00,4.2,4.88,4.2,4.5,295233
2009-12-13/00:00:00,4.88,4.93,4.88,4.93,517802
2009-12-14/00:00:00,5.41,5.41,5.41,5.41,93515
2009-12-15/00:00:00,5.86,5.88,5.41,5.67,1043330
2009-12-16/00:00:00,5.61,5.67,5.56,5.63,181218
2009-12-17/00:00:00,5.61,5.61,5.36,5.51,61256
2009-12-20/00:00:00,5.36,5.36,5.35,5.36,201563
2009-12-21/00:00:00,5.36,5.39,5.36,5.39,206548
2009-12-22/00:00:00,5.39,5.39,5.39,5.39,25142
2009-12-23/00:00:00,5.2,5.2,5.2,5.2,407925
2009-12-24/00:00:00,5.2,5.2,5.2,5.2,239956
2009-12-28/00:00:00,5.23,5.35,5.23,5.27,211162
2009-12-29/00:00:00,5.27,5.27,5.1,5.2,209659
2009-12-30/00:00:00,5.2,5.2,5.16,5.2,238280
2009-12-31/00:00:00,4.52,4.52,4.52,4.52,18973
2010-01-03/00:00:00,5.16,5.16,5.16,5.16,127177
2010-01-04/00:00:00,5.16,5.16,5.16,5.16,55191
2010-01-05/00:00:00,5.16,5.26,5.16,5.2,179344
2010-01-06/00:00:00,5.2,5.2,5.16,5.19,620286
2010-01-07/00:00:00,5.19,5.2,5.16,5.19,578922
2010-01-10/00:00:00,5.2,5.23,5.16,5.16,555789
2010-01-11/00:00:00,5.16,5.16,5.1,5.16,234076
2010-01-12/00:00:00,5.1,5.1,5.04,5.07,188463
2010-01-13/00:00:00,4.99,5.04,4.99,4.99,132873
2010-01-14/00:00:00,4.98,4.98,4.61,4.9,477694
2010-01-17/00:00:00,4.79,4.79,4.79,4.79,35993
2010-01-19/00:00:00,4.79,4.79,4.7,4.71,256753
2010-01-20/00:00:00,4.66,4.69,4.66,4.69,275950
2010-01-21/00:00:00,4.7,4.7,4.59,4.66,414397
2010-01-24/00:00:00,4.71,4.71,4.61,4.69,569095
2010-01-25/00:00:00,4.69,4.71,4.69,4.69,981282
2010-01-26/00:00:00,4.7,4.7,4.59,4.63,558657
2010-01-27/00:00:00,4.63,4.63,4.59,4.61,214039
2010-01-28/00:00:00,4.69,4.7,4.63,4.69,460953
2010-01-31/00:00:00,4.63,4.7,4.63,4.69,21430
2010-02-01/00:00:00,4.69,4.79,4.69,4.74,376932
2010-02-02/00:00:00,4.86,4.86,4.79,4.8,328300
2010-02-03/00:00:00,4.93,5.29,4.9,5.1,1108981
2010-02-04/00:00:00,5.04,5.04,4.93,4.99,238487
2010-02-07/00:00:00,4.93,5.23,4.79,4.93,732636
2010-02-08/00:00:00,4.95,4.99,4.93,4.95,479912
2010-02-09/00:00:00,4.95,4.99,4.9,4.95,912950
2010-02-10/00:00:00,4.98,4.98,4.93,4.98,800612
2010-02-11/00:00:00,4.95,5.09,4.95,4.99,962286
2010-02-14/00:00:00,4.99,4.99,4.93,4.93,388858
2010-02-15/00:00:00,5.19,5.19,4.9,4.93,42155
2010-02-16/00:00:00,4.9,4.9,4.79,4.8,488018
2010-02-17/00:00:00,4.88,4.88,4.79,4.83,188835
2010-02-18/00:00:00,4.83,4.83,4.79,4.83,11518
2010-02-21/00:00:00,4.8,4.8,4.77,4.79,639928
2010-02-22/00:00:00,4.79,4.79,4.74,4.77,458326
2010-02-23/00:00:00,4.74,4.74,4.69,4.71,406035
2010-02-24/00:00:00,4.63,4.63,4.63,4.63,50093
2010-02-25/00:00:00,4.63,4.63,4.42,4.54,328252
2010-02-28/00:00:00,4.53,4.53,4.53,4.53,10798
2010-03-01/00:00:00,4.53,4.61,4.5,4.56,325214
2010-03-02/00:00:00,4.53,4.53,4.53,4.53,931305
2010-03-03/00:00:00,4.59,4.59,4.45,4.54,1387283
2010-03-04/00:00:00,4.54,4.54,4.46,4.54,378121
2010-03-07/00:00:00,4.54,4.77,4.54,4.69,1992081
2010-03-08/00:00:00,4.7,4.88,4.7,4.88,696112
2010-03-09/00:00:00,4.88,4.88,4.8,4.88,137015
2010-03-10/00:00:00,4.93,5.09,4.93,4.99,1211792
2010-03-11/00:00:00,5.09,5.09,4.86,4.95,1739201
2010-03-14/00:00:00,5.02,5.19,5.02,5.16,1304344
2010-03-15/00:00:00,5.19,5.19,5.16,5.16,566632
2010-03-16/00:00:00,5.2,5.23,5.16,5.2,1149835
2010-03-17/00:00:00,5.2,5.2,5.16,5.19,529342
2010-03-18/00:00:00,5.16,5.16,5.16,5.16,552610
2010-03-21/00:00:00,5.16,5.23,5.16,5.2,230358
2010-03-22/00:00:00,5.2,5.2,5.13,5.19,81529
2010-03-23/00:00:00,5.19,5.19,5.16,5.16,620109
2010-03-24/00:00:00,5.61,5.61,5.27,5.35,343105
2010-03-25/00:00:00,5.44,5.44,5.35,5.36,704417
2010-03-28/00:00:00,5.46,5.46,5.36,5.41,930733
2010-03-29/00:00:00,5.44,5.53,5.39,5.49,2106803
2010-03-30/00:00:00,5.49,5.49,5.49,5.49,326039
2010-03-31/00:00:00,5.46,5.61,5.46,5.51,597101
2010-04-01/00:00:00,5.27,5.35,5.27,5.29,344664
2010-04-05/00:00:00,5.29,5.44,5.29,5.41,59937
2010-04-06/00:00:00,5.39,5.51,5.39,5.49,843050
2010-04-07/00:00:00,5.46,5.51,5.44,5.51,1621417
2010-04-08/00:00:00,5.49,5.51,5.36,5.46,241972
2010-04-11/00:00:00,5.51,5.51,5.44,5.51,135082
2010-04-12/00:00:00,5.49,5.49,5.41,5.41,97184
2010-04-13/00:00:00,5.46,5.51,5.46,5.49,85076
2010-04-14/00:00:00,5.49,5.56,5.27,5.29,1811004
2010-04-15/00:00:00,5.44,5.49,5.44,5.46,964679
2010-04-18/00:00:00,5.41,5.46,5.41,5.44,839846
2010-04-19/00:00:00,5.39,5.39,5.1,5.23,175386
2010-04-20/00:00:00,5.27,5.27,5.1,5.27,141355
2010-04-21/00:00:00,5.41,5.56,5.35,5.44,839392
2010-04-22/00:00:00,5.41,5.44,5.32,5.39,635883
2010-04-25/00:00:00,5.39,5.53,5.39,5.44,262860
2010-04-26/00:00:00,5.51,5.51,5.46,5.51,377854
2010-04-28/00:00:00,5.46,5.56,5.46,5.51,2499474
2010-04-29/00:00:00,5.51,5.51,5.44,5.51,981976
2010-05-02/00:00:00,5.51,5.56,5.49,5.51,1429103
2010-05-03/00:00:00,5.51,5.51,5.46,5.51,850753
2010-05-04/00:00:00,5.46,5.51,5.46,5.49,1144194
2010-05-05/00:00:00,5.35,5.51,5.32,5.49,907033
2010-05-06/00:00:00,5.51,5.51,5.49,5.51,634012
2010-05-09/00:00:00,5.44,5.49,5.44,5.44,370539
2010-05-10/00:00:00,5.51,5.71,5.51,5.56,3086151
2010-05-11/00:00:00,5.51,5.51,5.49,5.51,936897
2010-05-12/00:00:00,5.51,5.51,5.46,5.51,651907
2010-05-13/00:00:00,5.51,5.51,5.51,5.51,229363
2010-05-16/00:00:00,5.36,5.44,5.36,5.41,123250
2010-05-17/00:00:00,5.36,5.36,5.32,5.35,296791
2010-05-18/00:00:00,5.44,5.44,5.36,5.39,108637
2010-05-19/00:00:00,5.16,5.32,5.13,5.29,575337
2010-05-20/00:00:00,5.29,5.39,5.29,5.39,33812
2010-05-23/00:00:00,5.36,5.36,5.35,5.35,144519
2010-05-24/00:00:00,5.35,5.35,5.19,5.23,693038
2010-05-25/00:00:00,5.13,5.13,4.93,4.95,1512049
2010-05-26/00:00:00,4.88,5.04,4.88,4.95,651855
2010-05-27/00:00:00,4.98,5.02,4.8,4.9,1072228
2010-05-30/00:00:00,4.88,4.88,4.71,4.77,193227
2010-05-31/00:00:00,4.71,4.71,4.63,4.69,329720
2010-06-01/00:00:00,4.61,4.69,4.5,4.58,586341
2010-06-02/00:00:00,4.59,4.59,4.59,4.59,128853
2010-06-03/00:00:00,4.63,4.66,4.61,4.63,350237
2010-06-06/00:00:00,4.59,4.63,4.59,4.59,127723
2010-06-07/00:00:00,4.59,4.59,4.59,4.59,11615
2010-06-08/00:00:00,4.69,4.69,4.61,4.61,179135
2010-06-09/00:00:00,4.66,4.66,4.59,4.61,938435
2010-06-10/00:00:00,4.5,4.59,4.5,4.58,45741
2010-06-13/00:00:00,4.7,4.71,4.69,4.69,33014
2010-06-14/00:00:00,4.59,4.59,4.59,4.59,51046
2010-06-15/00:00:00,4.59,4.59,4.56,4.59,33812
2010-06-16/00:00:00,4.63,4.63,4.61,4.63,487983
2010-06-17/00:00:00,4.56,4.8,4.56,4.79,149819
2010-06-20/00:00:00,4.79,4.9,4.79,4.83,93181
2010-06-21/00:00:00,4.95,5.04,4.95,5.02,1411242
2010-06-22/00:00:00,5.04,5.04,4.93,4.98,652089
2010-06-23/00:00:00,4.93,5.04,4.93,4.95,592038
2010-06-24/00:00:00,4.98,4.98,4.95,4.98,225341
2010-06-27/00:00:00,4.98,4.98,4.98,4.98,12030
2010-06-28/00:00:00,5.19,5.27,5.02,5.13,296736
2010-06-29/00:00:00,4.99,5.09,4.99,5.02,431157
2010-06-30/00:00:00,4.99,5.09,4.99,5.02,172063
2010-07-01/00:00:00,5.04,5.19,5.04,5.1,247456
2010-07-04/00:00:00,5.07,5.19,5.07,5.13,232368
2010-07-05/00:00:00,5.13,5.13,5.07,5.1,281721
2010-07-06/00:00:00,5.07,5.09,5.07,5.07,229049
2010-07-07/00:00:00,5.07,5.1,5.04,5.09,126599
2010-07-08/00:00:00,5.04,5.04,5.04,5.04,1420026
2010-07-11/00:00:00,5.09,5.13,5.09,5.09,250405
2010-07-12/00:00:00,5.04,5.19,5.04,5.13,23311
2010-07-13/00:00:00,5.04,5.04,5.04,5.04,48318
2010-07-14/00:00:00,5.07,5.07,5.02,5.04,300730
2010-07-15/00:00:00,5.02,5.04,5.02,5.04,724759
2010-07-18/00:00:00,5.04,5.04,5.02,5.04,36802
2010-07-19/00:00:00,5.04,5.07,5.04,5.04,327468
2010-07-20/00:00:00,5.07,5.07,5.04,5.07,201081
2010-07-21/00:00:00,4.99,5.19,4.86,4.98,11016
2010-07-22/00:00:00,5.04,5.04,5.02,5.02,237545
2010-07-25/00:00:00,5.04,5.07,5.04,5.04,303197
2010-07-26/00:00:00,5.09,5.09,5.04,5.07,607296
2010-07-27/00:00:00,5.07,5.07,5.04,5.04,344664
2010-07-28/00:00:00,5.19,5.2,5.1,5.16,623207
2010-07-29/00:00:00,5.2,5.26,5.2,5.23,237557
2010-08-01/00:00:00,5.13,5.19,5.13,5.19,133860
2010-08-02/00:00:00,5.19,5.19,5.16,5.19,132649
2010-08-03/00:00:00,5.19,5.19,5.13,5.16,835846
2010-08-04/00:00:00,5.19,5.2,5.19,5.19,624160
2010-08-05/00:00:00,5.13,5.16,5.04,5.1,522014
2010-08-08/00:00:00,5.2,5.2,5.09,5.2,221850
2010-08-09/00:00:00,5.1,5.13,5.09,5.13,171484
2010-08-10/00:00:00,5.09,5.13,5.09,5.1,768750
2010-08-11/00:00:00,5.16,5.16,5.13,5.16,514388
2010-08-12/00:00:00,4.95,4.95,4.95,4.95,19961
2010-08-15/00:00:00,5.04,5.04,5.04,5.04,7037
2010-08-16/00:00:00,5.07,5.19,5.07,5.19,304111
2010-08-17/00:00:00,5.04,5.19,5.04,5.19,436484
2010-08-18/00:00:00,5.09,5.19,5.09,5.13,749439
2010-08-19/00:00:00,5.23,5.26,5.23,5.23,676141
2010-08-24/00:00:00,5.19,5.26,5.16,5.19,624768
2010-08-25/00:00:00,5.2,5.2,5.13,5.19,94085
2010-08-26/00:00:00,5.13,5.19,5.13,5.16,262794
2010-08-29/00:00:00,5.19,5.2,5.19,5.2,296459
2010-08-30/00:00:00,5.2,5.2,5.19,5.2,167315
2010-08-31/00:00:00,5.2,5.23,5.16,5.2,274086
2010-09-01/00:00:00,5.2,5.2,5.19,5.2,87038
2010-09-02/00:00:00,5.2,5.23,5.2,5.2,117276
2010-09-05/00:00:00,5.23,5.23,5.23,5.23,320233
2010-09-06/00:00:00,5.26,5.35,5.26,5.29,618068
2010-09-07/00:00:00,5.36,5.44,5.36,5.39,701161
2010-09-13/00:00:00,5.44,5.51,5.39,5.39,4428694
2010-09-14/00:00:00,5.51,5.53,5.46,5.51,594961
2010-09-15/00:00:00,5.51,5.53,5.46,5.49,985039
2010-09-16/00:00:00,5.41,5.49,5.39,5.41,900337
2010-09-19/00:00:00,5.41,5.46,5.41,5.46,522667
2010-09-20/00:00:00,5.39,5.46,5.39,5.44,1032491
2010-09-21/00:00:00,5.46,5.63,5.46,5.49,2854587
2010-09-22/00:00:00,5.49,5.49,5.39,5.41,306600
2010-09-23/00:00:00,5.44,5.46,5.41,5.44,123119
2010-09-26/00:00:00,5.49,5.49,5.41,5.46,174514
2010-09-28/00:00:00,5.44,5.44,5.41,5.44,240614
2010-09-29/00:00:00,5.44,5.44,5.39,5.41,582875
2010-09-30/00:00:00,5.41,5.41,5.39,5.39,121878
2010-10-03/00:00:00,5.39,5.39,5.39,5.39,98164
2010-10-04/00:00:00,5.44,5.44,5.35,5.39,246729
2010-10-05/00:00:00,5.32,5.32,5.32,5.32,284839
2010-10-06/00:00:00,5.36,5.41,5.32,5.39,1210807
2010-10-07/00:00:00,5.41,5.41,5.35,5.39,172092
2010-10-10/00:00:00,5.35,5.44,5.35,5.39,1388556
2010-10-11/00:00:00,5.41,5.44,5.41,5.41,350606
2010-10-12/00:00:00,5.36,5.36,5.35,5.36,96538
2010-10-13/00:00:00,5.39,5.39,5.39,5.39,71671
2010-10-14/00:00:00,5.41,5.41,5.39,5.39,286747
2010-10-17/00:00:00,5.41,5.41,5.36,5.39,449034
2010-10-18/00:00:00,5.39,5.44,5.39,5.41,911737
2010-10-19/00:00:00,5.44,5.44,5.44,5.44,357818
2010-10-20/00:00:00,5.41,5.44,5.41,5.41,120481
2010-10-21/00:00:00,5.44,5.44,5.36,5.41,396474
2010-10-24/00:00:00,5.44,5.51,5.44,5.44,1272598
2010-10-25/00:00:00,5.51,5.53,5.49,5.51,493809
2010-10-27/00:00:00,5.51,5.51,5.46,5.49,1066058
2010-10-28/00:00:00,5.49,5.51,5.46,5.49,64765
2010-10-31/00:00:00,5.51,5.56,5.51,5.53,559390
2010-11-01/00:00:00,5.49,5.49,5.49,5.49,2181
2010-11-02/00:00:00,5.49,5.51,5.44,5.46,4834119
2010-11-03/00:00:00,5.49,5.51,5.49,5.49,2852770
2010-11-04/00:00:00,5.51,5.53,5.51,5.51,746865
2010-11-07/00:00:00,5.58,5.67,5.58,5.61,1411596
2010-11-08/00:00:00,5.49,5.58,5.49,5.56,78525
2010-11-09/00:00:00,5.56,5.56,5.51,5.56,2099330
2010-11-10/00:00:00,5.58,5.63,5.58,5.63,925648
2010-11-11/00:00:00,5.63,5.69,5.63,5.63,1999288
2010-11-14/00:00:00,5.63,5.63,5.63,5.63,552334
2010-11-21/00:00:00,5.56,5.67,5.56,5.56,981422
2010-11-22/00:00:00,5.63,5.69,5.63,5.69,428648
2010-11-23/00:00:00,5.69,5.71,5.69,5.69,1186692
2010-11-24/00:00:00,5.69,5.69,5.63,5.67,643260
2010-11-25/00:00:00,5.56,5.71,5.56,5.67,367901
2010-11-28/00:00:00,5.71,5.71,5.63,5.69,185421
2010-11-29/00:00:00,5.63,5.63,5.63,5.63,218142
2010-11-30/00:00:00,5.69,5.69,5.56,5.61,252060
2010-12-01/00:00:00,5.61,5.61,5.56,5.58,948294
2010-12-06/00:00:00,5.56,5.69,5.56,5.63,1716543
2010-12-07/00:00:00,5.56,5.56,5.51,5.56,345221
2010-12-08/00:00:00,5.58,5.63,5.56,5.58,976113
2010-12-09/00:00:00,5.56,5.58,5.56,5.58,445664
2010-12-12/00:00:00,5.56,5.63,5.56,5.61,28359
2010-12-13/00:00:00,5.63,5.63,5.56,5.58,424483
2010-12-14/00:00:00,5.56,5.56,5.56,5.56,381312
2010-12-15/00:00:00,5.53,5.53,5.41,5.49,505283
2010-12-16/00:00:00,5.51,5.51,5.46,5.49,873034
2010-12-19/00:00:00,5.46,5.49,5.46,5.46,85403
2010-12-20/00:00:00,5.46,5.46,5.41,5.46,306228
2010-12-21/00:00:00,5.41,5.41,5.36,5.39,709325
2010-12-22/00:00:00,5.36,5.36,5.32,5.35,302719
2010-12-23/00:00:00,5.41,5.41,5.32,5.39,132448
2010-12-26/00:00:00,5.39,5.39,5.32,5.36,477633
2010-12-27/00:00:00,5.36,5.36,5.36,5.36,83440
2010-12-28/00:00:00,5.36,5.36,5.27,5.32,529450
2010-12-29/00:00:00,5.36,5.44,5.36,5.39,218142
2010-12-30/00:00:00,5.39,5.44,5.32,5.39,631022
2011-01-02/00:00:00,5.51,5.51,5.41,5.44,111034
2011-01-03/00:00:00,5.36,5.39,5.36,5.36,585295
2011-01-04/00:00:00,5.41,5.41,5.36,5.39,129869
2011-01-05/00:00:00,5.39,5.39,5.39,5.39,751911
2011-01-06/00:00:00,5.39,5.44,5.39,5.39,1566368
2011-01-09/00:00:00,5.71,5.71,5.39,5.44,516071
2011-01-10/00:00:00,5.44,5.44,5.44,5.44,9816
2011-01-11/00:00:00,5.39,5.39,5.36,5.36,325467
2011-01-12/00:00:00,5.36,5.41,5.36,5.39,357000
2011-01-13/00:00:00,5.39,5.39,5.39,5.39,678408
2011-01-16/00:00:00,5.41,5.41,5.41,5.41,2181
2011-01-17/00:00:00,5.36,5.36,5.36,5.36,376752
2011-01-18/00:00:00,5.36,5.46,5.36,5.39,1131732
2011-01-19/00:00:00,5.41,5.46,5.41,5.44,926252
2011-01-20/00:00:00,5.51,5.51,5.44,5.44,522709
2011-01-23/00:00:00,5.51,5.83,5.44,5.51,93146
2011-01-24/00:00:00,5.51,5.53,5.51,5.51,388510
2011-01-25/00:00:00,5.53,5.71,5.53,5.56,2123829
2011-01-26/00:00:00,5.58,5.61,5.58,5.61,76350
2011-01-27/00:00:00,5.58,5.61,5.56,5.56,377386
2011-01-30/00:00:00,5.04,5.27,5.04,5.26,1127087
2011-01-31/00:00:00,5.27,5.39,5.27,5.27,314510
2011-02-02/00:00:00,5.51,5.51,5.49,5.51,3555199
2011-02-03/00:00:00,5.44,5.49,5.44,5.46,1260244
2011-02-06/00:00:00,5.46,5.51,5.44,5.44,680790
2011-02-07/00:00:00,5.41,5.51,5.41,5.51,556251
2011-02-08/00:00:00,5.41,5.49,5.41,5.46,666218
2011-02-09/00:00:00,5.41,5.49,5.41,5.41,1106559
2011-02-10/00:00:00,5.41,5.41,5.35,5.36,1487575
2011-02-13/00:00:00,5.44,5.46,5.44,5.44,153821
2011-02-14/00:00:00,5.44,5.44,5.29,5.36,497844
2011-02-15/00:00:00,5.39,5.39,5.32,5.35,169616
2011-02-16/00:00:00,5.35,5.35,5.26,5.29,191529
2011-02-20/00:00:00,5.26,5.26,5.19,5.26,213560
2011-02-21/00:00:00,5.26,5.26,5.19,5.2,291581
2011-02-22/00:00:00,5.2,5.2,4.95,4.99,3154330
2011-02-23/00:00:00,5.07,5.07,5.02,5.04,3383041
2011-02-24/00:00:00,5.04,5.07,5.04,5.04,459938
2011-02-27/00:00:00,5.13,5.13,5.07,5.1,1077595
2011-02-28/00:00:00,5.1,5.1,5.07,5.09,1877044
2011-03-01/00:00:00,5.07,5.13,5.07,5.1,663988
2011-03-02/00:00:00,5.04,5.09,5.04,5.07,1499518
2011-03-03/00:00:00,5.1,5.23,5.1,5.1,375120
2011-03-06/00:00:00,5.13,5.13,5.13,5.13,1391928
2011-03-07/00:00:00,5.09,5.13,5.09,5.13,2421495
2011-03-08/00:00:00,5.2,5.23,5.19,5.2,431312
2011-03-09/00:00:00,5.27,5.27,5.27,5.27,885546
2011-03-10/00:00:00,5.27,5.32,5.27,5.27,384935
2011-03-13/00:00:00,5.49,5.49,5.41,5.44,573057
2011-03-14/00:00:00,5.41,5.41,5.16,5.27,262862
2011-03-15/00:00:00,5.35,5.35,5.2,5.26,32123
2011-03-16/00:00:00,5.2,5.23,5.07,5.19,804587
2011-03-17/00:00:00,5.19,5.27,5.19,5.23,291044
2011-03-20/00:00:00,5.49,5.49,4.99,5.23,959238
2011-03-21/00:00:00,5.44,5.44,5.35,5.35,598016
2011-03-22/00:00:00,5.43,5.43,5.39,5.42,46356
2011-03-23/00:00:00,5.42,5.42,5.39,5.39,569301
2011-03-24/00:00:00,5.39,5.39,5.35,5.35,655344
2011-03-27/00:00:00,5.35,5.39,5.35,5.38,591518
2011-03-28/00:00:00,5.36,5.38,5.28,5.35,266362
2011-03-29/00:00:00,5.35,5.35,5.35,5.35,112343
2011-03-30/00:00:00,5.35,5.35,5.35,5.35,1076644
2011-03-31/00:00:00,5.36,5.37,5.35,5.35,1015547
2011-04-03/00:00:00,5.36,5.51,5.35,5.35,791640
2011-04-04/00:00:00,5.44,5.44,5.43,5.44,71738
2011-04-05/00:00:00,5.44,5.71,5.39,5.56,607295
2011-04-06/00:00:00,5.51,5.67,5.51,5.67,689114
2011-04-07/00:00:00,5.71,5.86,5.61,5.75,1793166
2011-04-10/00:00:00,5.86,5.86,5.78,5.83,177273
2011-04-11/00:00:00,5.83,6.02,5.79,5.88,763398
2011-04-12/00:00:00,5.86,5.98,5.86,5.91,434826
2011-04-13/00:00:00,5.91,6.14,5.91,6.08,1707675
2011-04-14/00:00:00,6.08,6.3,5.79,6.22,2482915
2011-04-17/00:00:00,6.3,6.34,6.25,6.3,1107549
2011-04-18/00:00:00,6.27,6.3,6.25,6.27,486976
2011-04-20/00:00:00,6.27,6.3,6.22,6.22,779368
2011-04-21/00:00:00,6.27,6.34,6.22,6.27,751945
2011-04-24/00:00:00,6.27,6.27,6.22,6.27,565091
2011-04-25/00:00:00,6.27,6.27,6.25,6.27,220979
2011-04-26/00:00:00,6.25,6.25,6.14,6.22,258909
2011-04-27/00:00:00,6.22,6.22,6.18,6.22,235835
2011-04-28/00:00:00,6.22,6.22,6.17,6.18,722854
2011-05-01/00:00:00,6.18,6.22,6.17,6.22,575377
2011-05-02/00:00:00,6.22,6.22,6.17,6.18,2241429
2011-05-03/00:00:00,6.14,6.17,6.14,6.17,212326
2011-05-04/00:00:00,6.22,6.22,6.18,6.22,87666
2011-05-05/00:00:00,6.18,6.22,6.18,6.18,355144
2011-05-08/00:00:00,6.1,6.17,6.1,6.17,619710
2011-05-09/00:00:00,6.18,6.22,6.17,6.18,206352
2011-05-10/00:00:00,6.17,6.25,6.17,6.22,963532
2011-05-11/00:00:00,6.25,6.3,6.25,6.27,823991
2011-05-12/00:00:00,6.25,6.34,6.25,6.3,1291753
2011-05-15/00:00:00,6.34,6.34,6.25,6.27,68170
2011-05-16/00:00:00,6.25,6.25,6.14,6.17,266838
2011-05-17/00:00:00,6.18,6.27,6.18,6.22,341515
2011-05-18/00:00:00,6.27,6.27,6.25,6.27,596494
2011-05-19/00:00:00,6.27,6.3,6.25,6.27,310489
2011-05-22/00:00:00,6.22,6.25,6.22,6.22,299946
2011-05-23/00:00:00,6.18,6.22,6.17,6.18,674968
2011-05-24/00:00:00,6.17,6.18,6.17,6.17,231776
2011-05-25/00:00:00,6.17,6.17,6.02,6.08,928648
2011-05-26/00:00:00,6.1,6.1,5.99,6.02,568078
2011-05-29/00:00:00,6.02,6.06,6.02,6.06,765992
2011-05-30/00:00:00,6.06,6.22,6.06,6.06,1687798
2011-05-31/00:00:00,6.06,6.25,6.06,6.06,1895916
2011-06-01/00:00:00,6.17,6.18,6.17,6.17,222462
2011-06-02/00:00:00,6.17,6.22,6.17,6.18,739734
2011-06-05/00:00:00,6.17,6.22,6.17,6.22,1014032
2011-06-06/00:00:00,6.22,6.22,6.22,6.22,1339188
2011-06-07/00:00:00,6.22,6.25,6.22,6.22,76064
2011-06-08/00:00:00,6.22,6.25,6.22,6.22,368183
2011-06-09/00:00:00,6.25,6.25,6.25,6.25,90893
2011-06-12/00:00:00,6.1,6.22,6.1,6.18,337939
2011-06-13/00:00:00,6.27,6.3,6.27,6.27,282462
2011-06-14/00:00:00,6.25,6.3,6.25,6.3,137502
2011-06-15/00:00:00,6.34,6.54,6.34,6.46,2771415
2011-06-16/00:00:00,6.46,6.54,6.46,6.51,789213
2011-06-19/00:00:00,6.54,6.54,6.43,6.54,381524
2011-06-20/00:00:00,6.54,6.54,6.43,6.46,250936
2011-06-21/00:00:00,6.43,6.43,6.3,6.42,1205228
2011-06-22/00:00:00,6.38,6.38,6.27,6.36,566613
2011-06-23/00:00:00,6.22,6.22,6.17,6.22,127184
2011-06-27/00:00:00,6.14,6.17,6.14,6.14,201819
2011-06-28/00:00:00,6.17,6.17,6.1,6.14,360843
2011-06-29/00:00:00,6.1,6.1,6.06,6.06,861890
2011-07-03/00:00:00,6.14,6.17,6.02,6.06,3263945
2011-07-04/00:00:00,6.06,6.08,6.06,6.06,774204
2011-07-05/00:00:00,6.06,6.06,6.06,6.06,421393
2011-07-06/00:00:00,5.98,6.06,5.94,5.99,350113
2011-07-07/00:00:00,5.98,6.06,5.98,6.02,721588
2011-07-10/00:00:00,6.06,6.18,6.06,6.08,431089
2011-07-11/00:00:00,6.17,6.17,6.1,6.14,104312
2011-07-12/00:00:00,6.1,6.1,6.08,6.08,564095
2011-07-14/00:00:00,6.14,6.14,6.14,6.14,15386
2011-07-18/00:00:00,6.06,6.1,6.06,6.08,141890
2011-07-19/00:00:00,6.08,6.08,6.08,6.08,72714
2011-07-20/00:00:00,6.08,6.08,6.08,6.08,202327
2011-07-21/00:00:00,6.18,6.25,6.14,6.18,230443
2011-07-24/00:00:00,6.22,6.25,6.18,6.25,97164
2011-07-25/00:00:00,6.17,6.17,6.17,6.17,16361
2011-07-26/00:00:00,6.22,6.22,6.22,6.22,328179
2011-07-27/00:00:00,6.22,6.27,6.22,6.25,29086
2011-07-28/00:00:00,6.27,6.27,6.22,6.25,49262
2011-07-31/00:00:00,6.18,6.18,6.17,6.17,39993
2011-08-01/00:00:00,6.17,6.22,6.17,6.17,175209
2011-08-02/00:00:00,6.17,6.3,6.17,6.22,70329
2011-08-03/00:00:00,6.22,6.27,6.22,6.25,95437
2011-08-04/00:00:00,6.3,6.38,6.3,6.38,441155
2011-08-07/00:00:00,6.27,6.3,6.08,6.17,1614130
2011-08-08/00:00:00,6.18,6.18,6.14,6.17,318015
2011-08-09/00:00:00,6.06,6.14,6.02,6.06,1758196
2011-08-10/00:00:00,6.14,6.14,6.1,6.14,290129
2011-08-11/00:00:00,6.14,6.17,6.1,6.17,219989
2011-08-14/00:00:00,6.22,6.22,6.22,6.22,496315
2011-08-15/00:00:00,6.25,6.27,6.25,6.25,299985
2011-08-16/00:00:00,6.22,6.27,6.22,6.25,901088
2011-08-17/00:00:00,6.22,6.25,6.22,6.25,590181
2011-08-18/00:00:00,6.25,6.25,6.25,6.25,365132
2011-08-21/00:00:00,6.06,6.06,6.02,6.06,2424457
2011-08-22/00:00:00,6.17,6.17,6.08,6.08,1648615
2011-08-23/00:00:00,6.1,6.1,6.08,6.1,149162
2011-08-24/00:00:00,6.1,6.1,6.1,6.1,269042
2011-08-25/00:00:00,6.1,6.66,6.1,6.14,724219
2011-08-28/00:00:00,6.18,6.18,6.17,6.18,223435
2011-08-29/00:00:00,6.18,6.34,6.18,6.25,263589
2011-09-04/00:00:00,6.25,6.36,6.25,6.3,241499
2011-09-05/00:00:00,6.34,6.34,6.25,6.3,712596
2011-09-06/00:00:00,6.36,6.46,6.3,6.38,432103
2011-09-07/00:00:00,6.34,6.34,6.22,6.3,1027176
2011-09-08/00:00:00,6.22,6.25,6.22,6.22,25450
2011-09-11/00:00:00,6.18,6.22,6.18,6.18,76350
2011-09-12/00:00:00,6.27,6.27,6.17,6.18,29288
2011-09-13/00:00:00,6.17,6.17,6.06,6.08,84332
2011-09-14/00:00:00,6.08,6.1,6.06,6.08,703503
2011-09-15/00:00:00,6.1,6.1,5.94,6.02,1515027
2011-09-18/00:00:00,5.98,5.98,5.94,5.94,203245
2011-09-19/00:00:00,5.94,5.99,5.94,5.98,322191
2011-09-20/00:00:00,5.94,5.98,5.88,5.94,2612720
2011-09-21/00:00:00,5.91,5.91,5.88,5.88,329700
2011-09-22/00:00:00,5.88,5.91,5.83,5.88,333980
2011-09-25/00:00:00,5.83,5.83,5.78,5.79,201097
2011-09-26/00:00:00,5.78,5.78,5.75,5.78,176783
2011-09-27/00:00:00,5.79,5.88,5.79,5.83,141472
2011-09-28/00:00:00,5.86,5.91,5.83,5.86,34321
2011-09-29/00:00:00,5.83,5.88,5.83,5.83,393519
2011-10-03/00:00:00,5.63,5.67,5.63,5.67,7271
2011-10-04/00:00:00,5.61,5.69,5.61,5.63,403563
2011-10-05/00:00:00,5.63,5.63,5.51,5.56,1318263
2011-10-06/00:00:00,5.56,5.58,5.56,5.56,188148
2011-10-09/00:00:00,5.58,5.58,5.56,5.56,215733
2011-10-10/00:00:00,5.56,5.56,5.53,5.56,564190
2011-10-11/00:00:00,5.58,5.58,5.56,5.58,141922
2011-10-12/00:00:00,5.58,5.58,5.58,5.58,294492
2011-10-13/00:00:00,5.56,5.56,5.48,5.51,443161
2011-10-16/00:00:00,5.51,5.51,5.48,5.51,123396
2011-10-17/00:00:00,5.51,5.51,5.48,5.49,412243
2011-10-18/00:00:00,5.49,5.51,5.48,5.49,630939
2011-10-19/00:00:00,5.49,5.58,5.49,5.51,631766
2011-10-20/00:00:00,5.56,5.56,5.51,5.53,730685
2011-10-24/00:00:00,5.53,5.56,5.53,5.53,1182511
2011-10-25/00:00:00,5.53,5.58,5.53,5.53,1048997
2011-10-26/00:00:00,5.58,5.75,5.58,5.61,221383
2011-10-27/00:00:00,5.61,5.75,5.61,5.63,195461
2011-10-30/00:00:00,5.83,5.98,5.83,5.88,199713
2011-10-31/00:00:00,5.88,5.88,5.83,5.83,2060028
2011-11-01/00:00:00,5.83,5.88,5.79,5.83,305013
2011-11-02/00:00:00,5.78,5.83,5.78,5.79,100475
2011-11-09/00:00:00,5.75,5.78,5.75,5.78,10394
2011-11-10/00:00:00,5.83,5.83,5.78,5.83,269700
2011-11-13/00:00:00,5.86,5.91,5.86,5.88,937223
2011-11-14/00:00:00,5.88,5.91,5.88,5.88,121079
2011-11-15/00:00:00,5.83,5.83,5.78,5.79,556042
2011-11-16/00:00:00,5.79,5.79,5.69,5.78,1796372
2011-11-17/00:00:00,5.75,5.75,5.71,5.75,163279
2011-11-20/00:00:00,5.56,5.75,5.56,5.75,9722
2011-11-21/00:00:00,5.58,5.75,5.58,5.71,6035
2011-11-22/00:00:00,5.61,5.71,5.53,5.61,83340
2011-11-24/00:00:00,5.58,5.61,5.56,5.58,188537
2011-11-27/00:00:00,5.53,5.53,5.53,5.53,124004
2011-11-28/00:00:00,5.63,5.63,5.58,5.63,196550
2011-11-29/00:00:00,5.71,5.78,5.71,5.75,319462
2011-11-30/00:00:00,5.78,5.88,5.78,5.83,598884
2011-12-04/00:00:00,5.86,6.02,5.86,5.99,619814
2011-12-05/00:00:00,5.98,6.08,5.98,6.06,316473
2011-12-06/00:00:00,5.98,5.98,5.94,5.98,132288
2011-12-07/00:00:00,5.94,5.94,5.88,5.88,530811
2011-12-08/00:00:00,5.91,5.99,5.91,5.91,1070433
2011-12-11/00:00:00,5.99,6.02,5.99,6.02,226614
2011-12-12/00:00:00,6.02,6.02,6.02,6.02,44641
2011-12-13/00:00:00,5.99,6.22,5.99,6.06,409706
2011-12-14/00:00:00,6.1,6.1,5.99,6.06,1319527
2011-12-15/00:00:00,6.02,6.02,5.78,5.88,698969
2011-12-18/00:00:00,5.98,5.98,5.98,5.98,265529
2011-12-19/00:00:00,5.98,5.98,5.75,5.83,195295
2011-12-20/00:00:00,5.78,5.88,5.78,5.79,537897
2011-12-21/00:00:00,5.79,5.79,5.71,5.78,229875
2011-12-22/00:00:00,5.79,5.79,5.75,5.78,174647
2011-12-26/00:00:00,5.78,5.86,5.78,5.79,241775
2011-12-27/00:00:00,5.78,5.88,5.78,5.83,63625
2011-12-29/00:00:00,5.88,6.06,5.88,6.02,523787
2012-01-02/00:00:00,6.06,6.06,6.06,6.06,141778
2012-01-03/00:00:00,5.86,6.06,5.86,6.02,96928
2012-01-04/00:00:00,6.02,6.02,6.02,6.02,139975
2012-01-05/00:00:00,5.99,5.99,5.99,5.99,88665
2012-01-08/00:00:00,5.98,5.98,5.98,5.98,1599
2012-01-09/00:00:00,5.91,5.91,5.71,5.75,420563
2012-01-11/00:00:00,5.79,5.79,5.75,5.78,201782
2012-01-12/00:00:00,5.78,5.83,5.75,5.79,716393
2012-01-15/00:00:00,5.78,5.78,5.71,5.75,85621
2012-01-16/00:00:00,5.75,5.75,5.71,5.71,205497
2012-01-17/00:00:00,5.71,5.75,5.71,5.75,459296
2012-01-18/00:00:00,5.78,5.78,5.75,5.78,258481
2012-01-19/00:00:00,5.78,5.78,5.75,5.78,463096
2012-01-22/00:00:00,5.75,5.75,5.75,5.75,22087
2012-01-23/00:00:00,5.88,5.91,5.78,5.88,306629
2012-01-24/00:00:00,5.88,5.88,5.83,5.88,243892
2012-01-25/00:00:00,5.91,5.99,5.91,5.94,522731
2012-01-26/00:00:00,5.99,5.99,5.86,5.91,448464
2012-01-29/00:00:00,5.94,5.99,5.91,5.94,184695
2012-01-30/00:00:00,5.79,5.91,5.78,5.88,483531
2012-02-01/00:00:00,6.27,6.27,5.91,5.98,1078159
2012-02-02/00:00:00,5.98,6.06,5.94,5.99,1449281
2012-02-05/00:00:00,5.99,5.99,5.94,5.98,300786
2012-02-06/00:00:00,6.49,6.49,5.91,5.94,527582
2012-02-07/00:00:00,6.06,6.06,5.91,6.02,499836
2012-02-08/00:00:00,6.06,6.06,5.99,5.99,42647
2012-02-09/00:00:00,5.98,5.99,5.91,5.98,271571
2012-02-12/00:00:00,5.99,5.99,5.94,5.98,105055
2012-02-13/00:00:00,5.99,6.02,5.99,5.99,329120
2012-02-14/00:00:00,5.99,6.02,5.99,5.99,72038
2012-02-15/00:00:00,5.99,5.99,5.99,5.99,265266
2012-02-16/00:00:00,6.02,6.02,5.88,5.91,469161
2012-02-19/00:00:00,5.94,6.02,5.94,5.94,741283
2012-02-20/00:00:00,5.98,6.06,5.98,6.02,1410719
2012-02-21/00:00:00,6.06,6.06,6.02,6.06,884201
2012-02-22/00:00:00,6.06,6.06,6.02,6.06,824160
2012-02-23/00:00:00,6.06,6.06,6.02,6.02,1925604
2012-02-26/00:00:00,6.06,6.08,6.02,6.06,2897168
2012-02-27/00:00:00,6.06,6.08,5.99,6.06,927103
2012-02-28/00:00:00,6.06,6.17,6.06,6.14,597205
2012-02-29/00:00:00,6.17,6.34,6.14,6.27,1666215
2012-03-01/00:00:00,6.38,6.43,6.34,6.42,555049
2012-03-04/00:00:00,6.38,6.43,6.34,6.38,716785
2012-03-05/00:00:00,6.38,6.38,6.3,6.34,1236592
2012-03-06/00:00:00,6.38,6.38,6.25,6.34,139305
2012-03-07/00:00:00,6.1,6.1,5.83,6.06,674271
2012-03-08/00:00:00,6.06,6.34,6.06,6.18,929944
2012-03-11/00:00:00,6.22,6.68,6.18,6.34,2202441
2012-03-12/00:00:00,6.36,6.51,6.36,6.42,743112
2012-03-13/00:00:00,6.54,6.6,6.54,6.57,429703
2012-03-14/00:00:00,6.6,6.71,6.6,6.63,922125
2012-03-15/00:00:00,6.82,6.82,6.6,6.68,562675
2012-03-18/00:00:00,6.6,6.6,6.57,6.6,372588
2012-03-19/00:00:00,6.6,6.71,6.6,6.66,249315
2012-03-20/00:00:00,6.66,6.68,6.6,6.63,953711
2012-03-21/00:00:00,6.68,6.74,6.57,6.66,456038
2012-03-22/00:00:00,6.32,6.49,6.32,6.33,561373
2012-03-25/00:00:00,6.42,6.6,6.42,6.56,124887
2012-03-26/00:00:00,6.55,6.55,6.42,6.46,379981
2012-03-27/00:00:00,6.49,6.49,6.43,6.46,503670
2012-03-28/00:00:00,6.46,6.49,6.44,6.47,859075
2012-03-29/00:00:00,6.46,6.49,6.42,6.45,849556
2012-04-01/00:00:00,6.46,6.46,6.42,6.46,319509
2012-04-02/00:00:00,6.47,6.49,6.44,6.46,638512
2012-04-03/00:00:00,6.49,6.51,6.43,6.47,715876
2012-04-04/00:00:00,6.46,6.49,6.45,6.47,833178
2012-04-05/00:00:00,6.49,6.52,6.47,6.48,81843
2012-04-08/00:00:00,6.44,6.49,6.44,6.48,555847
2012-04-09/00:00:00,6.45,6.46,6.42,6.44,566496
2012-04-10/00:00:00,6.46,6.59,6.4,6.46,286437
2012-04-11/00:00:00,6.47,6.47,6.37,6.43,162124
2012-04-12/00:00:00,6.38,6.46,6.38,6.45,160992
2012-04-15/00:00:00,6.49,6.49,6.39,6.43,201983
2012-04-16/00:00:00,6.44,6.44,6.39,6.42,260203
2012-04-17/00:00:00,6.42,6.42,6.39,6.42,101091
2012-04-18/00:00:00,6.4,6.42,6.4,6.41,277593
2012-04-19/00:00:00,6.41,6.42,6.36,6.39,448949
2012-04-22/00:00:00,6.39,6.39,6.39,6.39,3999
2012-04-23/00:00:00,6.39,6.39,6.39,6.39,47044
2012-04-25/00:00:00,6.46,6.49,6.42,6.44,702635
2012-04-26/00:00:00,6.45,6.47,6.45,6.46,566899
2012-04-29/00:00:00,6.47,6.49,6.43,6.46,301173
2012-04-30/00:00:00,6.47,6.47,6.46,6.47,438639
2012-05-01/00:00:00,6.47,6.47,6.47,6.47,17155402
2012-05-02/00:00:00,6.49,6.6,6.49,6.51,673212
2012-05-03/00:00:00,6.53,6.65,6.53,6.56,696536
2012-05-06/00:00:00,6.57,6.68,6.57,6.6,648190
2012-05-07/00:00:00,6.6,6.6,6.57,6.58,835222
2012-05-08/00:00:00,6.6,6.6,6.57,6.6,122205
2012-05-09/00:00:00,6.57,6.57,6.57,6.57,121602
2012-05-10/00:00:00,6.59,6.59,6.57,6.57,350892
2012-05-13/00:00:00,6.53,6.57,6.53,6.57,1035271
2012-05-14/00:00:00,6.54,6.57,6.53,6.54,902469
2012-05-15/00:00:00,6.57,6.57,6.53,6.55,573175
2012-05-16/00:00:00,6.53,6.54,6.53,6.53,209862
2012-05-17/00:00:00,6.53,6.53,6.52,6.53,344388
2012-05-20/00:00:00,6.51,6.51,6.47,6.51,528278
2012-05-21/00:00:00,6.49,6.49,6.46,6.47,182314
2012-05-22/00:00:00,6.48,6.51,6.48,6.48,898241
2012-05-23/00:00:00,6.47,6.47,6.46,6.47,318140
2012-05-24/00:00:00,6.46,6.47,6.46,6.47,415412
2012-05-27/00:00:00,6.47,6.47,6.46,6.46,33664
2012-05-28/00:00:00,6.47,6.47,6.46,6.46,702901
2012-05-29/00:00:00,6.46,6.47,6.42,6.43,584662
2012-05-30/00:00:00,6.46,6.46,6.41,6.44,536063
2012-05-31/00:00:00,6.39,6.4,6.37,6.38,484552
2012-06-03/00:00:00,6.35,6.35,6.28,6.34,970480
2012-06-04/00:00:00,6.17,6.2,6.17,6.18,418922
2012-06-05/00:00:00,6.2,6.39,6.18,6.29,770971
2012-06-06/00:00:00,6.25,6.25,6.25,6.25,13466
2012-06-07/00:00:00,6.25,6.25,6.25,6.25,354331
2012-06-10/00:00:00,6.28,6.28,6.25,6.25,248444
2012-06-11/00:00:00,6.28,6.28,6.28,6.28,904787
2012-06-12/00:00:00,6.25,6.25,6.2,6.22,388061
2012-06-13/00:00:00,6.18,6.18,6.17,6.17,10884
2012-06-14/00:00:00,6.17,6.2,6.17,6.17,368809
2012-06-18/00:00:00,6.2,6.2,6.2,6.2,206023
2012-06-19/00:00:00,6.25,6.25,6.25,6.25,673844
2012-06-20/00:00:00,6.25,6.25,6.23,6.25,40396
2012-06-21/00:00:00,6.25,6.32,6.17,6.24,137673
2012-06-24/00:00:00,6.17,6.17,6.17,6.17,11446
2012-06-25/00:00:00,6.17,6.2,6.17,6.17,120740
2012-06-26/00:00:00,6.18,6.18,6.17,6.17,177584
2012-06-27/00:00:00,6.13,6.17,6.13,6.14,171928
2012-06-28/00:00:00,6.17,6.17,6.17,6.17,160702
2012-07-01/00:00:00,6.17,6.17,6.14,6.15,131290
2012-07-02/00:00:00,6.14,6.14,6.11,6.13,272580
2012-07-03/00:00:00,6.13,6.15,6.11,6.13,953204
2012-07-04/00:00:00,6.11,6.14,6.11,6.12,1797740
2012-07-05/00:00:00,6.11,6.13,6.11,6.12,645877
2012-07-08/00:00:00,6.14,6.14,6.13,6.14,1451196
2012-07-09/00:00:00,6.17,6.18,6.14,6.17,591356
2012-07-10/00:00:00,6.17,6.17,6.14,6.17,701807
2012-07-11/00:00:00,6.14,6.14,6.13,6.13,630275
2012-07-12/00:00:00,6.16,6.16,6.14,6.16,76339
2012-07-15/00:00:00,6.13,6.14,6.13,6.13,248587
2012-07-16/00:00:00,6.13,6.17,6.11,6.11,283948
2012-07-17/00:00:00,6.14,6.14,6.1,6.11,442258
2012-07-18/00:00:00,6.11,6.16,6.11,6.13,228518
2012-07-19/00:00:00,6.16,6.17,6.16,6.16,275276
2012-07-22/00:00:00,6.16,6.16,6.14,6.14,138695
2012-07-23/00:00:00,6.14,6.14,6.13,6.13,57379
2012-07-25/00:00:00,6.17,6.17,6.16,6.16,88482
2012-07-26/00:00:00,6.16,6.16,6.13,6.13,375689
2012-07-29/00:00:00,6.17,6.17,6.13,6.16,17875
2012-07-30/00:00:00,6.17,6.21,6.17,6.19,731096
2012-07-31/00:00:00,6.21,6.28,6.21,6.25,1422697
2012-08-01/00:00:00,6.25,6.27,6.25,6.25,248623
2012-08-02/00:00:00,6.17,6.32,6.17,6.29,74461
2012-08-05/00:00:00,6.32,6.39,6.32,6.34,174239
2012-08-06/00:00:00,6.34,6.36,6.33,6.34,99376
2012-08-07/00:00:00,6.36,6.42,6.34,6.4,253152
2012-08-08/00:00:00,6.39,6.46,6.32,6.38,274361
2012-08-09/00:00:00,6.39,6.57,6.39,6.51,240475
2012-08-12/00:00:00,6.49,6.51,6.49,6.49,25188
2012-08-13/00:00:00,6.49,6.49,6.46,6.47,109071
2012-08-14/00:00:00,6.49,6.53,6.49,6.49,231769
2012-08-15/00:00:00,6.49,6.49,6.48,6.49,143031
2012-08-16/00:00:00,6.49,6.57,6.4,6.53,610004
2012-08-22/00:00:00,6.53,6.55,6.51,6.52,88762
2012-08-23/00:00:00,6.53,6.53,6.51,6.51,63323
2012-08-26/00:00:00,6.51,6.58,6.51,6.57,453343
2012-08-27/00:00:00,6.53,6.53,6.49,6.51,164953
2012-08-28/00:00:00,6.49,6.49,6.36,6.47,135404
2012-08-29/00:00:00,6.42,6.42,6.42,6.42,74060
2012-08-30/00:00:00,6.38,6.38,6.3,6.34,272526
2012-09-02/00:00:00,6.32,6.32,6.28,6.3,402817
2012-09-03/00:00:00,6.32,6.32,6.28,6.29,1941519
2012-09-04/00:00:00,6.28,6.29,6.28,6.28,256445
2012-09-05/00:00:00,6.28,6.32,6.28,6.28,766916
2012-09-09/00:00:00,6.53,6.57,6.53,6.56,152496
2012-09-10/00:00:00,6.53,6.59,6.53,6.57,532193
2012-09-11/00:00:00,6.47,6.58,6.46,6.56,592740
2012-09-12/00:00:00,6.57,6.57,6.49,6.57,200259
2012-09-13/00:00:00,6.57,6.6,6.54,6.58,694822
2012-09-16/00:00:00,6.65,6.68,6.6,6.66,344720
2012-09-17/00:00:00,6.61,6.68,6.61,6.67,372575
2012-09-18/00:00:00,6.68,6.71,6.68,6.7,588762
2012-09-19/00:00:00,6.68,6.68,6.68,6.68,167960
2012-09-20/00:00:00,6.72,6.95,6.65,6.74,2306432
2012-09-23/00:00:00,6.74,6.83,6.74,6.76,127921
2012-09-24/00:00:00,6.68,6.83,6.68,6.69,47182
2012-09-25/00:00:00,6.68,6.76,6.68,6.69,418097
2012-09-26/00:00:00,6.69,6.69,6.68,6.68,32120
2012-09-27/00:00:00,6.68,6.76,6.68,6.75,143214
2012-09-30/00:00:00,6.76,6.76,6.76,6.76,10772
2012-10-01/00:00:00,6.83,7.02,6.82,6.98,1689921
2012-10-02/00:00:00,6.9,7.02,6.9,7.01,780122
2012-10-03/00:00:00,7.02,7.23,7.02,7.07,2647071
2012-10-04/00:00:00,7.14,7.17,7.06,7.14,274385
2012-10-07/00:00:00,7.06,7.09,7.06,7.06,32819
2012-10-08/00:00:00,7.06,7.14,7.06,7.07,106451
2012-10-09/00:00:00,7.21,7.21,7.1,7.1,17236
2012-10-10/00:00:00,7.03,7.17,7.03,7.08,91470
2012-10-11/00:00:00,7.1,7.21,7.1,7.15,208716
2012-10-14/00:00:00,7.03,7.04,7.02,7.03,183970
2012-10-15/00:00:00,7.02,7.06,7.02,7.02,2504360
2012-10-16/00:00:00,7.06,7.09,7.03,7.06,841596
2012-10-17/00:00:00,7.11,7.17,7.11,7.14,1491074
2012-10-18/00:00:00,7.15,7.21,7.14,7.15,1113870
2012-10-21/00:00:00,7.17,7.17,7.17,7.17,873546
2012-10-22/00:00:00,7.17,7.21,7.17,7.19,502908
2012-10-24/00:00:00,7.21,7.24,7.17,7.22,1502739
2012-10-29/00:00:00,7.31,7.42,7.31,7.39,2087656
2012-10-30/00:00:00,7.35,7.35,7.27,7.33,254621
2012-10-31/00:00:00,7.31,7.35,7.31,7.35,406659
2012-11-01/00:00:00,7.31,7.35,7.31,7.34,334008
2012-11-04/00:00:00,7.31,7.31,7.27,7.31,359822
2012-11-05/00:00:00,7.35,7.35,7.24,7.3,228043
2012-11-06/00:00:00,7.33,7.34,7.27,7.32,223528
2012-11-07/00:00:00,7.27,7.27,7.24,7.26,20184
2012-11-08/00:00:00,7.15,7.35,7.14,7.24,420949
2012-11-11/00:00:00,7.07,7.15,7.06,7.07,2718599
2012-11-12/00:00:00,7.27,7.35,7.27,7.3,717166
2012-11-13/00:00:00,7.27,7.35,7.27,7.28,413762
2012-11-14/00:00:00,7.31,7.35,7.31,7.31,581560
2012-11-18/00:00:00,7.31,7.31,7.21,7.29,343362
2012-11-19/00:00:00,7.21,7.22,7.21,7.21,189864
2012-11-20/00:00:00,7.31,7.31,7.21,7.27,37915
2012-11-21/00:00:00,7.21,7.21,7.17,7.2,249113
2012-11-22/00:00:00,7.24,7.24,7.14,7.15,267645
2012-11-25/00:00:00,7.14,7.14,7.13,7.13,33664
2012-11-26/00:00:00,7.27,7.34,7.24,7.29,269326
2012-11-27/00:00:00,7.35,7.35,7.35,7.35,27308
2012-11-28/00:00:00,7.35,7.46,7.35,7.42,891857
2012-11-29/00:00:00,7.5,7.84,7.5,7.72,403988
2012-12-04/00:00:00,7.72,7.72,7.42,7.65,721927
2012-12-05/00:00:00,7.65,7.65,7.61,7.65,440180
2012-12-06/00:00:00,7.57,7.57,7.5,7.57,898236
2012-12-09/00:00:00,7.57,7.65,7.57,7.65,455278
2012-12-10/00:00:00,7.72,7.72,7.5,7.57,1054031
2012-12-11/00:00:00,7.57,7.57,7.54,7.57,133690
2012-12-12/00:00:00,7.57,7.65,7.57,7.65,645523
2012-12-13/00:00:00,7.5,7.57,7.46,7.5,676644
2012-12-16/00:00:00,7.57,7.61,7.57,7.57,117835
2012-12-17/00:00:00,7.57,7.65,7.46,7.54,358192
2012-12-18/00:00:00,7.57,7.57,7.54,7.57,22783
2012-12-19/00:00:00,7.57,7.61,7.57,7.57,447177
2012-12-20/00:00:00,7.57,7.61,7.57,7.57,9902671
2012-12-23/00:00:00,7.57,7.72,7.57,7.61,544673
2012-12-24/00:00:00,7.65,7.65,7.65,7.65,444116
2012-12-25/00:00:00,7.65,7.65,7.65,7.65,10975
2012-12-26/00:00:00,7.65,7.65,7.65,7.65,134655
2012-12-27/00:00:00,7.65,7.65,7.65,7.65,518277
2012-12-30/00:00:00,7.65,7.65,7.61,7.65,614507
2012-12-31/00:00:00,7.61,7.65,7.57,7.65,825152
2013-01-02/00:00:00,7.65,7.65,7.61,7.65,538858
2013-01-03/00:00:00,7.65,7.8,7.65,7.68,1197491
2013-01-06/00:00:00,7.8,8.13,7.8,8.13,441314
2013-01-07/00:00:00,8.16,8.45,8.1,8.41,998668
2013-01-08/00:00:00,8.37,8.37,8.25,8.29,423657
2013-01-09/00:00:00,8.29,8.37,8.29,8.29,91566
2013-01-10/00:00:00,8.25,8.29,8.21,8.21,763438
2013-01-13/00:00:00,8.25,8.58,8.25,8.49,335400
2013-01-14/00:00:00,8.41,8.41,8.41,8.41,45525
2013-01-15/00:00:00,8.37,8.37,8.37,8.37,50871
2013-01-16/00:00:00,8.37,8.54,8.37,8.41,1315852
2013-01-17/00:00:00,8.41,8.41,8.16,8.37,769871
2013-01-20/00:00:00,8.21,8.25,8.16,8.21,860758
2013-01-21/00:00:00,8.33,8.33,8.33,8.33,7609
2013-01-22/00:00:00,8.29,8.29,8.1,8.16,72145
2013-01-23/00:00:00,8.21,8.21,8.16,8.16,459084
2013-01-27/00:00:00,8.29,8.29,8.21,8.25,73510
2013-01-28/00:00:00,8.29,8.37,8.13,8.25,1380385
2013-01-30/00:00:00,8.33,8.33,8.16,8.25,2147678
2013-01-31/00:00:00,8.33,8.33,8.03,8.13,1518910
2013-02-03/00:00:00,8.13,8.25,8.1,8.13,1765023
2013-02-04/00:00:00,8.16,8.21,8.16,8.16,3195892
2013-02-05/00:00:00,8.21,8.25,8.21,8.25,2451609
2013-02-06/00:00:00,8.21,8.29,8.21,8.25,1020455
2013-02-07/00:00:00,8.21,8.37,8.21,8.37,183805
2013-02-10/00:00:00,8.37,8.37,8.29,8.29,221956
2013-02-11/00:00:00,8.33,8.33,8.29,8.29,376499
2013-02-12/00:00:00,8.25,8.33,8.25,8.29,452884
2013-02-13/00:00:00,8.29,8.33,8.29,8.29,720110
2013-02-14/00:00:00,8.29,8.33,8.29,8.29,569199
2013-02-17/00:00:00,8.29,8.37,8.29,8.33,669631
2013-02-18/00:00:00,8.37,8.37,8.33,8.37,354144
2013-02-19/00:00:00,8.33,8.37,8.33,8.33,1900415
2013-02-20/00:00:00,8.37,8.37,8.33,8.37,675568
2013-02-21/00:00:00,8.33,8.33,8.29,8.29,161577
2013-02-24/00:00:00,8.33,8.37,8.29,8.33,291901
2013-02-25/00:00:00,8.33,8.37,8.33,8.37,757586
2013-02-26/00:00:00,8.33,8.37,8.33,8.33,333796
2013-02-27/00:00:00,8.37,8.37,8.37,8.37,316018
2013-02-28/00:00:00,8.37,8.78,8.37,8.37,787218
2013-03-03/00:00:00,8.41,8.41,8.37,8.37,85910
2013-03-04/00:00:00,8.62,8.62,8.54,8.58,1175240
2013-03-05/00:00:00,8.54,8.58,8.54,8.58,588173
2013-03-06/00:00:00,8.58,8.58,8.54,8.58,466448
2013-03-07/00:00:00,8.54,8.75,8.54,8.75,587334
2013-03-10/00:00:00,8.62,8.7,8.62,8.7,365691
2013-03-11/00:00:00,8.75,8.83,8.7,8.83,1125586
2013-03-12/00:00:00,8.78,8.91,8.78,8.86,1626015
2013-03-13/00:00:00,8.78,8.83,8.7,8.83,1337127
2013-03-14/00:00:00,8.78,8.91,8.75,8.78,2341384
2013-03-17/00:00:00,8.78,8.78,8.7,8.78,403157
2013-03-18/00:00:00,8.7,8.78,8.7,8.78,316319
2013-03-19/00:00:00,8.78,8.91,8.78,8.91,787582
2013-03-20/00:00:00,8.99,8.99,8.83,8.99,2259357
2013-03-21/00:00:00,9.21,9.21,8.66,8.66,161823
2013-03-24/00:00:00,8.66,8.66,8.54,8.58,165259
2013-03-25/00:00:00,8.54,8.66,8.54,8.66,806607
2013-03-26/00:00:00,8.66,8.99,8.66,8.99,995257
2013-03-27/00:00:00,8.99,8.99,8.95,8.95,963864
2013-03-28/00:00:00,8.95,8.99,8.95,8.99,186699
2013-03-31/00:00:00,8.99,9.03,8.99,9.03,103991
2013-04-01/00:00:00,8.99,9.03,8.99,8.99,1205389
2013-04-02/00:00:00,8.99,8.99,8.75,8.95,361208
2013-04-03/00:00:00,8.95,8.99,8.95,8.95,71835
2013-04-04/00:00:00,8.66,8.99,8.66,8.86,944524
2013-04-07/00:00:00,8.86,8.91,8.86,8.91,898619
2013-04-08/00:00:00,8.91,8.99,8.86,8.91,516457
2013-04-09/00:00:00,8.95,8.99,8.95,8.99,428526
2013-04-10/00:00:00,8.95,8.95,8.86,8.86,990256
2013-04-11/00:00:00,8.91,8.91,8.86,8.86,296954
2013-04-14/00:00:00,8.83,8.86,8.78,8.83,659359
2013-04-15/00:00:00,8.91,8.95,8.91,8.95,473349
2013-04-16/00:00:00,8.95,9.03,8.91,8.99,841555
2013-04-17/00:00:00,8.99,8.99,8.91,8.99,152987
2013-04-18/00:00:00,8.95,8.99,8.95,8.99,178361
2013-04-21/00:00:00,8.95,9.03,8.91,8.99,255006
2013-04-22/00:00:00,9.03,9.07,9.03,9.07,554332
2013-04-24/00:00:00,9.21,9.8,9.21,9.57,6169144
2013-04-25/00:00:00,9.57,9.88,9.53,9.88,2677034
2013-04-28/00:00:00,9.8,9.98,9.8,9.88,1149133
2013-04-29/00:00:00,9.84,9.84,9.75,9.84,974283
2013-04-30/00:00:00,9.8,9.88,9.8,9.88,893050
2013-05-01/00:00:00,9.98,9.98,9.84,9.84,2509257
2013-05-02/00:00:00,9.8,10.05,9.8,10.05,775661
2013-05-05/00:00:00,9.84,9.88,9.75,9.8,394152
2013-05-06/00:00:00,9.84,9.88,9.8,9.84,263222
2013-05-07/00:00:00,9.84,9.84,9.8,9.8,411293
2013-05-08/00:00:00,9.8,9.93,9.8,9.84,1954811
2013-05-09/00:00:00,9.88,10.05,9.84,10.05,1346708
2013-05-12/00:00:00,10.05,10.2,9.98,10.15,2450083
2013-05-13/00:00:00,10.15,10.15,10.1,10.1,883016
2013-05-14/00:00:00,10.15,10.2,10.15,10.15,2711055
2013-05-15/00:00:00,10.2,10.25,10.15,10.15,1567814
2013-05-16/00:00:00,10.15,10.15,10.1,10.15,328106
2013-05-19/00:00:00,10.15,10.15,10.05,10.15,306924
2013-05-20/00:00:00,10.15,10.15,9.8,9.98,437466
2013-05-21/00:00:00,9.98,10.05,9.88,10.05,642627
2013-05-22/00:00:00,10.05,10.05,9.98,10.05,399000
2013-05-23/00:00:00,9.8,9.84,9.8,9.84,349120
2013-05-26/00:00:00,9.84,9.84,9.71,9.71,131383
2013-05-27/00:00:00,9.66,9.84,9.44,9.84,572716
2013-05-28/00:00:00,9.8,9.93,9.48,9.66,3015631
2013-05-29/00:00:00,9.75,9.84,9.71,9.8,140534
2013-05-30/00:00:00,9.84,9.84,9.75,9.8,354219
2013-06-02/00:00:00,9.8,9.8,9.71,9.8,481732
2013-06-03/00:00:00,9.75,9.8,9.57,9.8,643041
2013-06-04/00:00:00,9.71,9.8,9.71,9.8,398492
2013-06-05/00:00:00,9.71,9.8,9.66,9.8,289200
2013-06-09/00:00:00,9.8,9.8,9.75,9.8,266156
2013-06-10/00:00:00,9.8,9.8,9.75,9.8,464899
2013-06-11/00:00:00,9.71,9.8,9.71,9.8,700990
2013-06-12/00:00:00,9.84,10.25,9.84,10.15,2241037
2013-06-13/00:00:00,9.88,10.15,9.71,9.8,1992667
2013-06-16/00:00:00,9.71,9.75,9.71,9.71,712401
2013-06-17/00:00:00,9.71,9.8,9.66,9.8,794236
2013-06-18/00:00:00,9.8,10.15,9.8,10.15,382701
2013-06-19/00:00:00,9.84,10.15,9.84,10.15,402201
2013-06-20/00:00:00,9.88,10.1,9.71,9.71,517331
2013-06-23/00:00:00,9.8,9.8,9.57,9.57,250446
2013-06-24/00:00:00,9.57,9.57,9.34,9.34,1007189
2013-06-25/00:00:00,9.3,9.3,9.3,9.3,506282
2013-06-26/00:00:00,9.34,9.34,9.21,9.21,163733
2013-06-27/00:00:00,9.3,9.3,9.21,9.21,201655
2013-06-30/00:00:00,9.25,9.25,9.21,9.21,662385
2013-07-01/00:00:00,9.25,9.66,9.21,9.66,218371
2013-07-02/00:00:00,9.39,9.44,9.3,9.39,210451
2013-07-03/00:00:00,9.21,9.25,9.21,9.25,170749
2013-07-04/00:00:00,9.3,9.34,9.3,9.34,46346
2013-07-07/00:00:00,9.39,9.39,9.39,9.39,50849
2013-07-08/00:00:00,9.39,9.8,9.39,9.8,148569
2013-07-09/00:00:00,9.8,9.8,9.62,9.8,149453
2013-07-10/00:00:00,9.8,9.98,9.8,9.8,765088
2013-07-11/00:00:00,9.8,9.93,9.8,9.88,36516
2013-07-14/00:00:00,9.88,9.98,9.75,9.88,741886
2013-07-15/00:00:00,9.93,10.35,9.93,10.15,727681
2013-07-16/00:00:00,10.2,10.3,10.2,10.3,744790
2013-07-17/00:00:00,10.4,10.7,10.35,10.55,1820796
2013-07-18/00:00:00,10.65,10.7,10.65,10.7,1207830
2013-07-21/00:00:00,10.7,10.75,10.7,10.75,192312
2013-07-22/00:00:00,10.75,10.9,10.75,10.85,271469
2013-07-24/00:00:00,10.8,10.85,10.2,10.6,3053139
2013-07-25/00:00:00,10.6,10.65,10.5,10.65,981694
2013-07-28/00:00:00,10.65,10.85,10.6,10.7,9536485
2013-07-29/00:00:00,10.7,10.7,10.65,10.7,3682685
2013-07-30/00:00:00,10.7,10.8,10.7,10.7,1229062
2013-07-31/00:00:00,10.7,10.75,10.65,10.65,504698
2013-08-01/00:00:00,10.7,10.85,10.7,10.85,448399
2013-08-04/00:00:00,10.85,10.85,10.75,10.85,221655
2013-08-05/00:00:00,10.8,10.9,10.75,10.85,1711016
2013-08-06/00:00:00,10.75,10.8,10.7,10.75,1041962
2013-08-11/00:00:00,10.65,10.7,10.65,10.65,85641
2013-08-12/00:00:00,10.7,10.7,10.65,10.65,656836
2013-08-13/00:00:00,10.65,10.65,10.65,10.65,430910
2013-08-14/00:00:00,10.65,10.7,10.65,10.7,488909
2013-08-15/00:00:00,10.7,10.7,10.7,10.7,153289
2013-08-18/00:00:00,10.7,10.7,10.7,10.7,587122
2013-08-19/00:00:00,10.7,10.85,10.7,10.85,478452
2013-08-20/00:00:00,10.8,10.8,10.8,10.8,236608
2013-08-21/00:00:00,10.85,10.95,10.75,10.95,265418
2013-08-22/00:00:00,10.95,11.15,10.95,11.1,1021381
2013-08-25/00:00:00,11.15,11.45,11.15,11.45,1194640
2013-08-26/00:00:00,11.35,11.45,11.1,11.1,906519
2013-08-27/00:00:00,11.1,11.3,10.8,10.8,2736471
2013-08-28/00:00:00,11.0,11.0,10.6,10.7,1847000
2013-08-29/00:00:00,10.8,10.8,10.6,10.65,1713495
2013-09-01/00:00:00,10.65,10.7,10.65,10.7,436141
2013-09-02/00:00:00,10.75,10.85,10.65,10.65,2467954
2013-09-03/00:00:00,10.65,10.7,10.65,10.65,391776
2013-09-04/00:00:00,10.2,10.5,10.2,10.25,698742
2013-09-05/00:00:00,10.25,10.25,9.71,9.8,726853
2013-09-08/00:00:00,10.1,10.1,9.39,9.71,911981
2013-09-09/00:00:00,9.44,9.62,9.34,9.44,1579717
2013-09-10/00:00:00,10.2,10.2,9.8,10.15,666649
2013-09-11/00:00:00,10.2,10.2,10.1,10.1,523317
2013-09-12/00:00:00,10.1,10.25,10.1,10.2,295949
2013-09-15/00:00:00,10.5,10.65,10.25,10.25,666020
2013-09-16/00:00:00,10.35,10.35,10.2,10.2,112592
2013-09-17/00:00:00,10.2,10.25,10.2,10.25,144770
2013-09-18/00:00:00,10.25,10.35,10.15,10.15,142852
2013-09-19/00:00:00,10.4,10.4,10.2,10.4,883026
2013-09-22/00:00:00,10.15,10.2,10.15,10.2,275432
2013-09-23/00:00:00,10.25,10.5,10.2,10.5,2007928
2013-09-24/00:00:00,10.5,10.6,10.15,10.15,3248608
2013-09-25/00:00:00,10.15,10.4,10.15,10.4,1147016
2013-09-26/00:00:00,10.2,10.3,10.2,10.3,1158980
2013-09-29/00:00:00,10.2,10.45,10.2,10.25,978563
2013-09-30/00:00:00,10.25,10.45,10.2,10.45,967304
2013-10-01/00:00:00,10.5,10.55,10.45,10.5,576227
2013-10-02/00:00:00,10.35,10.5,10.3,10.5,33798
2013-10-03/00:00:00,10.4,10.5,10.4,10.5,151488
2013-10-06/00:00:00,10.4,10.5,10.4,10.4,155488
2013-10-07/00:00:00,10.4,10.6,10.4,10.5,681443
2013-10-08/00:00:00,10.5,10.6,10.5,10.6,623490
2013-10-09/00:00:00,10.6,10.7,10.6,10.7,3950481
2013-10-10/00:00:00,10.65,10.7,10.65,10.7,464462
2013-10-20/00:00:00,10.8,10.8,10.65,10.75,906646
2013-10-21/00:00:00,10.85,10.85,10.7,10.7,116105
2013-10-22/00:00:00,10.7,10.95,10.7,10.75,463642
2013-10-23/00:00:00,11.0,11.0,10.95,11.0,248419
2013-10-24/00:00:00,10.75,11.0,10.75,11.0,282284
2013-10-27/00:00:00,11.0,11.0,11.0,11.0,6752
2013-10-28/00:00:00,11.0,11.0,10.7,10.7,472855
2013-10-30/00:00:00,10.65,10.65,10.25,10.3,2934928
2013-10-31/00:00:00,10.35,10.6,10.2,10.2,1385544
2013-11-04/00:00:00,10.5,10.5,10.3,10.3,138818
2013-11-05/00:00:00,10.4,10.4,10.15,10.2,577307
2013-11-06/00:00:00,10.35,10.35,10.15,10.15,878079
2013-11-07/00:00:00,10.15,10.15,10.1,10.1,371215
2013-11-10/00:00:00,10.1,10.1,9.98,9.98,532342
2013-11-11/00:00:00,10.1,10.1,9.8,9.8,1037473
2013-11-12/00:00:00,9.8,9.8,9.71,9.71,969605
2013-11-13/00:00:00,9.71,9.71,9.66,9.71,553278
2013-11-14/00:00:00,9.66,9.71,9.62,9.62,467010
2013-11-17/00:00:00,9.57,9.62,9.48,9.48,688885
2013-11-18/00:00:00,9.57,9.75,9.57,9.75,295275
2013-11-19/00:00:00,9.71,9.88,9.71,9.8,251453
2013-11-20/00:00:00,9.88,9.88,9.8,9.84,215171
2013-11-21/00:00:00,9.88,9.93,9.84,9.84,688895
2013-11-24/00:00:00,9.84,9.84,9.66,9.66,123492
2013-11-25/00:00:00,9.75,9.8,9.71,9.71,294946
2013-11-26/00:00:00,9.8,9.88,9.71,9.8,1075029
2013-11-27/00:00:00,9.84,10.2,9.71,9.93,814309
2013-11-28/00:00:00,10.1,10.1,9.8,9.8,300673
2013-12-02/00:00:00,9.71,9.98,9.66,9.98,143224
2013-12-03/00:00:00,9.98,10.15,9.98,10.15,392199
2013-12-04/00:00:00,10.15,10.2,10.15,10.2,496864
2013-12-05/00:00:00,10.2,10.3,10.2,10.3,330359
2013-12-08/00:00:00,10.2,10.5,10.2,10.5,137849
2013-12-09/00:00:00,10.55,10.65,10.55,10.65,561187
2013-12-10/00:00:00,10.65,10.65,10.5,10.65,743199
2013-12-11/00:00:00,10.6,10.6,10.5,10.6,268175
2013-12-12/00:00:00,10.6,10.6,10.6,10.6,229289
2013-12-15/00:00:00,10.65,10.75,10.65,10.75,401939
2013-12-16/00:00:00,10.7,10.7,10.55,10.55,362962
2013-12-17/00:00:00,10.55,10.65,10.55,10.65,817545
2013-12-18/00:00:00,10.65,10.75,10.65,10.65,314082
2013-12-19/00:00:00,10.75,10.9,10.75,10.9,567745
2013-12-22/00:00:00,10.8,10.8,10.7,10.7,39907
2013-12-23/00:00:00,10.7,10.75,10.7,10.75,233052
2013-12-24/00:00:00,10.8,10.85,10.75,10.8,189011
2013-12-25/00:00:00,10.75,10.8,10.75,10.8,44383
2013-12-26/00:00:00,10.8,10.8,10.7,10.7,5019
2013-12-29/00:00:00,10.8,11.0,10.75,11.0,144115
2013-12-30/00:00:00,11.0,11.3,11.0,11.15,299744
2013-12-31/00:00:00,11.1,11.35,11.1,11.35,1059696
2014-01-02/00:00:00,11.35,11.65,11.35,11.65,391358
2014-01-05/00:00:00,11.65,11.95,11.6,11.6,1277209
2014-01-06/00:00:00,11.95,12.25,11.75,12.25,1368834
2014-01-07/00:00:00,12.25,12.3,12.05,12.05,1087636
2014-01-08/00:00:00,12.05,12.25,11.85,11.95,320189
2014-01-09/00:00:00,12.15,12.25,12.05,12.25,892512
2014-01-13/00:00:00,12.25,12.3,12.2,12.2,640536
2014-01-14/00:00:00,12.2,12.3,12.0,12.25,1349095
2014-01-15/00:00:00,12.25,12.65,12.25,12.25,2048792
2014-01-16/00:00:00,12.05,12.65,12.05,12.65,582276
2014-01-19/00:00:00,12.6,12.6,12.35,12.6,226147
2014-01-20/00:00:00,12.6,12.6,12.35,12.35,888848
2014-01-21/00:00:00,12.35,12.6,12.35,12.5,684712
2014-01-22/00:00:00,12.35,12.75,12.35,12.75,793413
2014-01-23/00:00:00,12.8,13.1,12.75,13.1,2114739
2014-01-26/00:00:00,12.95,12.95,12.5,12.6,589790
2014-01-27/00:00:00,12.85,13.1,12.65,13.1,1072011
2014-01-29/00:00:00,13.1,13.15,12.7,12.9,1680461
2014-01-30/00:00:00,12.65,12.8,12.45,12.45,1988846
2014-02-02/00:00:00,12.85,12.85,12.4,12.75,1996516
2014-02-03/00:00:00,12.4,12.55,12.3,12.3,1341315
2014-02-04/00:00:00,12.25,12.35,12.25,12.3,822153
2014-02-05/00:00:00,12.35,12.35,12.25,12.25,737133
2014-02-06/00:00:00,12.35,12.35,12.1,12.2,799223
2014-02-09/00:00:00,12.2,12.35,12.1,12.25,1423910
2014-02-10/00:00:00,12.25,12.35,12.2,12.35,1582078
2014-02-11/00:00:00,12.35,12.35,12.1,12.15,455818
2014-02-12/00:00:00,12.25,12.25,12.1,12.25,311130
2014-02-13/00:00:00,12.25,12.45,12.25,12.45,2328706
2014-02-16/00:00:00,12.45,12.5,12.35,12.45,1046992
2014-02-17/00:00:00,12.4,12.45,12.2,12.45,480819
2014-02-18/00:00:00,12.45,12.45,12.4,12.45,277737
2014-02-19/00:00:00,12.35,12.5,12.35,12.5,127190
2014-02-20/00:00:00,12.55,12.55,12.4,12.5,198997
2014-02-23/00:00:00,12.45,12.5,12.25,12.3,965525
2014-02-24/00:00:00,12.3,12.45,12.25,12.45,69299
2014-02-25/00:00:00,12.35,12.6,12.35,12.55,203697
2014-02-26/00:00:00,12.6,12.65,12.6,12.65,333257
2014-02-27/00:00:00,12.5,12.8,12.1,12.1,813303
2014-03-02/00:00:00,12.25,12.6,12.25,12.6,207097
2014-03-03/00:00:00,12.4,12.4,12.1,12.1,749654
2014-03-04/00:00:00,12.1,12.1,12.05,12.05,1137472
2014-03-05/00:00:00,12.0,12.1,12.0,12.05,481197
2014-03-06/00:00:00,12.1,12.1,12.0,12.05,455491
2014-03-09/00:00:00,12.2,12.2,12.1,12.15,126708
2014-03-10/00:00:00,12.25,12.25,12.1,12.1,232317
2014-03-11/00:00:00,12.25,12.25,12.05,12.05,269957
2014-03-12/00:00:00,12.3,12.3,11.45,11.95,722788
2014-03-13/00:00:00,11.9,12.05,11.9,12.0,308438
2014-03-16/00:00:00,12.15,12.55,12.0,12.15,142612
2014-03-17/00:00:00,12.4,12.5,12.1,12.25,808284
2014-03-18/00:00:00,12.4,12.45,12.35,12.35,199576
2014-03-19/00:00:00,12.25,12.65,12.25,12.25,482128
2014-03-20/00:00:00,12.9,13.05,12.1,12.25,1121512
2014-03-23/00:00:00,12.1,12.6,12.1,12.3,708531
2014-03-24/00:00:00,12.55,12.6,12.25,12.55,582060
2014-03-25/00:00:00,12.2,12.45,12.2,12.2,113914
2014-03-26/00:00:00,12.2,12.6,12.2,12.5,499615
2014-03-27/00:00:00,12.5,12.5,12.2,12.5,124170
2014-03-30/00:00:00,12.45,12.5,12.3,12.5,89555
2014-03-31/00:00:00,12.45,12.45,12.2,12.2,388400
2014-04-01/00:00:00,12.2,13.05,12.2,12.6,910759
2014-04-02/00:00:00,12.6,12.6,12.45,12.5,630596
2014-04-03/00:00:00,12.4,12.5,12.4,12.5,355036
2014-04-06/00:00:00,12.4,12.5,12.4,12.5,500154
2014-04-07/00:00:00,12.35,12.5,12.35,12.5,423508
2014-04-08/00:00:00,12.5,12.6,12.45,12.6,941152
2014-04-09/00:00:00,12.6,13.05,12.6,13.05,917269
2014-04-10/00:00:00,12.95,13.8,12.95,13.5,1015149
2014-04-13/00:00:00,13.5,13.5,12.5,13.1,369427
2014-04-14/00:00:00,13.1,13.1,13.0,13.05,337188
2014-04-15/00:00:00,13.3,13.35,12.95,13.05,1052564
2014-04-16/00:00:00,13.05,13.4,12.95,13.4,549378
2014-04-17/00:00:00,13.4,13.55,13.35,13.55,1502124
2014-04-20/00:00:00,13.4,13.5,13.3,13.3,123694
2014-04-21/00:00:00,13.35,13.5,13.3,13.45,748751
2014-04-22/00:00:00,13.4,13.45,13.05,13.4,766440
2014-04-23/00:00:00,13.15,13.5,13.15,13.5,543248
2014-04-24/00:00:00,13.45,13.45,13.1,13.4,401299
2014-04-27/00:00:00,13.35,13.4,13.2,13.25,113129
2014-04-29/00:00:00,13.3,13.3,12.9,13.05,1324104
2014-04-30/00:00:00,12.85,13.0,12.8,12.8,759849
2014-05-01/00:00:00,12.85,12.85,12.6,12.7,391023
2014-05-04/00:00:00,12.8,12.85,12.65,12.7,575719
2014-05-05/00:00:00,12.75,12.75,12.6,12.65,1118988
2014-05-06/00:00:00,12.6,12.65,12.5,12.6,764432
2014-05-07/00:00:00,12.45,12.6,12.45,12.6,563222
2014-05-08/00:00:00,12.6,12.6,12.4,12.6,360357
2014-05-11/00:00:00,12.5,12.6,12.4,12.55,1272145
2014-05-12/00:00:00,12.55,12.6,12.5,12.6,2214090
2014-05-13/00:00:00,12.6,12.6,12.25,12.6,1955742
2014-05-14/00:00:00,12.6,12.85,12.6,12.7,3669956
2014-05-15/00:00:00,12.9,12.9,12.6,12.8,3509458
2014-05-18/00:00:00,12.8,12.95,12.6,12.95,3267728
2014-05-19/00:00:00,12.75,12.85,12.2,12.45,4423143
2014-05-20/00:00:00,12.25,12.45,11.75,12.1,2593188
2014-05-21/00:00:00,11.95,12.45,11.95,12.3,2057470
2014-05-22/00:00:00,12.4,12.85,12.4,12.85,6662100
2014-05-26/00:00:00,12.9,13.5,12.9,13.5,5392581
2014-05-27/00:00:00,13.2,14.3,13.15,14.0,6578041
2014-05-28/00:00:00,14.3,14.4,13.5,13.5,6969660
2014-05-29/00:00:00,13.95,15.5,13.95,15.5,23893864
2014-06-01/00:00:00,15.0,15.1,14.5,14.5,9096431
2014-06-02/00:00:00,14.6,14.85,14.25,14.25,2581169
2014-06-03/00:00:00,14.45,14.45,13.65,14.2,1922044
2014-06-04/00:00:00,13.7,14.0,13.65,13.65,1262193
2014-06-05/00:00:00,13.6,13.6,13.4,13.6,2517470
2014-06-08/00:00:00,13.3,13.5,13.3,13.35,619645
2014-06-09/00:00:00,13.1,13.6,13.05,13.5,1656730
2014-06-10/00:00:00,12.8,13.8,12.8,13.6,2674468
2014-06-11/00:00:00,13.5,13.95,13.4,13.95,3810174
2014-06-12/00:00:00,13.55,13.9,13.5,13.7,1622446
2014-06-15/00:00:00,13.5,13.5,13.15,13.15,409662
2014-06-16/00:00:00,13.1,13.45,12.85,13.45,2807818
2014-06-17/00:00:00,13.45,13.6,12.6,12.6,1184932
2014-06-18/00:00:00,13.45,13.45,13.05,13.1,1869539
2014-06-19/00:00:00,13.1,13.8,13.1,13.25,1836315
2014-06-22/00:00:00,13.65,13.75,13.05,13.05,231623
2014-06-23/00:00:00,13.05,13.15,12.85,13.15,990776
2014-06-24/00:00:00,13.15,13.15,12.8,12.95,1132000
2014-06-25/00:00:00,13.05,13.05,12.6,12.6,1022444
2014-06-26/00:00:00,13.05,13.3,12.95,13.05,246385
2014-06-29/00:00:00,12.65,12.75,12.65,12.75,294629
2014-06-30/00:00:00,12.6,12.75,12.0,12.75,1540420
2014-07-01/00:00:00,12.35,12.65,12.35,12.45,522965
2014-07-02/00:00:00,12.6,13.25,12.6,13.25,435191
2014-07-03/00:00:00,12.7,13.15,12.7,12.95,408749
2014-07-06/00:00:00,12.95,13.15,12.95,13.15,19211
2014-07-07/00:00:00,13.15,13.5,13.15,13.4,413313
2014-07-08/00:00:00,13.1,13.35,13.1,13.35,501222
2014-07-09/00:00:00,13.4,13.5,13.2,13.2,114720
2014-07-10/00:00:00,13.3,13.45,13.25,13.45,325486
2014-07-13/00:00:00,13.45,13.45,12.6,13.05,308494
2014-07-14/00:00:00,13.1,13.6,13.05,13.6,1316826
2014-07-15/00:00:00,13.15,13.5,13.1,13.2,652463
2014-07-16/00:00:00,13.45,13.45,13.2,13.35,606525
2014-07-17/00:00:00,13.05,13.25,13.05,13.15,675810
2014-07-20/00:00:00,13.2,13.2,13.05,13.05,376815
2014-07-21/00:00:00,13.1,13.3,13.05,13.3,316630
2014-07-22/00:00:00,13.4,13.4,13.2,13.2,224554
2014-07-23/00:00:00,13.1,13.1,12.95,13.05,1283967
2014-07-24/00:00:00,12.9,12.9,12.7,12.8,804487
2014-07-27/00:00:00,12.8,12.95,12.65,12.65,2503344
2014-07-31/00:00:00,12.95,13.05,12.95,13.05,238325
2014-08-03/00:00:00,12.95,12.95,12.65,12.75,141904
2014-08-04/00:00:00,12.8,12.8,12.15,12.15,1459876
2014-08-05/00:00:00,12.5,12.65,12.5,12.6,626189
2014-08-06/00:00:00,12.4,12.6,12.2,12.4,1436815
2014-08-07/00:00:00,12.35,12.6,12.35,12.6,239501
2014-08-10/00:00:00,12.6,12.6,12.55,12.6,51762
2014-08-11/00:00:00,12.6,12.6,12.4,12.6,399625
2014-08-12/00:00:00,12.6,12.6,12.6,12.6,276693
2014-08-13/00:00:00,12.6,13.05,12.6,13.05,781793
2014-08-14/00:00:00,12.85,13.3,12.85,13.3,342562
2014-08-17/00:00:00,12.7,13.05,12.65,13.05,26984
2014-08-18/00:00:00,12.75,13.05,12.75,13.05,285190
2014-08-19/00:00:00,13.05,13.05,13.0,13.05,107511
2014-08-20/00:00:00,13.05,13.25,12.95,13.25,124089
2014-08-21/00:00:00,12.75,13.1,12.75,12.95,110070
2014-08-24/00:00:00,13.05,13.05,12.7,12.75,276945
2014-08-25/00:00:00,12.75,12.75,12.6,12.6,470663
2014-08-26/00:00:00,12.65,12.85,12.6,12.85,285158
2014-08-27/00:00:00,12.85,12.85,12.6,12.85,640350
2014-08-28/00:00:00,12.75,12.75,12.55,12.6,1095356
2014-08-31/00:00:00,12.85,12.85,12.6,12.65,349845
2014-09-01/00:00:00,12.6,12.95,12.6,12.7,1311562
2014-09-02/00:00:00,12.8,13.1,12.8,13.05,1744935
2014-09-03/00:00:00,13.0,13.15,12.95,13.0,799143
2014-09-04/00:00:00,13.0,13.0,12.85,13.0,450459
2014-09-07/00:00:00,13.1,13.1,12.85,12.95,475933
2014-09-08/00:00:00,12.95,12.95,12.8,12.95,349556
2014-09-09/00:00:00,12.95,12.95,12.9,12.95,284054
2014-09-10/00:00:00,12.8,12.95,12.65,12.7,247802
2014-09-11/00:00:00,12.75,13.1,12.75,13.1,1077831
2014-09-14/00:00:00,13.1,13.1,12.8,13.05,123119
2014-09-15/00:00:00,12.8,12.85,12.7,12.8,362601
2014-09-16/00:00:00,12.9,13.1,12.9,13.05,789939
2014-09-17/00:00:00,13.0,13.1,13.0,13.1,472176
2014-09-18/00:00:00,13.1,13.85,13.05,13.85,2231827
2014-09-21/00:00:00,13.75,13.75,13.3,13.35,522455
2014-09-22/00:00:00,13.4,13.5,13.3,13.5,162301
2014-09-23/00:00:00,13.45,13.6,13.25,13.25,558891
2014-09-24/00:00:00,13.25,13.35,13.1,13.35,453846
2014-09-25/00:00:00,13.1,13.5,13.1,13.5,555056
2014-09-28/00:00:00,13.15,13.15,13.1,13.1,99802
2014-09-29/00:00:00,13.1,13.3,13.05,13.3,479226
2014-09-30/00:00:00,13.3,13.3,13.0,13.0,1096996
2014-10-01/00:00:00,13.0,13.1,12.95,13.0,479713
2014-10-02/00:00:00,13.0,13.15,13.0,13.15,476381
2014-10-07/00:00:00,13.1,13.2,13.0,13.2,179597
2014-10-08/00:00:00,13.2,13.2,13.05,13.2,284368
2014-10-09/00:00:00,13.1,13.2,13.1,13.2,133613
2014-10-12/00:00:00,13.25,13.25,12.9,13.0,325780
2014-10-13/00:00:00,12.9,13.05,12.8,13.05,592528
2014-10-14/00:00:00,12.75,13.05,12.7,13.05,843071
2014-10-15/00:00:00,12.8,13.0,12.8,13.0,416400
2014-10-16/00:00:00,12.7,12.85,12.4,12.85,1561893
2014-10-19/00:00:00,12.85,12.85,12.2,12.6,409169
2014-10-20/00:00:00,12.6,12.6,12.3,12.3,811161
2014-10-21/00:00:00,12.35,12.6,12.35,12.6,632854
2014-10-22/00:00:00,12.85,12.85,12.6,12.6,775303
2014-10-23/00:00:00,12.65,12.85,12.65,12.85,63822
2014-10-26/00:00:00,12.65,12.85,12.6,12.85,257738
2014-10-27/00:00:00,12.75,12.75,12.7,12.7,110969
2014-10-29/00:00:00,12.8,13.05,12.6,12.8,1108941
2014-10-30/00:00:00,12.6,12.75,12.1,12.1,2352162
2014-11-02/00:00:00,12.35,12.4,12.15,12.15,289259
2014-11-03/00:00:00,12.3,12.4,12.2,12.4,487247
2014-11-04/00:00:00,12.4,12.6,12.4,12.6,337738
2014-11-05/00:00:00,12.35,12.35,11.75,11.75,968072
2014-11-06/00:00:00,12.0,12.1,11.95,11.95,132508
2014-11-09/00:00:00,12.05,12.05,11.95,11.95,226452
2014-11-10/00:00:00,12.0,12.0,11.9,11.95,346376
2014-11-11/00:00:00,11.85,11.85,11.75,11.85,526292
2014-11-12/00:00:00,12.0,12.05,11.95,11.95,110872
2014-11-13/00:00:00,12.1,12.3,12.0,12.2,2148936
2014-11-16/00:00:00,12.35,12.75,12.3,12.65,936577
2014-11-17/00:00:00,12.6,12.6,12.4,12.4,761514
2014-11-18/00:00:00,12.4,12.4,12.2,12.3,432083
2014-11-19/00:00:00,12.45,12.6,12.2,12.2,853636
2014-11-20/00:00:00,12.15,12.4,12.15,12.4,232488
2014-11-23/00:00:00,12.5,12.65,12.4,12.4,761535
2014-11-24/00:00:00,12.35,12.55,12.25,12.55,378137
2014-11-25/00:00:00,12.55,12.55,11.65,11.65,2957579
2014-11-26/00:00:00,11.8,12.1,11.75,12.1,966331
2014-11-27/00:00:00,11.85,12.1,11.85,12.1,299778
2014-11-30/00:00:00,11.9,11.9,11.65,11.8,739633
2014-12-01/00:00:00,11.65,12.35,11.65,12.35,307248
2014-12-04/00:00:00,12.0,12.05,11.5,11.5,1207646
2014-12-08/00:00:00,11.7,11.7,11.55,11.65,384662
2014-12-09/00:00:00,11.6,11.6,11.3,11.6,404404
2014-12-10/00:00:00,11.55,11.65,11.55,11.65,160816
2014-12-11/00:00:00,11.35,11.35,10.85,10.85,724068
2014-12-14/00:00:00,10.75,10.85,10.4,10.4,1145720
2014-12-15/00:00:00,10.35,10.75,9.88,9.88,600686
2014-12-16/00:00:00,9.88,10.75,8.99,9.03,1336184
2014-12-17/00:00:00,8.99,9.88,8.99,9.75,670259
2014-12-18/00:00:00,10.1,11.15,10.1,11.15,1067383
2014-12-21/00:00:00,12.1,12.25,11.05,12.1,1022713
2014-12-22/00:00:00,12.1,12.2,12.05,12.1,2464136
2014-12-23/00:00:00,12.05,12.05,11.9,11.9,38092
2014-12-24/00:00:00,11.95,12.1,11.95,12.1,151336
2014-12-25/00:00:00,11.85,12.4,11.85,12.4,312744
2014-12-28/00:00:00,12.4,12.6,12.3,12.55,957591
2014-12-29/00:00:00,12.6,12.65,12.4,12.4,1147816
2014-12-30/00:00:00,12.3,12.5,12.15,12.5,7141980
2014-12-31/00:00:00,12.2,12.4,12.2,12.3,429558
2015-01-04/00:00:00,12.45,12.45,12.45,12.45,93916
2015-01-05/00:00:00,12.45,12.45,12.35,12.45,237605
2015-01-06/00:00:00,12.1,12.1,11.6,11.6,564900
2015-01-07/00:00:00,11.95,12.05,11.95,12.05,363075
2015-01-08/00:00:00,12.1,12.6,12.1,12.1,368728
2015-01-11/00:00:00,12.1,12.1,12.1,12.1,20567
2015-01-12/00:00:00,12.1,12.1,12.05,12.05,235844
2015-01-13/00:00:00,11.75,12.6,11.75,12.6,1059288
2015-01-14/00:00:00,12.45,12.45,12.4,12.4,79794
2015-01-15/00:00:00,12.25,12.45,11.7,11.7,534607
2015-01-18/00:00:00,12.55,12.55,12.1,12.2,82625
2015-01-19/00:00:00,12.1,12.2,12.1,12.2,347063
2015-01-20/00:00:00,12.3,12.3,11.95,12.1,298224
2015-01-21/00:00:00,12.05,12.1,11.75,12.1,639085
2015-01-22/00:00:00,12.1,12.15,11.9,11.9,209094
2015-01-25/00:00:00,12.1,12.2,12.05,12.2,1023111
2015-01-26/00:00:00,11.85,12.1,11.8,12.1,282682
2015-01-27/00:00:00,11.8,12.2,11.8,12.2,492619
2015-01-29/00:00:00,12.2,12.2,11.55,11.55,962848
2015-02-01/00:00:00,11.95,12.2,11.7,12.05,441412
2015-02-02/00:00:00,12.05,12.15,12.0,12.0,344303
2015-02-03/00:00:00,12.05,12.2,12.05,12.2,445783
2015-02-04/00:00:00,12.3,12.6,12.15,12.3,1209931
2015-02-05/00:00:00,12.25,12.25,12.1,12.2,487565
2015-02-08/00:00:00,12.3,12.55,12.3,12.45,358827
2015-02-09/00:00:00,12.3,12.55,12.3,12.55,727516
2015-02-10/00:00:00,12.5,12.55,12.4,12.4,397844
2015-02-11/00:00:00,12.3,12.35,12.05,12.3,236313
2015-02-12/00:00:00,12.3,12.4,12.1,12.4,392735
2015-02-15/00:00:00,12.5,12.6,12.4,12.6,683826
2015-02-16/00:00:00,12.4,12.6,12.3,12.6,314152
2015-02-17/00:00:00,12.3,12.6,12.3,12.6,261822
2015-02-18/00:00:00,12.6,12.6,12.1,12.55,224973
2015-02-19/00:00:00,12.4,12.6,12.4,12.6,670544
2015-02-22/00:00:00,12.45,12.45,12.45,12.45,5564
2015-02-23/00:00:00,12.55,12.55,12.3,12.3,36279
2015-02-24/00:00:00,12.45,12.45,12.45,12.45,5535
2015-02-25/00:00:00,12.45,12.45,12.4,12.45,132564
2015-02-26/00:00:00,12.3,12.3,12.2,12.25,512819
2015-03-01/00:00:00,12.25,12.5,12.25,12.5,146210
2015-03-02/00:00:00,12.4,12.4,12.35,12.4,352420
2015-03-03/00:00:00,12.3,12.35,12.2,12.25,812706
2015-03-04/00:00:00,12.3,12.3,12.1,12.1,65312
2015-03-05/00:00:00,12.35,12.4,12.1,12.2,180395
2015-03-08/00:00:00,12.25,12.35,12.15,12.3,264539
2015-03-09/00:00:00,12.3,12.35,12.3,12.3,415693
2015-03-10/00:00:00,12.3,12.3,12.1,12.15,479742
2015-03-11/00:00:00,12.1,12.15,11.85,11.85,2916631
2015-03-12/00:00:00,12.25,12.25,11.9,11.9,224550
2015-03-15/00:00:00,11.9,12.4,11.9,12.15,486625
2015-03-16/00:00:00,12.1,12.1,11.5,11.5,800661
2015-03-17/00:00:00,11.65,11.7,11.2,11.2,239186
2015-03-18/00:00:00,12.1,12.1,11.2,11.45,619877
2015-03-19/00:00:00,12.25,12.25,11.2,11.45,920900
2015-03-22/00:00:00,11.45,11.6,11.35,11.45,52677
2015-03-23/00:00:00,11.35,11.75,11.1,11.75,305481
2015-03-24/00:00:00,11.85,12.0,11.35,11.35,696210
2015-03-25/00:00:00,11.4,11.4,11.05,11.05,816525
2015-03-26/00:00:00,11.05,11.65,10.95,11.05,209001
2015-03-29/00:00:00,11.1,11.2,10.85,10.85,149769
2015-03-30/00:00:00,11.05,11.4,11.05,11.4,139632
2015-03-31/00:00:00,11.45,11.75,11.4,11.75,457079
2015-04-01/00:00:00,11.35,12.0,11.35,11.65,487301
2015-04-02/00:00:00,12.1,12.1,12.1,12.1,1746202
2015-04-05/00:00:00,12.0,12.0,11.65,11.65,21468
2015-04-06/00:00:00,11.75,11.85,11.6,11.85,578470
2015-04-07/00:00:00,11.85,12.1,11.85,11.85,287718
2015-04-08/00:00:00,12.05,12.1,11.85,11.85,122903
2015-04-09/00:00:00,11.85,11.85,11.5,11.8,183987
2015-04-12/00:00:00,11.8,11.8,11.4,11.5,765326
2015-04-13/00:00:00,11.7,11.75,11.55,11.75,493589
2015-04-14/00:00:00,11.75,11.75,11.65,11.65,698003
2015-04-15/00:00:00,11.7,11.75,11.65,11.7,276155
2015-04-16/00:00:00,11.8,12.05,11.8,12.0,1313478
2015-04-19/00:00:00,12.05,12.05,11.55,11.8,2326167
2015-04-20/00:00:00,11.85,11.85,11.75,11.8,397514
2015-04-21/00:00:00,11.85,11.85,11.75,11.75,378727
2015-04-22/00:00:00,11.8,11.85,11.6,11.6,3161447
2015-04-23/00:00:00,11.65,11.65,11.45,11.55,579483
2015-04-26/00:00:00,11.65,11.85,11.6,11.85,42889
2015-04-27/00:00:00,11.65,11.65,11.6,11.6,468467
2015-04-28/00:00:00,11.6,11.75,11.55,11.75,224806
2015-04-29/00:00:00,11.7,11.75,11.7,11.75,146370
2015-04-30/00:00:00,11.4,11.5,10.95,10.95,6475763
2015-05-03/00:00:00,11.3,11.3,11.05,11.05,38628
2015-05-04/00:00:00,11.25,11.25,10.95,10.95,661293
2015-05-05/00:00:00,10.95,11.05,10.95,11.05,234080
2015-05-06/00:00:00,11.0,11.1,10.95,11.1,1428914
2015-05-07/00:00:00,11.1,11.1,11.0,11.0,593492
2015-05-10/00:00:00,11.1,11.1,11.05,11.05,534562
2015-05-11/00:00:00,11.05,11.05,10.9,11.0,619803
2015-05-12/00:00:00,11.0,11.05,10.85,11.05,343276
2015-05-13/00:00:00,11.05,11.1,10.9,10.9,418168
2015-05-14/00:00:00,11.0,11.05,10.95,10.95,816729
2015-05-17/00:00:00,10.95,10.95,10.8,10.8,1000449
2015-05-18/00:00:00,10.85,10.85,10.8,10.85,1471263
2015-05-19/00:00:00,10.85,10.9,10.8,10.85,973947
2015-05-20/00:00:00,10.9,11.1,10.85,11.0,1570037
2015-05-21/00:00:00,11.0,11.0,10.9,10.95,463105
2015-05-24/00:00:00,10.95,10.95,10.8,10.85,351566
2015-05-25/00:00:00,10.85,11.05,10.85,10.85,164681
2015-05-26/00:00:00,10.85,10.85,10.75,10.75,876503
2015-05-27/00:00:00,10.75,10.85,10.75,10.75,532778
2015-05-28/00:00:00,10.8,10.85,10.35,10.35,1455045
2015-05-31/00:00:00,10.7,10.7,10.55,10.55,564949
2015-06-01/00:00:00,10.5,10.7,10.5,10.6,3066079
2015-06-02/00:00:00,10.75,10.85,10.7,10.85,635201
2015-06-03/00:00:00,10.7,10.85,10.6,10.85,535445
2015-06-04/00:00:00,10.8,10.8,10.65,10.65,535445
2015-06-07/00:00:00,10.7,10.8,10.7,10.8,123485
2015-06-08/00:00:00,10.8,10.85,10.75,10.85,225800
2015-06-09/00:00:00,10.75,10.85,10.7,10.85,2307767
2015-06-10/00:00:00,10.85,10.85,10.7,10.7,500453
2015-06-11/00:00:00,10.8,10.8,10.55,10.55,910814
2015-06-14/00:00:00,10.65,10.65,10.55,10.65,577231
2015-06-15/00:00:00,10.7,10.75,10.6,10.75,510651
2015-06-16/00:00:00,10.65,10.7,10.65,10.65,263115
2015-06-17/00:00:00,10.65,10.7,10.55,10.7,300762
2015-06-18/00:00:00,10.6,10.65,10.55,10.65,494819
2015-06-21/00:00:00,10.65,10.65,10.45,10.5,645622
2015-06-22/00:00:00,10.55,10.55,10.4,10.55,904523
2015-06-23/00:00:00,10.45,10.8,10.4,10.5,194203
2015-06-24/00:00:00,10.5,10.7,10.45,10.7,610005
2015-06-25/00:00:00,10.6,10.7,10.45,10.45,326567
2015-06-28/00:00:00,10.45,10.6,10.45,10.55,132813
2015-06-29/00:00:00,10.45,10.6,10.4,10.55,821015
2015-06-30/00:00:00,10.6,10.85,10.55,10.85,894403
2015-07-01/00:00:00,10.85,10.85,10.55,10.55,212376
2015-07-02/00:00:00,10.55,10.7,10.45,10.7,556533
2015-07-05/00:00:00,10.7,10.7,10.6,10.6,61477
2015-07-06/00:00:00,10.6,10.65,10.6,10.65,393324
2015-07-07/00:00:00,10.7,10.7,10.5,10.5,166793
2015-07-08/00:00:00,10.55,10.6,10.45,10.45,840959
2015-07-09/00:00:00,10.45,10.55,10.45,10.5,414329
2015-07-12/00:00:00,10.55,10.55,10.5,10.5,72237
2015-07-13/00:00:00,10.5,10.55,10.5,10.55,105526
2015-07-14/00:00:00,10.55,10.55,10.5,10.5,219508
2015-07-15/00:00:00,10.6,10.7,10.5,10.7,360488
2015-07-20/00:00:00,10.65,10.7,10.5,10.5,383722
2015-07-21/00:00:00,10.7,10.7,10.6,10.7,79476
2015-07-22/00:00:00,10.7,10.85,10.65,10.75,665110
2015-07-23/00:00:00,10.7,10.7,10.65,10.7,619649
2015-07-26/00:00:00,10.6,10.6,10.4,10.5,400133
2015-07-27/00:00:00,10.65,10.65,10.6,10.6,80063
2015-07-28/00:00:00,10.6,10.65,10.5,10.5,347100
2015-07-29/00:00:00,10.65,10.65,10.5,10.65,360955
2015-07-30/00:00:00,10.45,10.65,10.45,10.6,310147
2015-08-02/00:00:00,10.5,10.6,10.45,10.6,163185
2015-08-03/00:00:00,10.55,10.55,10.5,10.55,277432
2015-08-04/00:00:00,10.5,10.5,10.45,10.5,526967
2015-08-05/00:00:00,10.5,10.55,10.45,10.55,147335
2015-08-06/00:00:00,10.55,10.75,10.5,10.7,807660
2015-08-09/00:00:00,10.7,10.7,10.55,10.55,271461
2015-08-10/00:00:00,10.6,10.6,10.5,10.5,153730
2015-08-11/00:00:00,10.7,10.7,10.5,10.5,286519
2015-08-12/00:00:00,10.45,10.5,10.35,10.45,1203402
2015-08-13/00:00:00,10.45,10.45,10.35,10.35,562853
2015-08-16/00:00:00,10.3,10.3,9.88,10.05,225423
2015-08-17/00:00:00,10.2,10.2,10.1,10.1,111725
2015-08-18/00:00:00,9.98,10.1,9.59,9.64,872735
2015-08-19/00:00:00,9.69,9.84,9.59,9.79,656962
2015-08-20/00:00:00,9.62,9.79,9.62,9.79,1095677
2015-08-23/00:00:00,9.59,9.59,9.19,9.29,546924
2015-08-24/00:00:00,9.09,9.29,8.41,9.04,1345455
2015-08-25/00:00:00,8.91,9.69,8.91,9.69,1686521
2015-08-26/00:00:00,9.35,9.85,9.35,9.85,567923
2015-08-27/00:00:00,9.75,10.2,9.75,10.2,302501
2015-08-30/00:00:00,10.1,10.2,9.87,10.2,44122
2015-08-31/00:00:00,9.5,10.3,9.5,10.3,1599515
2015-09-01/00:00:00,9.88,9.98,9.51,9.51,524906
2015-09-02/00:00:00,9.5,9.84,9.49,9.84,796912
2015-09-03/00:00:00,9.69,9.84,9.56,9.57,386698
2015-09-06/00:00:00,9.59,9.79,9.59,9.73,74735
2015-09-07/00:00:00,9.49,9.73,9.49,9.73,308376
2015-09-08/00:00:00,9.69,9.69,9.56,9.56,198108
2015-09-09/00:00:00,9.62,9.86,9.62,9.74,721239
2015-09-10/00:00:00,9.74,9.98,9.74,9.98,826530
2015-09-13/00:00:00,9.69,9.79,9.64,9.79,225972
2015-09-14/00:00:00,9.79,9.8,9.79,9.8,462256
2015-09-15/00:00:00,9.79,9.79,9.49,9.49,1837723
2015-09-16/00:00:00,9.41,9.66,9.39,9.58,1061423
2015-09-17/00:00:00,9.63,9.63,9.24,9.24,502008
2015-09-20/00:00:00,9.29,9.63,9.24,9.63,132972
2015-09-21/00:00:00,9.62,9.69,9.62,9.69,215037
2015-09-22/00:00:00,9.67,9.69,9.64,9.69,137285
2015-09-27/00:00:00,9.71,9.71,9.44,9.44,79325
2015-09-28/00:00:00,9.7,9.7,9.49,9.49,1648101
2015-09-29/00:00:00,9.33,9.58,9.32,9.34,631542
2015-09-30/00:00:00,9.39,9.57,9.29,9.41,1017051
2015-10-01/00:00:00,9.35,9.44,9.34,9.34,200039
2015-10-04/00:00:00,9.3,9.31,9.29,9.31,70013
2015-10-05/00:00:00,9.3,9.38,9.29,9.38,1381810
2015-10-06/00:00:00,9.46,9.46,9.25,9.29,719470
2015-10-07/00:00:00,9.38,9.38,9.26,9.29,942646
2015-10-08/00:00:00,9.27,9.27,9.26,9.27,235015
2015-10-11/00:00:00,9.33,9.33,9.19,9.21,174735
2015-10-12/00:00:00,9.29,9.29,9.21,9.21,723590
2015-10-13/00:00:00,9.2,9.2,9.06,9.07,604247
2015-10-14/00:00:00,9.09,9.09,8.99,8.99,822160
2015-10-18/00:00:00,9.13,9.13,9.0,9.06,489096
2015-10-19/00:00:00,9.06,9.06,9.03,9.04,318107
2015-10-20/00:00:00,9.05,9.06,9.0,9.03,1051782
2015-10-21/00:00:00,9.03,9.03,8.99,9.03,182078
2015-10-22/00:00:00,8.99,8.99,8.94,8.95,545026
2015-10-25/00:00:00,8.91,8.95,8.9,8.95,1162373
2015-10-26/00:00:00,8.9,8.9,8.86,8.9,457737
2015-10-27/00:00:00,8.91,8.91,8.88,8.9,1465037
2015-10-29/00:00:00,8.95,8.95,8.6,8.6,815081
2015-11-01/00:00:00,8.7,8.77,8.7,8.75,163717
2015-11-02/00:00:00,8.7,8.7,8.55,8.63,602659
2015-11-03/00:00:00,8.65,8.7,8.55,8.55,440043
2015-11-04/00:00:00,8.6,8.6,8.55,8.6,658483
2015-11-05/00:00:00,8.6,8.6,8.5,8.5,378578
2015-11-08/00:00:00,8.51,8.51,8.41,8.42,280481
2015-11-09/00:00:00,8.48,8.5,8.38,8.4,1059643
2015-11-10/00:00:00,8.4,8.4,8.3,8.38,461101
2015-11-11/00:00:00,8.37,8.37,8.32,8.32,627539
2015-11-12/00:00:00,8.35,8.35,8.18,8.18,2627878
2015-11-15/00:00:00,8.16,8.17,8.03,8.03,1098896
2015-11-16/00:00:00,8.01,8.11,7.91,7.91,2392361
2015-11-17/00:00:00,7.91,8.07,7.91,7.96,331972
2015-11-18/00:00:00,7.96,8.02,7.96,8.01,216806
2015-11-19/00:00:00,7.99,8.49,7.99,8.14,783948
2015-11-22/00:00:00,8.3,8.5,8.27,8.4,507635
2015-11-23/00:00:00,8.4,8.5,8.4,8.4,645662
2015-11-24/00:00:00,8.43,8.63,8.43,8.5,975837
2015-11-25/00:00:00,8.55,8.65,8.55,8.65,724585
2015-11-26/00:00:00,8.57,8.57,8.52,8.55,571615
2015-11-29/00:00:00,8.5,8.5,8.04,8.04,847966
2015-11-30/00:00:00,7.96,8.07,7.56,7.56,3233182
2015-12-06/00:00:00,7.76,8.25,7.76,7.93,1102918
2015-12-07/00:00:00,7.96,8.15,7.93,8.15,1215489
2015-12-08/00:00:00,8.07,8.07,7.93,7.95,1558487
2015-12-09/00:00:00,7.99,7.99,7.81,7.81,1324410
2015-12-10/00:00:00,7.92,7.98,7.87,7.91,1470558
2015-12-13/00:00:00,7.86,7.86,7.74,7.81,955779
2015-12-14/00:00:00,7.79,7.79,7.46,7.63,421936
2015-12-15/00:00:00,7.71,7.71,7.51,7.61,258834
2015-12-16/00:00:00,7.6,7.61,7.41,7.61,2329086
2015-12-17/00:00:00,7.63,7.73,7.56,7.71,1540773
2015-12-20/00:00:00,7.69,7.71,7.62,7.62,597331
2015-12-21/00:00:00,7.7,7.9,7.6,7.81,796765
2015-12-22/00:00:00,7.68,7.87,7.68,7.87,514918
2015-12-23/00:00:00,7.87,7.87,7.78,7.81,77206
2015-12-27/00:00:00,7.88,7.95,7.81,7.95,134012
2015-12-28/00:00:00,7.92,7.92,7.86,7.92,182747
2015-12-29/00:00:00,7.86,7.92,7.86,7.91,1129388
2015-12-30/00:00:00,7.91,7.95,7.81,7.81,413741
2015-12-31/00:00:00,7.81,7.87,7.76,7.87,545397
2016-01-03/00:00:00,7.86,7.86,7.73,7.81,58223
2016-01-04/00:00:00,7.81,7.86,7.72,7.72,440683
2016-01-05/00:00:00,7.71,7.81,7.71,7.81,224551
2016-01-06/00:00:00,7.81,7.82,7.81,7.82,388300
2016-01-07/00:00:00,7.47,7.8,7.47,7.62,643290
2016-01-10/00:00:00,7.63,7.63,7.45,7.47,272280
2016-01-11/00:00:00,7.41,7.47,7.41,7.41,988825
2016-01-12/00:00:00,7.41,7.41,7.22,7.32,363551
2016-01-13/00:00:00,7.41,7.69,7.12,7.31,370593
2016-01-14/00:00:00,7.3,7.3,7.22,7.22,144295
2016-01-17/00:00:00,7.02,7.19,6.83,6.92,1964456
2016-01-18/00:00:00,6.92,7.22,6.82,6.84,413331
2016-01-19/00:00:00,6.92,7.12,6.92,7.12,470598
2016-01-20/00:00:00,7.07,7.17,6.87,6.92,935884
2016-01-21/00:00:00,6.92,6.92,6.78,6.82,683415
2016-01-24/00:00:00,7.21,7.36,6.97,7.09,817382
2016-01-25/00:00:00,6.92,7.05,6.92,6.93,685818
2016-01-26/00:00:00,6.93,7.07,6.9,6.97,778939
2016-01-28/00:00:00,6.87,7.29,6.82,7.29,2644998
2016-01-31/00:00:00,7.57,7.61,7.41,7.58,1678846
2016-02-01/00:00:00,7.58,7.88,7.41,7.88,1294856
2016-02-02/00:00:00,7.81,7.92,7.66,7.66,862985
2016-02-03/00:00:00,7.72,7.88,7.71,7.78,387795
2016-02-04/00:00:00,7.88,8.11,7.88,8.09,515680
2016-02-07/00:00:00,8.09,8.09,8.09,8.09,267867
2016-02-08/00:00:00,8.09,8.09,8.0,8.0,267236
2016-02-09/00:00:00,7.99,7.99,7.83,7.83,195280
2016-02-10/00:00:00,7.83,8.1,7.76,8.01,1055371
2016-02-11/00:00:00,8.01,8.01,7.77,7.96,468286
2016-02-14/00:00:00,7.86,7.86,7.74,7.74,80325
2016-02-15/00:00:00,7.9,7.91,7.61,7.91,260204
2016-02-16/00:00:00,7.91,7.97,7.79,7.91,730121
2016-02-17/00:00:00,7.89,7.94,7.89,7.94,327821
2016-02-18/00:00:00,7.91,8.08,7.91,8.06,1174388
2016-02-21/00:00:00,7.82,8.02,7.82,8.02,294669
2016-02-22/00:00:00,8.01,8.03,7.88,8.01,3344655
2016-02-23/00:00:00,8.06,8.06,7.99,8.04,119848
2016-02-24/00:00:00,7.97,8.06,7.91,7.91,377588
2016-02-25/00:00:00,7.93,8.05,7.92,7.97,342963
2016-02-28/00:00:00,8.01,8.03,8.01,8.03,104001
2016-02-29/00:00:00,8.03,8.14,8.03,8.11,1492960
2016-03-01/00:00:00,8.06,8.32,8.06,8.25,1906850
2016-03-02/00:00:00,8.15,8.2,8.11,8.2,170003
2016-03-03/00:00:00,8.17,8.45,8.03,8.45,717666
2016-03-06/00:00:00,8.61,8.65,8.41,8.65,1557062
2016-03-07/00:00:00,8.67,8.75,8.65,8.74,631859
2016-03-08/00:00:00,8.7,8.7,8.11,8.7,277133
2016-03-10/00:00:00,8.55,8.89,8.5,8.89,670872
2016-03-13/00:00:00,8.78,8.78,8.45,8.45,64516
2016-03-14/00:00:00,8.5,8.8,8.46,8.46,431304
2016-03-15/00:00:00,8.56,8.56,8.51,8.52,539639
2016-03-16/00:00:00,8.66,8.66,8.4,8.41,513752
2016-03-17/00:00:00,8.59,9.19,8.41,9.19,1130716
2016-03-20/00:00:00,9.04,9.09,8.55,9.03,1068868
2016-03-21/00:00:00,9.03,9.09,8.99,9.09,857688
2016-03-22/00:00:00,9.12,9.18,9.04,9.14,1114193
2016-03-23/00:00:00,9.05,9.14,8.99,9.14,789266
2016-03-24/00:00:00,8.8,8.8,8.58,8.8,375762
2016-03-27/00:00:00,8.6,8.7,8.6,8.7,20335
2016-03-28/00:00:00,8.69,8.7,8.41,8.59,40213
2016-03-29/00:00:00,8.58,8.6,8.58,8.6,102044
2016-03-30/00:00:00,8.59,8.59,8.5,8.54,378095
2016-03-31/00:00:00,8.54,8.64,8.54,8.64,600336
2016-04-03/00:00:00,8.6,8.65,8.6,8.64,111481
2016-04-04/00:00:00,8.55,8.85,8.55,8.77,266812
2016-04-05/00:00:00,8.77,8.83,8.75,8.81,328227
2016-04-06/00:00:00,8.72,8.8,8.6,8.6,243285
2016-04-07/00:00:00,8.61,8.85,8.61,8.85,202226
2016-04-10/00:00:00,8.86,8.86,8.65,8.65,202799
2016-04-11/00:00:00,8.65,8.74,8.57,8.57,270386
2016-04-12/00:00:00,8.61,8.7,8.6,8.7,89359
2016-04-13/00:00:00,8.7,8.75,8.42,8.42,297133
2016-04-14/00:00:00,8.57,8.89,8.57,8.89,958676
2016-04-17/00:00:00,8.74,8.86,8.74,8.85,207505
2016-04-18/00:00:00,8.7,8.9,8.7,8.88,927877
2016-04-19/00:00:00,8.88,8.9,8.79,8.9,712297
2016-04-20/00:00:00,8.7,8.8,8.65,8.8,1354745
2016-04-21/00:00:00,8.7,8.89,8.7,8.89,422691
2016-04-24/00:00:00,8.9,8.9,8.89,8.89,114461
2016-04-25/00:00:00,8.89,8.9,8.79,8.89,949966
2016-04-26/00:00:00,8.89,8.9,8.89,8.9,102285
2016-04-28/00:00:00,8.84,8.87,8.7,8.78,746087
2016-05-01/00:00:00,8.68,8.75,8.65,8.75,87945
2016-05-02/00:00:00,8.51,8.51,8.4,8.5,216069
2016-05-03/00:00:00,8.31,8.36,8.2,8.2,418125
2016-05-04/00:00:00,8.25,8.25,8.17,8.2,429461
2016-05-08/00:00:00,8.2,8.2,8.2,8.2,16051
2016-05-09/00:00:00,8.2,8.6,8.11,8.6,252218
2016-05-10/00:00:00,8.2,8.25,8.17,8.17,236178
2016-05-11/00:00:00,8.3,8.3,8.16,8.16,435773
2016-05-12/00:00:00,8.18,8.27,8.18,8.18,267700
2016-05-15/00:00:00,8.29,8.3,8.21,8.29,103836
2016-05-16/00:00:00,8.2,8.3,8.2,8.27,441862
2016-05-17/00:00:00,8.3,8.3,8.22,8.27,146601
2016-05-18/00:00:00,8.23,8.35,8.22,8.35,377428
2016-05-19/00:00:00,8.29,8.3,8.23,8.3,403017
2016-05-22/00:00:00,8.23,8.23,8.05,8.05,312906
2016-05-23/00:00:00,8.11,8.11,7.91,7.91,638170
2016-05-24/00:00:00,8.14,8.14,8.0,8.1,235290
2016-05-25/00:00:00,8.12,8.17,8.12,8.14,815426
2016-05-26/00:00:00,8.15,8.15,7.92,7.92,132006
2016-05-29/00:00:00,8.11,8.11,8.11,8.11,8093
2016-05-30/00:00:00,7.97,7.97,7.52,7.52,277941
2016-05-31/00:00:00,7.58,7.88,7.57,7.71,1339099
2016-06-01/00:00:00,7.74,7.81,7.71,7.81,320894
2016-06-02/00:00:00,7.81,7.81,7.66,7.66,219344
2016-06-05/00:00:00,7.56,7.81,7.51,7.81,40081
2016-06-06/00:00:00,7.76,7.8,7.64,7.8,220638
2016-06-07/00:00:00,7.71,8.11,7.71,8.11,620598
2016-06-08/00:00:00,8.11,8.27,8.06,8.27,1539794
2016-06-09/00:00:00,8.3,8.3,8.07,8.11,416925
2016-06-12/00:00:00,8.01,8.01,7.97,7.97,42912
2016-06-13/00:00:00,8.01,8.01,7.78,7.78,115234
2016-06-14/00:00:00,7.91,8.01,7.79,8.01,239657
2016-06-15/00:00:00,8.0,8.13,7.92,8.13,128099
2016-06-16/00:00:00,8.23,8.29,7.91,7.91,807641
2016-06-19/00:00:00,8.45,9.09,8.41,9.09,4265973
2016-06-20/00:00:00,9.68,9.98,9.34,9.49,5467406
2016-06-21/00:00:00,9.39,9.39,9.29,9.33,648768
2016-06-22/00:00:00,9.34,9.49,9.34,9.49,1737433
2016-06-23/00:00:00,9.39,9.48,9.29,9.48,1675641
2016-06-26/00:00:00,8.95,9.17,8.95,9.16,2502386
2016-06-27/00:00:00,9.17,9.29,9.09,9.19,241205
2016-06-28/00:00:00,9.19,9.19,9.01,9.09,364656
2016-06-29/00:00:00,9.17,9.24,9.16,9.2,869488
2016-06-30/00:00:00,9.24,9.55,9.24,9.55,3546635
2016-07-03/00:00:00,9.73,10.15,9.73,9.93,6631199
2016-07-04/00:00:00,10.1,10.25,10.05,10.25,2951813
2016-07-10/00:00:00,10.25,10.25,10.05,10.25,2488520
2016-07-11/00:00:00,10.25,10.25,9.88,9.88,1891011
2016-07-12/00:00:00,9.93,9.98,9.84,9.98,2992439
2016-07-13/00:00:00,9.98,9.98,9.84,9.93,1701111
2016-07-14/00:00:00,9.93,9.93,9.81,9.88,868376
2016-07-17/00:00:00,9.86,9.93,9.86,9.93,485027
2016-07-18/00:00:00,9.88,9.93,9.79,9.93,1187887
2016-07-19/00:00:00,9.84,9.88,9.79,9.88,1425952
2016-07-20/00:00:00,9.79,9.93,9.79,9.93,490937
2016-07-21/00:00:00,9.98,9.98,9.74,9.74,343918
2016-07-24/00:00:00,9.74,9.8,9.44,9.8,384005
2016-07-25/00:00:00,9.79,9.88,9.78,9.88,443295
2016-07-26/00:00:00,9.79,9.79,9.77,9.79,269579
2016-07-28/00:00:00,9.73,9.73,9.57,9.63,861548
2016-07-31/00:00:00,9.62,9.62,9.39,9.44,412203
2007-09-04/00:00:00,9.44,9.47,9.25,9.3,786970
2016-08-02/00:00:00,9.44,9.44,9.1,9.18,516752
2007-08-03/00:00:00,9.09,9.24,9.08,9.19,386036
2016-08-04/00:00:00,9.19,9.21,9.09,9.21,522991
2016-08-07/00:00:00,9.24,9.29,9.24,9.29,201051
2016-08-08/00:00:00,9.34,9.36,9.19,9.29,2462108
2016-08-09/00:00:00,9.34,9.34,9.24,9.28,784732
2016-08-10/00:00:00,9.2,9.29,9.19,9.29,1229861
2016-08-11/00:00:00,9.26,9.33,9.26,9.33,682087
2016-08-14/00:00:00,9.24,9.33,9.24,9.33,653387
2016-08-15/00:00:00,9.29,9.54,9.29,9.44,936353
2016-08-16/00:00:00,9.47,9.5,9.39,9.39,908602
2016-08-17/00:00:00,9.14,9.41,9.14,9.39,474365
2016-08-18/00:00:00,9.38,9.39,9.38,9.39,33265
2016-08-21/00:00:00,9.43,9.43,9.37,9.38,32216
2016-08-22/00:00:00,9.36,9.37,9.26,9.29,104224
2016-08-23/00:00:00,9.29,9.39,9.14,9.39,423721
2016-08-24/00:00:00,9.39,9.39,9.26,9.26,1437155
2016-08-25/00:00:00,9.36,9.37,9.3,9.36,290511
2016-08-28/00:00:00,9.36,9.36,9.3,9.3,619572
2016-08-29/00:00:00,9.25,9.3,9.19,9.29,145370
2016-08-30/00:00:00,9.19,9.2,9.19,9.19,237131
2016-08-31/00:00:00,9.24,9.24,9.01,9.01,912972
2016-09-01/00:00:00,9.03,9.12,9.02,9.09,513971
2016-09-04/00:00:00,9.08,9.09,8.99,9.04,297223
2016-09-05/00:00:00,9.09,9.29,9.02,9.29,862737
2016-09-16/00:00:00,9.29,9.29,9.16,9.19,517603
2016-09-07/00:00:00,9.27,9.28,9.12,9.12,1058957
2016-09-08/00:00:00,9.12,9.19,9.12,9.19,667067
2016-09-15/00:00:00,9.1,9.24,9.1,9.19,1777167
2016-09-18/00:00:00,9.2,9.25,9.15,9.15,422536
2016-09-19/00:00:00,9.19,9.19,9.1,9.11,202251
2016-09-20/00:00:00,9.09,9.14,9.04,9.14,271124
2016-09-21/00:00:00,9.18,9.18,9.05,9.05,131155
2016-09-22/00:00:00,9.16,9.21,9.16,9.2,201845
2016-09-25/00:00:00,9.24,9.24,9.15,9.15,181678
2016-09-26/00:00:00,9.13,9.23,9.01,9.23,329630
2016-09-27/00:00:00,9.09,9.18,9.09,9.14,314401
2016-09-28/00:00:00,9.03,9.06,9.03,9.06,133745
2007-11-08/00:00:00,9.19,9.19,9.07,9.07,442489
2016-10-03/00:00:00,9.07,9.07,8.93,8.93,426319
2016-10-04/00:00:00,8.93,9.02,8.82,8.82,402383
2016-10-05/00:00:00,8.99,8.99,8.75,8.8,258928
2016-10-06/00:00:00,8.8,8.8,8.6,8.6,489288
2016-10-09/00:00:00,8.6,8.65,8.6,8.65,83902
2016-10-10/00:00:00,8.71,8.71,8.71,8.71,41683
2016-10-11/00:00:00,8.72,8.74,8.6,8.65,1324220
2016-10-12/00:00:00,8.6,8.65,8.52,8.6,1543687
2016-10-13/00:00:00,8.58,8.6,8.47,8.57,990370
2016-10-16/00:00:00,8.5,8.5,8.4,8.4,121977
2016-10-17/00:00:00,8.33,8.33,8.2,8.29,804108
2016-10-18/00:00:00,8.3,8.48,8.3,8.31,690202
2016-10-19/00:00:00,8.49,8.9,8.2,8.4,920720
2016-10-20/00:00:00,8.45,8.45,8.24,8.24,209145
2016-10-23/00:00:00,8.4,8.55,8.4,8.43,101920
2016-10-24/00:00:00,8.48,8.52,8.33,8.52,164462
2016-10-25/00:00:00,8.5,8.5,8.27,8.4,896248
2016-10-27/00:00:00,8.55,8.56,8.4,8.5,691055
2016-10-30/00:00:00,8.57,8.59,8.5,8.55,119930
2016-10-31/00:00:00,8.53,8.75,8.53,8.75,382291
2016-11-01/00:00:00,8.7,8.8,8.53,8.8,629364
2016-11-02/00:00:00,8.6,8.68,8.6,8.68,122676
2016-11-03/00:00:00,8.67,8.79,8.67,8.79,259291
2016-11-06/00:00:00,8.55,8.79,8.55,8.75,263162
2016-11-07/00:00:00,8.77,8.8,8.7,8.72,700661
2016-11-08/00:00:00,8.7,8.88,8.7,8.74,1030682
2016-11-09/00:00:00,8.65,8.85,8.65,8.8,367043
2016-11-10/00:00:00,8.76,8.84,8.74,8.78,503540
2016-11-13/00:00:00,8.7,8.7,8.56,8.56,318299
2016-11-14/00:00:00,8.65,8.69,8.4,8.41,615503
2016-11-15/00:00:00,8.5,8.9,8.47,8.67,902827
2016-11-16/00:00:00,8.75,8.8,8.65,8.8,396200
2016-11-17/00:00:00,8.84,8.85,8.7,8.76,386621
2016-11-20/00:00:00,8.76,8.76,8.67,8.67,591799
2016-11-21/00:00:00,8.7,8.9,8.7,8.9,2808216
2016-11-22/00:00:00,8.85,8.99,8.85,8.96,1556528
2016-11-23/00:00:00,8.95,9.09,8.95,9.09,1373882
2016-11-24/00:00:00,9.13,9.38,9.13,9.29,2135426
2016-11-27/00:00:00,9.32,9.34,9.25,9.29,410429
2016-11-28/00:00:00,9.29,9.34,9.29,9.29,617272
2016-11-29/00:00:00,9.34,9.34,9.29,9.29,348928
2016-11-30/00:00:00,9.1,9.39,9.1,9.29,3518964
2016-12-04/00:00:00,9.29,9.29,9.15,9.27,938880
2016-12-05/00:00:00,9.19,9.29,9.15,9.29,519345
2016-12-06/00:00:00,9.29,9.84,9.16,9.51,1643124
2016-12-07/00:00:00,9.74,9.8,9.69,9.78,1236602
2016-12-08/00:00:00,9.86,10.05,9.86,9.93,8511258
2016-12-12/00:00:00,9.93,10.15,9.7,9.93,2894373
2016-12-13/00:00:00,9.75,9.88,9.73,9.88,640836
2016-12-14/00:00:00,9.69,9.93,9.69,9.93,6013873
2016-12-15/00:00:00,9.88,9.88,9.76,9.79,412656
2016-12-18/00:00:00,9.84,9.84,9.84,9.84,24775
2016-12-19/00:00:00,9.79,9.88,9.79,9.88,386767
2016-12-20/00:00:00,9.75,9.88,9.75,9.87,132741
2016-12-21/00:00:00,9.84,9.84,9.75,9.75,245642
2016-12-22/00:00:00,9.7,9.79,9.61,9.61,825033
2016-12-25/00:00:00,9.78,9.78,9.64,9.64,78640
2016-12-26/00:00:00,9.74,9.81,9.69,9.7,420126
2016-12-27/00:00:00,9.79,9.85,9.74,9.74,235511
2016-12-28/00:00:00,9.73,9.79,9.72,9.74,212090
2016-12-29/00:00:00,9.74,9.87,9.74,9.87,2342715
2017-01-02/00:00:00,9.68,10.05,9.68,10.05,307797
2017-01-03/00:00:00,9.98,10.1,9.98,10.1,648987
2017-01-04/00:00:00,10.05,10.1,9.98,10.1,166624
2017-01-05/00:00:00,9.88,10.15,9.88,10.15,1662281
2017-01-08/00:00:00,10.15,10.3,10.15,10.3,281785
2017-01-09/00:00:00,10.25,10.6,10.25,10.55,1512471
2017-01-10/00:00:00,10.4,10.7,10.4,10.4,1019192
2017-01-11/00:00:00,10.3,10.55,10.3,10.55,2333533
2017-01-12/00:00:00,10.4,10.55,10.3,10.55,432540
2017-01-15/00:00:00,10.55,10.55,10.4,10.5,533200
2017-01-16/00:00:00,10.45,10.45,10.2,10.2,590939
2017-01-17/00:00:00,10.3,10.4,10.3,10.4,6166536
2017-01-18/00:00:00,10.4,10.6,10.4,10.55,1184038
2017-01-19/00:00:00,10.4,10.7,10.4,10.55,1789224
2017-01-22/00:00:00,10.65,10.65,10.5,10.6,258010
2017-01-23/00:00:00,10.55,10.6,10.45,10.45,552252
2017-01-24/00:00:00,10.55,10.6,10.5,10.55,1203166
2017-01-25/00:00:00,10.55,10.55,10.3,10.35,608775
2017-01-26/00:00:00,10.4,10.4,10.3,10.4,598414
2017-01-29/00:00:00,10.4,10.4,10.3,10.3,82739
2017-01-30/00:00:00,10.65,10.65,10.2,10.3,924576
2017-02-01/00:00:00,10.15,10.15,9.77,9.77,2207624
2017-02-02/00:00:00,9.77,9.77,9.64,9.64,928314
2017-02-05/00:00:00,9.87,9.87,9.64,9.84,3586134
2017-02-06/00:00:00,9.78,9.84,9.61,9.78,389541
2017-02-07/00:00:00,9.86,9.86,9.74,9.79,1708455
2017-02-08/00:00:00,9.71,10.1,9.7,9.88,906398
2017-02-09/00:00:00,9.88,10.05,9.84,9.98,1665215
2017-02-12/00:00:00,9.98,9.98,9.84,9.84,298235
2017-02-13/00:00:00,9.88,9.98,9.79,9.98,525881
2017-02-14/00:00:00,9.98,9.98,9.8,9.98,116352
2017-02-15/00:00:00,9.88,10.25,9.88,10.25,1517940
2017-02-16/00:00:00,10.1,10.4,10.1,10.4,1930400
2017-02-19/00:00:00,10.25,10.75,10.25,10.5,798803
2017-02-20/00:00:00,10.4,10.4,10.3,10.35,2399745
2017-02-21/00:00:00,10.25,10.4,10.25,10.3,1919901
2017-02-22/00:00:00,10.3,10.4,10.3,10.4,1080296
2017-02-23/00:00:00,10.3,10.4,10.3,10.4,1003447
2017-02-26/00:00:00,10.4,10.45,10.3,10.45,1003218
2017-02-27/00:00:00,10.45,10.65,10.45,10.6,1294662
2017-02-28/00:00:00,10.6,10.6,10.4,10.4,1319412
2017-03-01/00:00:00,10.5,10.55,10.5,10.55,1196402
2017-03-02/00:00:00,10.35,10.6,10.35,10.6,1882586
2017-03-05/00:00:00,10.4,10.4,10.35,10.35,1006840
2017-03-06/00:00:00,10.4,10.55,10.4,10.55,1878991
2017-03-07/00:00:00,10.55,10.6,10.5,10.6,2888902
2017-03-08/00:00:00,10.5,10.6,10.5,10.6,4435869
2017-03-09/00:00:00,10.3,10.3,9.93,10.15,1343720
2017-03-12/00:00:00,10.15,10.15,9.98,10.1,286882
2017-03-13/00:00:00,10.1,10.1,9.79,9.88,1555006
2017-03-14/00:00:00,9.88,9.88,9.64,9.79,1243481
2017-03-15/00:00:00,9.74,9.8,9.7,9.7,1025249
2017-03-16/00:00:00,9.69,10.05,9.66,10.05,1458609
2017-03-19/00:00:00,9.98,10.15,9.98,10.15,1184673
2017-03-20/00:00:00,9.98,10.2,9.98,10.2,1017886
2017-03-21/00:00:00,10.2,10.4,10.2,10.4,2791354
2017-03-22/00:00:00,10.45,10.45,10.25,10.4,973758
2017-03-23/00:00:00,10.4,10.45,10.25,10.45,2368430
2017-03-26/00:00:00,10.35,10.4,10.25,10.4,225562
2017-03-27/00:00:00,10.3,10.4,10.3,10.35,2240666
2017-03-28/00:00:00,10.35,10.45,10.35,10.4,973922
2017-03-29/00:00:00,10.3,10.4,10.2,10.35,1318112
2017-03-30/00:00:00,10.35,10.4,10.05,10.15,23304830
2017-04-02/00:00:00,10.15,10.4,9.98,10.3,3524460
2017-04-03/00:00:00,10.3,10.35,10.25,10.3,4164711
2017-04-04/00:00:00,10.35,10.85,10.35,10.75,8229657
2017-04-05/00:00:00,10.75,11.4,10.75,11.2,33526405
2017-04-06/00:00:00,11.15,11.2,11.0,11.1,3830928
2017-04-09/00:00:00,11.1,11.1,10.9,10.9,1417825
2017-04-10/00:00:00,10.9,10.95,10.7,10.8,2975133
2017-04-11/00:00:00,10.6,10.9,10.6,10.75,1890461
2017-04-12/00:00:00,10.75,10.75,10.65,10.7,5786349
2017-04-13/00:00:00,10.6,10.65,10.55,10.55,2069252
2017-04-16/00:00:00,10.7,10.7,10.6,10.65,3496316
2017-04-17/00:00:00,10.7,10.9,10.7,10.9,3009682
2017-04-18/00:00:00,10.9,10.9,10.7,10.7,4965976
2017-04-19/00:00:00,10.75,10.85,10.7,10.8,2716476
2017-04-20/00:00:00,10.95,10.95,10.75,10.75,817608
2017-04-24/00:00:00,10.7,10.95,10.7,10.9,3347187
2017-04-25/00:00:00,10.9,11.1,10.9,11.05,5762700
2017-04-26/00:00:00,11.05,11.1,10.7,10.8,11136743
2017-04-27/00:00:00,10.85,10.95,10.85,10.85,4908331
2017-04-30/00:00:00,10.85,10.9,10.85,10.9,758709
2017-05-01/00:00:00,10.85,11.05,10.85,11.0,1538416
2017-05-02/00:00:00,11.0,11.05,10.95,11.0,4383427
2017-05-03/00:00:00,11.05,11.2,11.05,11.15,5224278
2017-05-04/00:00:00,11.1,11.35,11.05,11.35,7135614
2017-05-07/00:00:00,11.3,11.3,11.2,11.25,2621697
2017-05-08/00:00:00,11.25,11.35,11.1,11.1,22647935
2017-05-09/00:00:00,11.1,11.1,11.0,11.05,3206721
2017-05-10/00:00:00,11.1,11.2,11.05,11.05,2729765
2017-05-11/00:00:00,11.1,11.3,11.05,11.1,11292577
2017-05-14/00:00:00,11.1,11.15,11.05,11.15,1407878
2017-05-15/00:00:00,11.15,11.25,11.05,11.05,2129206
2017-05-16/00:00:00,11.05,11.15,11.0,11.15,3413572
2017-05-17/00:00:00,11.15,11.2,11.05,11.15,2848328
2017-05-18/00:00:00,11.15,11.15,11.05,11.1,1168840
2017-05-21/00:00:00,11.15,11.15,11.05,11.05,613947
2017-05-22/00:00:00,11.1,11.1,11.0,11.0,1303131
2017-05-23/00:00:00,11.05,11.05,11.0,11.0,2177729
2017-05-24/00:00:00,11.0,11.05,10.9,10.9,1399539
2017-05-25/00:00:00,10.95,10.95,10.85,10.9,1754553
2017-05-28/00:00:00,10.95,10.95,10.85,10.9,189910
2017-05-29/00:00:00,10.9,10.95,10.85,10.85,1509676
2017-05-30/00:00:00,10.85,10.9,10.8,10.8,1071319
2017-05-31/00:00:00,10.85,10.9,10.45,10.45,6318557
2017-06-01/00:00:00,10.65,10.7,10.6,10.6,3001078
2017-06-04/00:00:00,10.65,10.7,10.6,10.65,1046199
2017-06-05/00:00:00,10.6,10.7,10.55,10.65,3605677
2017-06-06/00:00:00,10.6,10.65,10.55,10.55,1360869
2017-06-07/00:00:00,10.65,10.65,10.4,10.4,4074490
2017-06-08/00:00:00,10.5,10.6,10.5,10.6,1574398
2017-06-11/00:00:00,10.6,10.7,10.6,10.7,1044598
2017-06-12/00:00:00,10.65,10.7,10.65,10.7,678389
2017-06-13/00:00:00,10.65,10.75,10.65,10.7,1151381
2017-06-14/00:00:00,10.7,10.7,10.65,10.7,2124475
2017-06-15/00:00:00,10.7,10.7,10.65,10.7,4086562
2017-06-18/00:00:00,10.7,10.7,10.5,10.7,1320557
2017-06-19/00:00:00,10.7,10.85,10.7,10.7,2691198
2017-06-20/00:00:00,10.7,10.7,10.5,10.5,1907053
2017-06-21/00:00:00,10.5,10.5,10.35,10.5,5374824
2017-06-22/00:00:00,10.6,10.6,10.3,10.4,2275949
2017-06-28/00:00:00,10.4,10.55,10.3,10.55,2596215
2017-06-29/00:00:00,10.55,10.55,10.25,10.4,3523685
2017-07-02/00:00:00,10.3,10.4,10.3,10.4,606538
2017-07-03/00:00:00,10.3,10.45,10.15,10.15,1953389
2017-07-04/00:00:00,10.3,10.3,9.93,10.1,3605000
2017-07-05/00:00:00,10.1,10.25,9.98,10.2,1531119
2017-07-06/00:00:00,10.15,10.2,10.05,10.1,2027260
2017-07-09/00:00:00,10.1,10.2,10.1,10.15,1468734
2017-07-10/00:00:00,10.15,10.2,10.1,10.1,2506305
2017-07-11/00:00:00,10.15,10.15,10.05,10.1,1182832
2017-07-12/00:00:00,10.1,10.1,10.05,10.05,2314126
2017-07-13/00:00:00,10.05,10.45,10.05,10.45,11956139
2017-07-16/00:00:00,10.4,10.5,10.4,10.45,31646144
2017-07-17/00:00:00,10.5,10.7,10.4,10.7,4096792
2017-07-18/00:00:00,10.7,10.7,10.65,10.7,2780092
2017-07-19/00:00:00,10.7,10.8,10.7,10.75,2959857
2017-07-20/00:00:00,10.7,10.7,10.6,10.6,491803
2017-07-23/00:00:00,10.55,10.55,10.45,10.5,598781
2017-07-24/00:00:00,10.55,10.55,10.4,10.5,4589969
2017-07-25/00:00:00,10.5,10.55,10.45,10.55,1548689
2017-07-26/00:00:00,10.6,10.65,10.35,10.45,3954871
2017-07-27/00:00:00,10.4,10.55,10.35,10.55,3074716
2017-07-30/00:00:00,10.6,10.6,10.55,10.6,168598
2017-07-31/00:00:00,10.55,10.65,10.55,10.55,3647618
2017-08-01/00:00:00,10.55,10.7,10.55,10.6,2052859
2017-08-02/00:00:00,10.6,10.75,10.6,10.75,978212
2017-08-03/00:00:00,10.75,10.75,10.7,10.75,1578316
2017-08-06/00:00:00,10.7,10.85,10.7,10.75,2498074
2017-08-07/00:00:00,10.7,10.75,10.7,10.75,3341643
2017-08-08/00:00:00,10.75,10.8,10.7,10.7,865846
2017-08-09/00:00:00,10.7,10.7,10.6,10.6,969940
2017-08-10/00:00:00,10.6,10.6,10.5,10.6,1237565
2017-08-13/00:00:00,10.7,10.7,10.5,10.5,1248474
2017-08-14/00:00:00,10.65,10.65,10.2,10.45,5536209
2017-08-15/00:00:00,10.5,10.5,10.35,10.35,1384024
2017-08-16/00:00:00,10.4,10.5,10.4,10.5,1552808
2017-08-17/00:00:00,10.45,10.5,10.4,10.5,2062724
2017-08-20/00:00:00,10.5,10.5,10.5,10.5,212658
2017-08-07/00:00:00,10.45,10.55,10.45,10.55,5503585
2017-08-22/00:00:00,10.55,10.55,10.4,10.4,856457
2017-08-23/00:00:00,10.45,10.45,10.45,10.45,1191960
2017-08-24/00:00:00,10.45,10.5,10.4,10.5,1080269
2017-08-27/00:00:00,10.5,10.5,10.4,10.45,1219688
2017-08-28/00:00:00,10.4,10.45,10.4,10.45,960363
2017-08-29/00:00:00,10.35,10.4,10.3,10.3,4044064
2017-08-30/00:00:00,10.35,10.35,10.3,10.3,3493111
2017-09-04/00:00:00,10.4,10.4,10.3,10.3,2162884
2017-09-05/00:00:00,10.35,10.35,10.3,10.3,522094
2017-09-06/00:00:00,10.3,10.3,10.2,10.2,33215406
2017-09-07/00:00:00,10.2,10.25,10.2,10.2,991266
2017-09-10/00:00:00,10.25,10.3,10.15,10.2,2029658
2017-09-11/00:00:00,10.2,10.3,10.15,10.15,3174515
2017-09-12/00:00:00,10.2,10.35,10.2,10.35,5823859
2017-09-13/00:00:00,10.35,10.35,10.15,10.3,4175499
2017-09-14/00:00:00,10.2,10.3,10.15,10.3,5894808
2017-09-17/00:00:00,10.25,10.3,10.2,10.3,308197
2017-09-18/00:00:00,10.3,10.35,10.25,10.25,2824062
2017-09-19/00:00:00,10.25,10.3,10.2,10.3,3135271
2017-09-20/00:00:00,10.3,10.3,10.25,10.25,623302
2017-09-24/00:00:00,10.25,10.3,10.2,10.3,1557710
2017-09-25/00:00:00,10.25,10.3,10.15,10.25,2611114
2017-09-26/00:00:00,10.2,10.25,10.2,10.25,2302916
2017-09-27/00:00:00,10.2,10.2,10.1,10.1,5024946
2017-09-28/00:00:00,10.1,10.2,10.1,10.1,6205058
2017-10-01/00:00:00,10.15,10.2,10.1,10.15,987644
2017-10-02/00:00:00,10.15,10.25,10.15,10.2,1993521
2017-10-03/00:00:00,10.25,10.25,10.15,10.25,1289162
2017-10-04/00:00:00,10.2,10.2,10.05,10.2,2190581
2017-10-05/00:00:00,10.15,10.15,9.98,10.05,123000306
2017-10-08/00:00:00,10.15,10.15,10.1,10.1,1042495
2017-10-09/00:00:00,10.15,10.2,10.15,10.2,1473348
2017-10-10/00:00:00,10.2,10.25,10.15,10.25,2604781
2017-10-11/00:00:00,10.2,10.4,10.2,10.4,5053847
2017-10-12/00:00:00,10.3,10.4,10.3,10.4,966954
2017-10-15/00:00:00,10.4,10.4,10.35,10.4,1214349
2017-10-16/00:00:00,10.4,10.4,10.3,10.4,1336110
2017-10-17/00:00:00,10.35,10.4,10.25,10.25,1419346
2017-10-18/00:00:00,10.3,10.35,10.3,10.35,1763269
2017-10-19/00:00:00,10.4,10.4,10.3,10.35,2491584
2017-10-22/00:00:00,10.35,10.35,10.3,10.35,1183427
2017-10-23/00:00:00,10.3,10.35,10.3,10.35,908919
2017-10-24/00:00:00,10.35,10.4,10.3,10.4,2380859
2017-10-25/00:00:00,10.35,10.4,10.3,10.4,2687392
2017-10-26/00:00:00,10.3,10.3,10.2,10.2,6523488
2017-10-29/00:00:00,10.25,10.25,10.15,10.2,2295450
2017-10-30/00:00:00,10.2,10.2,10.1,10.1,4242968
2017-10-31/00:00:00,10.1,10.3,10.1,10.25,5878810
2017-11-01/00:00:00,10.25,10.3,10.25,10.25,12728784
2017-11-02/00:00:00,10.2,10.25,10.2,10.2,1660437
2017-11-05/00:00:00,10.2,10.25,10.15,10.2,374882
2017-11-06/00:00:00,10.2,10.25,10.15,10.2,1512933
2017-11-07/00:00:00,10.25,10.25,10.2,10.25,3359367
2017-11-08/00:00:00,10.2,10.25,10.05,10.1,5625384
2017-11-09/00:00:00,10.15,10.15,10.05,10.05,2679446
2017-11-12/00:00:00,10.1,10.15,10.1,10.1,750764
2017-11-13/00:00:00,10.1,10.1,9.98,10.05,2733597
2017-11-14/00:00:00,9.98,10.15,9.98,10.15,2821784
2017-11-15/00:00:00,10.05,10.2,10.05,10.05,2033166
2017-11-16/00:00:00,10.1,10.1,10.05,10.1,1329958
2017-11-19/00:00:00,10.05,10.15,10.05,10.05,1057553
2017-11-20/00:00:00,10.1,10.1,9.98,10.05,3684276
2017-11-21/00:00:00,10.05,10.1,10.05,10.1,6392929
2017-11-22/00:00:00,10.05,10.1,9.98,9.98,835286
2017-11-23/00:00:00,10.1,10.15,10.05,10.05,622281
2017-11-26/00:00:00,10.1,10.1,10.05,10.05,794947
2017-11-27/00:00:00,10.1,10.1,9.93,9.98,2454344
2017-11-28/00:00:00,9.98,10.1,9.98,10.1,2923810
2017-11-29/00:00:00,10.05,10.05,9.93,9.98,4908605
2017-12-04/00:00:00,10.1,10.35,9.98,10.1,2435880
2017-12-05/00:00:00,10.1,10.1,9.93,9.98,1833474
2017-12-06/00:00:00,9.98,10.2,9.98,10.2,2963811
2017-12-07/00:00:00,10.05,10.2,10.05,10.05,1478992
2017-12-10/00:00:00,9.98,10.1,9.98,9.98,671838
2017-12-11/00:00:00,10.05,10.15,10.05,10.15,864241
2017-12-12/00:00:00,10.15,10.2,10.15,10.2,1343929
2017-12-13/00:00:00,10.2,10.25,10.15,10.25,4456630
2017-12-14/00:00:00,10.25,10.3,10.1,10.1,4848516
2017-12-17/00:00:00,10.2,10.2,10.1,10.1,490977
2017-12-18/00:00:00,10.2,10.25,10.15,10.25,4425186
2017-12-19/00:00:00,10.25,10.25,10.2,10.2,5855647
2017-12-20/00:00:00,10.2,10.25,10.15,10.15,2491827
2017-12-21/00:00:00,10.15,10.2,10.15,10.15,629362
2017-12-24/00:00:00,10.1,10.15,10.1,10.15,77253
2017-12-25/00:00:00,10.15,10.15,10.1,10.1,98929
2017-12-26/00:00:00,10.1,10.15,10.05,10.05,1551428
2017-12-27/00:00:00,10.1,10.2,10.05,10.2,11500442
2017-12-28/00:00:00,10.1,10.15,10.05,10.15,1186020
2018-01-02/00:00:00,10.15,10.35,10.15,10.35,400184
2018-01-03/00:00:00,10.35,10.55,10.35,10.55,2880006
2018-01-04/00:00:00,10.55,10.75,10.55,10.75,3132838
2018-01-07/00:00:00,10.7,10.8,10.7,10.8,3196125
2018-01-08/00:00:00,10.75,10.85,10.7,10.85,3276983
2018-01-09/00:00:00,10.8,10.85,10.75,10.85,1445523
2018-01-10/00:00:00,10.85,10.85,10.7,10.85,11575552
2018-01-11/00:00:00,10.75,10.9,10.75,10.9,3501197
2018-01-14/00:00:00,10.85,10.85,10.8,10.8,762365
2018-01-15/00:00:00,10.85,10.95,10.85,10.95,3245756
2018-01-16/00:00:00,10.95,11.15,10.9,11.1,5681824
2018-01-17/00:00:00,11.15,11.2,11.05,11.2,5191624
2018-01-18/00:00:00,11.15,11.2,11.1,11.15,4615309
2018-01-21/00:00:00,11.15,11.2,11.15,11.2,1161586
2018-01-22/00:00:00,11.15,11.15,11.1,11.15,2581030
2018-01-23/00:00:00,11.1,11.2,11.05,11.15,1273012
2018-01-24/00:00:00,11.1,11.1,11.05,11.1,3567419
2018-01-25/00:00:00,11.1,11.15,11.05,11.1,3688886
2018-01-28/00:00:00,11.15,11.15,11.0,11.0,2424741
2018-01-29/00:00:00,11.05,11.05,11.0,11.0,1162338
2018-01-30/00:00:00,11.05,11.15,11.0,11.15,3828052
2018-01-31/00:00:00,11.1,11.2,11.05,11.05,5497862
2018-02-01/00:00:00,11.1,11.15,11.05,11.15,2515148
2018-02-04/00:00:00,11.05,11.15,11.05,11.15,1424681
2018-02-05/00:00:00,11.1,11.1,11.1,11.1,1094172
2018-02-06/00:00:00,10.95,11.1,10.85,11.05,3013366
2018-02-07/00:00:00,11.05,11.2,11.05,11.2,2506985
2018-02-08/00:00:00,11.2,11.35,11.2,11.3,4959879
2018-02-11/00:00:00,11.3,11.35,11.25,11.25,2257765
2018-02-12/00:00:00,11.3,11.35,11.3,11.35,1326821
2018-02-13/00:00:00,11.35,11.35,11.25,11.25,741284
2018-02-14/00:00:00,11.3,11.3,11.2,11.2,3987533
2018-02-15/00:00:00,11.2,11.25,11.2,11.2,869857
2018-02-18/00:00:00,11.25,11.25,11.25,11.25,2033379
2018-02-19/00:00:00,11.25,11.3,11.2,11.25,1837647
2018-02-20/00:00:00,11.25,11.3,11.2,11.2,3365925
2018-02-21/00:00:00,11.2,11.25,11.15,11.25,3537003
2018-02-21/00:00:00,11.2,11.2,11.2,11.2,1995992
2018-02-25/00:00:00,11.25,11.25,11.2,11.2,2272799
2018-02-26/00:00:00,11.2,11.25,11.2,11.25,1240402
2018-02-27/00:00:00,11.25,11.3,11.25,11.3,4708024
2018-02-28/00:00:00,11.3,11.45,11.3,11.4,6133472
2008-07-29/00:00:00,11.35,11.5,11.35,11.45,3737803
2018-03-04/00:00:00,11.45,11.55,11.45,11.5,3360640
2018-08-03/00:00:00,11.45,11.5,11.45,11.45,4296764
2018-03-06/00:00:00,10.7,10.7,10.65,10.7,2187261
2018-03-07/00:00:00,10.7,10.7,10.7,10.7,1226995
2018-03-08/00:00:00,10.7,10.85,10.7,10.75,1640156
2018-03-11/00:00:00,10.85,10.9,10.85,10.85,6370470
2018-03-12/00:00:00,10.85,10.9,10.8,10.8,2033047
2018-03-13/00:00:00,10.8,10.9,10.8,10.85,1589297
2018-03-14/00:00:00,10.8,10.85,10.75,10.75,1441456
2018-03-15/00:00:00,10.7,10.85,10.7,10.85,4654754
2018-03-18/00:00:00,10.8,10.85,10.8,10.85,444016
2018-03-19/00:00:00,10.85,10.9,10.8,10.9,1033113
2018-03-20/00:00:00,10.85,10.95,10.85,10.9,2855827
2018-03-20/00:00:00,10.95,11.25,10.95,11.15,2014207
2018-03-22/00:00:00,11.2,11.25,11.15,11.25,1159672
2018-03-25/00:00:00,11.2,11.55,11.15,11.5,826967
2018-03-26/00:00:00,11.5,11.8,11.4,11.8,2181850
2018-03-27/00:00:00,11.8,11.85,11.6,11.6,2050402
2018-03-28/00:00:00,11.6,11.65,11.2,11.25,2170039
2018-03-29/00:00:00,11.45,11.55,11.35,11.55,2886935
2018-04-01/00:00:00,11.4,11.55,11.4,11.55,661276
2018-04-02/00:00:00,11.55,11.55,11.55,11.55,1408854
2018-04-03/00:00:00,11.5,11.6,11.45,11.6,1720512
2018-04-04/00:00:00,11.6,11.8,11.6,11.8,1256873
2018-04-05/00:00:00,11.8,12.25,11.8,12.25,5072870
2018-04-08/00:00:00,12.2,12.2,11.95,11.95,350712
2018-04-09/00:00:00,12.0,12.25,11.9,12.25,4576531
2018-04-10/00:00:00,12.25,12.5,12.15,12.5,2643473
2018-04-11/00:00:00,12.3,12.45,12.3,12.3,776160
2018-04-12/00:00:00,12.25,12.25,12.1,12.15,2394794
2018-04-15/00:00:00,12.25,12.45,12.25,12.45,1152478
2018-04-16/00:00:00,12.45,12.45,12.25,12.25,2652247
2018-04-17/00:00:00,12.3,12.4,12.3,12.4,898128
2018-04-18/00:00:00,12.4,12.4,12.15,12.25,1997557
2018-04-23/00:00:00,12.25,12.45,12.25,12.4,2683632
2018-04-22/00:00:00,12.35,12.35,12.3,12.35,128612
2018-04-23/00:00:00,12.35,12.45,12.35,12.35,2567297
2018-04-24/00:00:00,12.35,12.35,12.35,12.35,1472991
2018-04-25/00:00:00,12.35,12.4,12.3,12.3,2563082
2018-04-26/00:00:00,12.35,12.4,12.35,12.35,2305593
2018-04-29/00:00:00,12.4,12.4,12.25,12.3,3692020
2018-04-30/00:00:00,12.3,12.35,12.25,12.25,1419995
2018-05-01/00:00:00,12.3,12.3,12.3,12.3,954834
2018-05-02/00:00:00,12.2,12.25,11.1,12.15,2375165
2018-05-03/00:00:00,12.15,12.15,11.7,11.7,2088590
2008-10-14/00:00:00,11.8,11.85,11.7,11.7,1502921
2018-05-07/00:00:00,11.75,11.75,11.45,11.5,1243749
2018-05-08/00:00:00,11.7,11.7,11.25,11.25,2609265
2018-05-09/00:00:00,11.25,11.6,11.25,11.45,2344050
2018-05-10/00:00:00,11.35,11.5,11.25,11.3,1788674
2018-05-13/00:00:00,11.35,11.4,11.3,11.3,1366695
2018-05-14/00:00:00,11.35,11.4,11.3,11.3,1169284
2018-05-15/00:00:00,11.3,11.55,11.25,11.4,4917943
2018-05-16/00:00:00,11.45,11.5,11.3,11.4,3420661
2018-10-30/00:00:00,11.4,11.45,11.3,11.3,1436427
2018-05-20/00:00:00,11.2,11.3,11.2,11.2,1205653
2018-05-21/00:00:00,11.2,11.35,11.15,11.25,1262121
2018-05-22/00:00:00,11.35,11.65,11.35,11.6,1756054
2018-05-23/00:00:00,11.6,12.2,11.55,12.1,4899993
2018-05-24/00:00:00,12.15,12.3,12.05,12.25,2676737
2018-05-27/00:00:00,12.15,12.15,11.9,11.9,736548
2018-11-12/00:00:00,12.0,12.0,11.9,11.9,274886
2018-05-29/00:00:00,11.9,12.05,11.9,12.05,1065337
2018-05-30/00:00:00,12.05,12.1,12.0,12.0,1110838
2018-05-31/00:00:00,12.1,12.25,12.05,12.15,5534139
2018-06-03/00:00:00,12.15,12.2,11.95,12.0,972085
2018-06-04/00:00:00,12.05,12.05,11.9,11.9,12189269
2018-06-05/00:00:00,11.9,12.1,11.9,12.1,1546547
2018-06-06/00:00:00,12.25,12.35,12.1,12.15,3139868
2018-06-07/00:00:00,12.15,12.15,12.05,12.15,2532185
2018-06-10/00:00:00,12.15,12.25,12.15,12.25,844993
2018-06-11/00:00:00,12.25,12.55,12.25,12.45,3821523
2018-06-12/00:00:00,12.4,12.55,12.4,12.55,2671878
2018-06-13/00:00:00,12.45,12.45,12.1,12.1,1666340
2018-06-14/00:00:00,12.3,12.5,12.25,12.5,3195096
2018-06-18/00:00:00,12.35,12.35,12.05,12.05,1909381
2018-06-19/00:00:00,12.0,12.05,11.8,11.95,6161402
2018-06-20/00:00:00,11.9,11.95,11.75,11.8,2388825
2018-06-21/00:00:00,11.75,11.85,11.65,11.8,2942669
2018-06-24/00:00:00,11.8,11.95,11.8,11.9,435512
2018-06-25/00:00:00,11.9,12.05,11.85,11.85,1707180
2018-06-26/00:00:00,11.85,12.05,11.8,12.05,2655910
2018-06-27/00:00:00,11.95,12.05,11.95,11.95,3028867
2018-06-28/00:00:00,11.95,12.1,11.95,12.0,1029276
2018-07-12/00:00:00,12.05,12.2,10.8,12.2,604800
2018-07-02/00:00:00,12.2,12.2,11.9,11.95,1924789
2018-07-03/00:00:00,12.05,12.05,11.95,11.95,1086921
2018-07-04/00:00:00,12.0,12.05,12.0,12.0,1961989
2018-07-05/00:00:00,12.0,12.1,12.0,12.1,296636
2018-07-08/00:00:00,12.1,12.1,11.95,12.1,1326843
2018-07-09/00:00:00,12.0,12.05,12.0,12.05,965904
2018-07-10/00:00:00,12.05,12.25,12.0,12.25,4571782
2018-07-11/00:00:00,12.25,12.4,12.2,12.4,1716150
2018-07-12/00:00:00,12.4,12.45,12.35,12.4,2112124
2018-07-15/00:00:00,12.4,12.45,12.35,12.45,1752459
2018-07-16/00:00:00,12.45,12.7,12.45,12.7,2785817
2018-07-17/00:00:00,12.6,12.7,12.55,12.7,3593729
2018-07-18/00:00:00,12.55,12.8,12.55,12.8,3815494
2018-07-19/00:00:00,12.8,13.0,12.75,13.0,2241702
2018-07-22/00:00:00,13.05,13.05,12.95,13.0,449168
2018-07-23/00:00:00,13.0,13.1,12.9,13.0,1800809
2018-07-24/00:00:00,12.9,13.1,12.85,13.1,1647543
2018-07-25/00:00:00,13.2,13.6,13.1,13.45,6408350
2018-07-26/00:00:00,13.35,13.45,13.3,13.45,4040925
2018-07-29/00:00:00,13.45,13.45,13.3,13.35,2023109
2018-07-30/00:00:00,13.3,13.45,13.25,13.45,3379734
2018-07-31/00:00:00,13.35,13.45,13.35,13.45,5395226
2018-08-01/00:00:00,13.45,13.5,13.35,13.45,2091400
2018-08-02/00:00:00,13.4,13.4,13.35,13.35,4294752
2018-08-05/00:00:00,13.35,13.4,13.35,13.4,619513
2018-08-06/00:00:00,13.4,13.95,13.4,13.85,5494648
2018-08-07/00:00:00,13.8,14.1,13.75,14.1,6872968
2018-08-08/00:00:00,14.1,14.35,14.1,14.2,10859964
2018-08-09/00:00:00,14.15,14.15,13.85,13.85,5070751
2018-08-12/00:00:00,13.85,13.9,13.7,13.7,211530
2018-08-13/00:00:00,13.7,13.95,13.45,13.55,4193897
2018-08-14/00:00:00,13.55,13.7,13.55,13.65,2145809
2018-08-15/00:00:00,13.65,14.0,13.6,14.0,1648941
2018-08-16/00:00:00,14.0,14.1,13.85,14.1,7218909
2018-08-19/00:00:00,13.9,14.0,13.85,14.0,541470
2018-08-26/00:00:00,14.05,14.1,14.05,14.1,1684836
2018-08-27/00:00:00,14.15,14.5,14.05,14.45,5690949
2018-08-28/00:00:00,14.45,14.5,14.4,14.5,1477670
2018-08-29/00:00:00,14.5,14.6,14.5,14.55,4866063
2018-08-30/00:00:00,14.65,15.0,14.55,14.65,10794817
2018-09-02/00:00:00,14.4,14.65,14.35,14.4,1356349
2009-04-16/00:00:00,14.25,14.4,14.25,14.4,2448390
2018-09-04/00:00:00,14.45,14.45,14.35,14.35,1908660
2018-09-05/00:00:00,14.35,14.4,13.6,13.95,5358098
2018-09-06/00:00:00,13.95,14.15,13.75,14.0,2892100
2018-09-09/00:00:00,14.0,14.1,13.85,14.1,1109219
2018-09-10/00:00:00,14.05,14.55,14.0,14.55,3997008
2018-09-11/00:00:00,14.35,14.55,14.35,14.55,3066871
2018-09-12/00:00:00,14.6,14.6,14.25,14.3,932026
2018-09-16/00:00:00,14.25,14.45,14.25,14.4,1558173
2018-09-17/00:00:00,14.4,14.4,14.0,14.05,10531835
2018-09-18/00:00:00,14.05,14.05,14.0,14.05,3900030
2018-09-19/00:00:00,14.1,14.1,14.05,14.05,1462257
2018-09-20/00:00:00,14.05,14.25,14.05,14.15,7098552
2018-09-23/00:00:00,14.15,14.15,14.05,14.15,398290
2018-09-24/00:00:00,14.1,14.35,14.05,14.1,2905653
2018-09-25/00:00:00,14.1,14.15,14.1,14.15,2180904
2018-09-26/00:00:00,14.1,14.35,14.1,14.35,2953917
2018-09-27/00:00:00,14.25,14.35,14.05,14.15,4818314
2018-09-30/00:00:00,14.1,14.1,14.0,14.05,2114091
2018-10-01/00:00:00,14.1,14.35,14.1,14.35,2752883
2018-10-02/00:00:00,14.35,14.4,14.35,14.4,2435000
2018-10-03/00:00:00,14.35,14.55,14.35,14.45,1872322
2018-10-04/00:00:00,14.3,14.5,14.3,14.5,2565464
2018-10-07/00:00:00,14.45,14.5,14.45,14.45,664227
2018-10-08/00:00:00,14.45,14.6,14.45,14.6,2034985
2018-10-09/00:00:00,14.6,14.75,14.6,14.65,2682375
2018-10-10/00:00:00,14.7,14.75,14.6,14.65,5423480
2018-10-11/00:00:00,14.55,14.55,14.15,14.45,6506241
2018-10-14/00:00:00,14.65,14.65,14.2,14.35,1118568
2018-10-15/00:00:00,14.45,14.45,14.2,14.35,3565211
2018-10-16/00:00:00,14.35,14.35,14.25,14.3,3713548
2018-10-17/00:00:00,14.35,14.5,14.2,14.5,1575821
2018-10-18/00:00:00,14.55,14.6,14.4,14.6,1746861
2018-10-21/00:00:00,14.35,14.45,14.35,14.4,454455
2018-10-22/00:00:00,14.45,14.45,14.3,14.45,2648652
2018-07-05/00:00:00,14.3,14.55,14.3,14.55,2041251
2018-10-24/00:00:00,14.35,14.35,14.25,14.25,2054307
2018-10-25/00:00:00,14.2,14.2,13.95,13.95,5838272
2018-10-28/00:00:00,13.95,14.0,13.9,14.0,1027362
2018-10-29/00:00:00,14.0,14.0,13.7,13.8,4174765
2018-10-30/00:00:00,13.75,13.75,13.6,13.65,2599553
2018-10-31/00:00:00,13.65,13.7,13.6,13.65,5113725
2018-11-01/00:00:00,13.65,13.85,13.65,13.75,3251891
2018-11-04/00:00:00,13.75,13.8,13.75,13.8,332957
2018-11-05/00:00:00,13.7,14.0,13.7,14.0,5515602
2018-11-06/00:00:00,13.9,14.2,13.9,14.2,2712963
2018-11-07/00:00:00,14.05,14.25,14.05,14.25,3120100
2018-11-08/00:00:00,14.25,14.25,14.2,14.25,2653346
2018-11-11/00:00:00,14.2,14.2,14.15,14.15,706022
2018-11-12/00:00:00,14.15,14.15,14.0,14.05,3755218
2018-11-13/00:00:00,14.0,14.15,14.0,14.15,2992760
2018-11-14/00:00:00,14.15,14.65,14.15,14.55,11592670
2018-11-15/00:00:00,14.55,14.65,14.5,14.65,10531331
2018-11-19/00:00:00,14.55,14.65,14.5,14.65,8654086
2018-11-20/00:00:00,14.6,14.6,14.25,14.3,9228406
2018-11-21/00:00:00,14.25,14.25,14.15,14.15,6733841
2018-11-09/00:00:00,14.15,14.3,14.15,14.3,6937339
2018-11-25/00:00:00,14.3,14.3,14.2,14.25,3080123
2018-11-26/00:00:00,14.25,14.3,14.15,14.3,10906834
2018-11-27/00:00:00,14.15,14.25,14.15,14.25,6392710
2018-11-28/00:00:00,14.2,14.2,13.85,13.85,9408664
2018-11-29/00:00:00,14.1,14.1,13.45,13.45,58597589
2018-12-04/00:00:00,14.1,14.1,13.8,13.95,48475328
2018-12-05/00:00:00,13.95,13.95,13.55,13.6,4804329
2018-12-06/00:00:00,13.75,13.95,13.55,13.95,2754208
2018-12-09/00:00:00,13.95,13.95,13.75,13.75,1175084
2018-12-10/00:00:00,13.75,13.75,13.6,13.65,4423933
2018-12-11/00:00:00,13.6,13.65,13.55,13.65,7068545
2018-12-12/00:00:00,13.65,13.85,13.6,13.85,5472816
2018-12-13/00:00:00,13.75,13.8,13.7,13.8,4398095
2018-12-16/00:00:00,13.8,13.8,13.6,13.65,1227440
2018-12-17/00:00:00,13.6,13.8,13.6,13.8,3704048
2018-12-18/00:00:00,13.75,13.75,13.6,13.65,5285098
2018-12-19/00:00:00,13.8,13.8,13.6,13.8,8367455
2018-12-20/00:00:00,13.8,13.85,13.75,13.8,5812675
2018-12-23/00:00:00,13.8,13.8,13.75,13.75,565398
2018-09-09/00:00:00,13.75,13.75,13.65,13.75,1953029
2018-12-25/00:00:00,13.6,13.75,13.6,13.75,329354
2018-12-26/00:00:00,13.75,13.85,13.75,13.85,539352
2018-12-27/00:00:00,13.75,13.8,13.6,13.8,2052832
2018-12-30/00:00:00,13.75,13.75,13.7,13.7,85284
2018-12-31/00:00:00,13.7,13.95,13.7,13.95,970412
2019-01-02/00:00:00,13.8,13.8,13.75,13.75,493190
2019-01-03/00:00:00,13.7,13.85,13.65,13.85,4029634
2019-01-06/00:00:00,13.95,14.1,13.9,13.9,905124
2019-01-07/00:00:00,14.0,14.05,14.0,14.05,2407311
2019-01-08/00:00:00,14.0,14.05,14.0,14.05,1217490
2019-01-09/00:00:00,14.05,14.15,14.05,14.15,2686103
2019-01-10/00:00:00,14.15,14.2,14.15,14.2,4961614
2019-01-13/00:00:00,14.25,14.35,14.25,14.35,1859366
2019-01-14/00:00:00,14.3,14.6,14.3,14.6,3945597
2019-01-15/00:00:00,14.6,14.6,14.45,14.5,2789514
2019-01-16/00:00:00,14.45,14.45,14.4,14.45,5164881
2019-01-17/00:00:00,14.45,14.5,14.45,14.45,3915361
2019-01-20/00:00:00,14.45,14.45,14.4,14.4,667060
2019-01-21/00:00:00,14.4,14.4,14.3,14.3,8418735
2019-01-22/00:00:00,14.3,14.3,14.25,14.25,6754033
2019-01-23/00:00:00,14.3,14.35,14.3,14.35,2053311
2019-01-24/00:00:00,14.3,14.55,14.3,14.55,4529157
2019-01-27/00:00:00,14.55,14.65,14.5,14.55,1942762
2019-01-28/00:00:00,14.65,14.75,14.65,14.7,5823665
2019-01-29/00:00:00,14.6,14.75,14.55,14.6,6056223
2019-01-30/00:00:00,14.65,14.65,14.4,14.4,4335826
2019-01-31/00:00:00,14.4,14.65,14.4,14.55,4034459
2019-02-03/00:00:00,15.4,15.4,14.85,14.85,22940743
2019-02-04/00:00:00,14.55,15.2,14.55,15.15,10000075
2019-02-05/00:00:00,15.2,15.25,15.1,15.15,4563602
2019-02-06/00:00:00,15.1,15.15,15.1,15.15,3097181
2019-02-07/00:00:00,15.15,15.15,15.05,15.1,2961153
2019-02-10/00:00:00,15.1,15.1,14.95,14.95,1398874
2019-02-11/00:00:00,14.9,14.95,14.8,14.85,4584875
2019-02-12/00:00:00,14.85,14.85,14.65,14.8,4254527
2019-02-13/00:00:00,14.8,14.95,14.7,14.75,4135758
2019-02-14/00:00:00,14.75,14.8,14.75,14.75,4042787
2019-02-17/00:00:00,14.8,14.85,14.7,14.85,356806
2019-02-18/00:00:00,14.8,14.8,14.65,14.7,2159719
2019-02-19/00:00:00,14.65,14.7,14.65,14.65,883011
2019-02-20/00:00:00,14.7,14.75,14.6,14.65,3667778
2019-02-21/00:00:00,14.65,14.8,14.55,14.8,2452077
2019-02-24/00:00:00,14.8,15.05,14.8,15.05,1434481
2019-02-25/00:00:00,15.0,15.0,14.8,14.9,1896086
2019-02-26/00:00:00,14.95,15.0,14.75,14.95,5783577
2019-02-27/00:00:00,14.95,15.0,14.8,15.0,2247366
2019-02-28/00:00:00,15.0,15.1,14.95,15.0,5033773
2019-11-25/00:00:00,15.0,15.0,14.8,15.0,541481
2019-03-04/00:00:00,14.95,15.0,14.8,14.95,1778318
2019-03-05/00:00:00,14.85,14.85,14.8,14.85,1645279
2019-03-06/00:00:00,14.4,14.4,13.95,14.05,2324904
2019-03-07/00:00:00,14.05,14.05,13.7,13.75,3976072
2019-03-10/00:00:00,13.7,13.8,13.5,13.5,1987316
2019-03-11/00:00:00,13.55,13.7,13.45,13.45,2009267
2019-03-12/00:00:00,13.6,13.6,13.35,13.45,1165504
2019-03-13/00:00:00,13.55,13.55,13.35,13.45,1586741
2019-03-14/00:00:00,13.4,14.35,13.4,14.35,8562224
2019-03-17/00:00:00,14.15,14.25,14.1,14.2,1121083
2019-03-18/00:00:00,14.25,14.65,14.25,14.65,3714293
2019-03-19/00:00:00,14.65,14.7,14.55,14.7,1528661
2019-03-20/00:00:00,14.65,14.85,14.65,14.8,2973405
2019-03-21/00:00:00,14.75,15.05,14.65,15.0,4767301
2019-03-24/00:00:00,15.0,15.0,14.75,14.85,609717
2019-03-25/00:00:00,14.85,15.05,14.85,15.0,3409326
2019-03-26/00:00:00,15.0,15.05,15.0,15.05,3095078
2019-03-27/00:00:00,15.05,15.05,14.95,14.95,2015952
2019-03-28/00:00:00,14.95,15.1,14.9,15.1,3297474
2019-03-31/00:00:00,15.1,15.1,15.0,15.0,700352
2019-04-01/00:00:00,15.0,15.1,14.95,14.95,2295617
2019-04-02/00:00:00,15.0,15.0,14.95,14.95,3102398
2019-04-03/00:00:00,14.95,15.0,14.9,15.0,3068651
2019-04-04/00:00:00,15.0,15.0,14.95,15.0,666376
2019-04-07/00:00:00,15.0,15.0,14.9,15.0,426740
2019-04-08/00:00:00,15.0,15.0,15.0,15.0,1497557
2019-04-09/00:00:00,15.0,15.0,14.85,14.95,1495783
2019-04-10/00:00:00,14.95,14.95,14.75,14.75,1574802
2019-04-11/00:00:00,14.75,14.75,14.65,14.65,1562584
2019-04-14/00:00:00,15.35,15.4,15.3,15.4,10298341
2019-04-15/00:00:00,15.4,15.8,15.4,15.8,5162786
2019-04-16/00:00:00,15.8,15.8,15.6,15.65,3915467
2019-04-17/00:00:00,15.6,15.75,15.6,15.75,3485190
2019-04-18/00:00:00,15.75,15.95,15.7,15.95,4078721
2019-04-21/00:00:00,15.95,16.3,15.95,16.2,1826987
2019-04-22/00:00:00,16.25,16.5,16.2,16.5,2566623
2019-04-23/00:00:00,16.5,16.75,16.4,16.6,3253474
2019-04-24/00:00:00,16.55,16.6,16.45,16.5,3942111
2019-04-25/00:00:00,16.5,16.5,16.3,16.45,2548997
2019-04-28/00:00:00,16.4,16.45,16.35,16.4,1008584
2019-04-29/00:00:00,16.4,16.4,16.15,16.2,1596289
2019-04-30/00:00:00,16.1,16.1,15.55,15.8,6250721
2019-05-05/00:00:00,15.8,15.9,15.7,15.9,2181252
2019-05-02/00:00:00,15.8,15.95,15.8,15.8,2651123
2019-05-05/00:00:00,16.15,16.15,15.8,15.8,1276988
2019-05-06/00:00:00,15.8,16.1,15.45,15.45,3027260
2019-05-07/00:00:00,15.5,15.6,15.4,15.4,1493395
2019-05-08/00:00:00,15.35,15.5,15.1,15.5,3489362
2019-05-09/00:00:00,15.3,15.4,15.2,15.4,4019378
2019-05-12/00:00:00,15.5,15.7,15.5,15.7,2423893
2019-05-13/00:00:00,15.2,15.45,15.1,15.2,4662501
2019-05-14/00:00:00,13.7,14.0,13.7,13.9,16718856
2019-05-15/00:00:00,13.9,14.1,13.7,13.85,11653406
2019-05-16/00:00:00,13.85,13.85,13.55,13.55,7266703
2019-05-19/00:00:00,13.55,13.65,13.35,13.65,2143501
2019-05-20/00:00:00,13.6,13.7,13.5,13.7,4871731
2019-05-21/00:00:00,13.85,14.0,13.85,13.9,2696179
2019-05-22/00:00:00,13.9,13.9,13.65,13.65,4185119
2019-05-23/00:00:00,13.8,13.85,13.7,13.75,3095205
2019-05-26/00:00:00,14.05,14.05,13.7,13.7,2245634
2019-05-27/00:00:00,13.85,13.9,13.75,13.75,2231577
2019-05-28/00:00:00,13.75,13.9,13.65,13.65,11468928
2019-05-29/00:00:00,13.75,14.1,13.75,14.1,2294716
2019-05-30/00:00:00,14.15,14.7,14.15,14.7,13945791
2019-06-09/00:00:00,14.75,14.75,14.45,14.5,2288851
2019-06-10/00:00:00,14.65,14.75,14.5,14.75,5650063
2019-06-11/00:00:00,14.75,14.75,14.55,14.6,1830264
2019-06-12/00:00:00,14.6,14.75,14.55,14.75,3660825
2019-06-13/00:00:00,14.7,14.75,14.55,14.7,4238063
2019-06-16/00:00:00,14.7,14.7,14.5,14.7,509108
2019-06-17/00:00:00,14.75,14.75,14.55,14.55,1990293
2019-06-06/00:00:00,14.65,14.7,14.5,14.5,2515364
2019-06-19/00:00:00,14.55,14.65,14.55,14.65,4141002
2019-06-20/00:00:00,14.55,14.85,14.45,14.85,62410751
2019-06-23/00:00:00,14.8,14.8,14.5,14.55,815118
2019-06-24/00:00:00,14.6,14.75,14.6,14.75,5240744
2019-06-25/00:00:00,14.6,14.65,14.55,14.65,2183071
2019-06-26/00:00:00,14.6,14.6,14.55,14.55,6523577
2019-06-27/00:00:00,14.55,14.75,14.55,14.7,6081178
2019-06-30/00:00:00,14.7,14.75,14.6,14.6,652581
2019-07-01/00:00:00,14.6,14.8,14.55,14.55,3298459
2019-07-02/00:00:00,14.65,14.65,14.55,14.55,1785476
2019-07-03/00:00:00,14.55,14.65,14.55,14.65,6024523
2019-07-04/00:00:00,14.55,14.65,14.55,14.65,3837857
2019-07-07/00:00:00,14.65,14.75,14.6,14.65,308692
2019-07-08/00:00:00,14.7,14.7,14.6,14.65,614128
2019-07-09/00:00:00,14.65,14.7,14.6,14.7,2376821
2019-07-10/00:00:00,14.7,14.7,14.55,14.65,1276760
2019-07-11/00:00:00,14.65,14.85,14.6,14.85,4580244
2019-07-14/00:00:00,14.85,14.85,14.7,14.7,749330
2019-07-15/00:00:00,14.65,14.7,14.65,14.65,2046438
2019-07-16/00:00:00,14.65,14.85,14.65,14.85,5509538
2019-07-17/00:00:00,14.75,14.85,14.75,14.85,1122419
2019-07-18/00:00:00,15.3,16.05,15.3,15.4,9205995
2019-07-21/00:00:00,15.45,15.7,15.45,15.6,808595
2019-07-22/00:00:00,15.8,15.85,15.7,15.8,4601347
2019-08-18/00:00:00,15.75,15.85,15.75,15.8,3131361
2019-07-24/00:00:00,15.8,15.8,15.8,15.8,1788672
2019-07-25/00:00:00,15.8,15.9,15.8,15.9,2685040
2019-07-28/00:00:00,15.8,15.8,15.7,15.7,120073
2019-07-29/00:00:00,15.6,15.8,15.6,15.8,3143312
2019-07-30/00:00:00,15.75,15.8,15.7,15.7,993693
2019-07-31/00:00:00,15.7,15.7,15.6,15.7,2140678
2019-08-01/00:00:00,15.6,15.6,15.3,15.4,2337769
2019-08-04/00:00:00,15.4,15.4,15.2,15.2,1017573
2019-08-05/00:00:00,15.2,15.2,14.85,14.85,3682419
2019-08-06/00:00:00,14.85,15.05,14.85,14.9,2023754
2019-08-07/00:00:00,15.05,15.1,14.95,14.95,1827345
2019-08-08/00:00:00,15.0,15.0,14.85,14.95,4252227
2019-08-14/00:00:00,14.95,15.05,14.8,14.8,2730393
2019-08-15/00:00:00,14.7,14.95,14.65,14.95,2694487
2019-08-18/00:00:00,14.85,14.9,14.7,14.85,797454
2019-08-19/00:00:00,14.85,14.85,14.7,14.75,2936520
2019-08-20/00:00:00,14.7,14.95,14.7,14.85,3220380
2019-08-21/00:00:00,14.85,14.9,14.75,14.8,1406435
2019-08-22/00:00:00,14.85,14.9,14.85,14.85,2790125
2019-08-25/00:00:00,14.75,14.75,14.45,14.65,1636825
2019-08-26/00:00:00,14.65,14.75,14.65,14.75,1898790
2019-08-27/00:00:00,14.85,15.2,14.7,15.2,8453524
2019-08-28/00:00:00,15.1,15.15,15.05,15.1,2352921
2019-08-29/00:00:00,14.95,15.1,14.95,15.1,1664139
2019-09-01/00:00:00,15.1,15.1,14.85,14.9,1148249
2019-09-02/00:00:00,14.85,14.95,14.8,14.85,2561424
2019-09-03/00:00:00,14.95,14.95,14.7,14.7,4036110
2019-09-04/00:00:00,14.75,14.85,14.75,14.85,2855729
2019-09-05/00:00:00,14.9,15.1,14.8,14.85,11556787
2019-09-08/00:00:00,14.85,14.85,14.8,14.85,307089
2019-09-09/00:00:00,14.85,14.85,14.8,14.85,1216238
2019-09-10/00:00:00,14.85,14.85,14.75,14.85,2586623
2019-09-11/00:00:00,14.85,14.9,14.8,14.9,6239509
2019-09-12/00:00:00,14.9,15.0,14.85,14.95,2165350
2019-09-15/00:00:00,14.95,14.95,14.85,14.85,78417
2019-09-16/00:00:00,14.85,15.1,14.85,15.1,4109311
2019-09-17/00:00:00,15.05,15.25,15.0,15.25,2106391
2019-09-18/00:00:00,15.25,15.25,15.15,15.2,1136473
2019-09-19/00:00:00,15.05,15.1,14.95,15.1,8254182
2019-09-22/00:00:00,15.05,15.1,15.0,15.1,402808
2019-09-02/00:00:00,15.0,15.0,14.85,14.85,2579683
2019-09-24/00:00:00,14.9,15.0,14.85,14.9,1357372
2019-09-25/00:00:00,14.85,15.0,14.85,15.0,2204636
2019-09-26/00:00:00,14.95,15.0,14.9,14.95,1337960
2019-09-29/00:00:00,14.9,15.0,14.9,15.0,609525
2019-09-30/00:00:00,15.0,15.05,14.85,14.85,1344552
2019-10-01/00:00:00,14.9,14.95,14.9,14.95,707059
2019-10-02/00:00:00,14.9,15.0,14.9,15.0,794030
2019-10-03/00:00:00,14.95,15.05,14.9,14.9,2702828
2019-10-06/00:00:00,15.0,15.0,14.95,15.0,818117
2019-10-07/00:00:00,14.95,15.05,14.95,15.05,1905879
2019-10-08/00:00:00,15.0,15.0,14.95,15.0,611735
2019-10-09/00:00:00,15.0,15.0,14.95,14.95,979949
2019-10-10/00:00:00,14.95,15.05,14.95,15.05,2030677
2019-10-13/00:00:00,15.05,15.1,15.0,15.05,647143
2019-10-14/00:00:00,15.05,15.1,15.05,15.1,902754
2019-10-15/00:00:00,15.0,15.15,15.0,15.1,802012
2019-10-16/00:00:00,15.2,15.2,15.1,15.1,1796730
2019-10-17/00:00:00,15.0,15.1,15.0,15.1,3645192
2019-10-20/00:00:00,15.1,15.1,15.0,15.1,2317250
2019-10-21/00:00:00,15.0,15.15,15.0,15.15,2736778
2019-10-22/00:00:00,15.15,15.25,15.1,15.25,1910127
2019-10-23/00:00:00,15.25,15.3,15.2,15.3,2452929
2019-10-24/00:00:00,15.3,15.5,15.3,15.45,2052385
2019-10-27/00:00:00,15.25,15.4,15.25,15.3,277490
2019-10-28/00:00:00,15.3,15.4,15.25,15.25,1444244
2019-10-29/00:00:00,15.25,15.3,14.95,14.95,2389495
2019-10-30/00:00:00,15.1,15.45,15.0,15.45,1818823
2019-10-31/00:00:00,15.3,15.4,15.05,15.05,4214818
2019-01-24/00:00:00,15.2,15.2,15.05,15.1,5456828
2019-11-04/00:00:00,15.1,15.15,15.1,15.1,1887710
2019-11-05/00:00:00,15.1,15.3,15.1,15.3,12313249
2019-11-06/00:00:00,15.3,15.3,15.2,15.3,842294
2019-11-07/00:00:00,15.3,15.3,15.25,15.25,2620061
2019-11-10/00:00:00,15.4,15.4,15.1,15.1,2423442
2019-11-11/00:00:00,15.15,15.15,15.1,15.1,5049083
2019-11-12/00:00:00,15.05,15.1,14.95,15.0,2646657
2019-11-13/00:00:00,14.95,15.0,14.95,14.95,7499712
2019-11-14/00:00:00,14.95,15.4,14.95,15.4,2846128
2019-11-17/00:00:00,15.1,15.15,15.0,15.0,1635972
2019-11-18/00:00:00,15.3,15.3,15.0,15.0,2185130
2019-11-19/00:00:00,14.95,15.1,14.95,15.1,3530909
2019-11-20/00:00:00,15.1,15.15,15.0,15.15,1733520
2019-11-21/00:00:00,15.2,15.2,15.0,15.0,2171963
2019-11-24/00:00:00,14.95,15.0,14.95,15.0,3668359
2019-11-25/00:00:00,15.0,15.1,14.95,15.1,3404817
2019-11-26/00:00:00,15.0,15.05,14.95,15.0,14368405
2019-11-27/00:00:00,15.0,15.0,15.0,15.0,4606256
2019-11-28/00:00:00,15.0,15.05,15.0,15.0,7534204
2019-12-04/00:00:00,15.05,15.1,15.0,15.0,7880478
2019-12-05/00:00:00,15.0,15.0,14.95,15.0,1391708
2019-12-08/00:00:00,15.0,15.0,14.95,15.0,950670
2019-12-09/00:00:00,15.0,15.0,15.0,15.0,2067303
2019-12-10/00:00:00,15.0,15.0,15.0,15.0,2552645
2019-12-11/00:00:00,15.0,15.0,15.0,15.0,6251294
2019-12-12/00:00:00,15.0,15.0,14.95,14.95,4428407
2019-12-15/00:00:00,15.0,15.0,14.85,14.9,1605354
2019-12-16/00:00:00,15.0,15.0,14.95,14.95,2234738
2019-12-17/00:00:00,14.95,14.95,14.9,14.9,6271986
2019-12-18/00:00:00,14.9,15.1,14.9,15.1,3873655
2019-12-19/00:00:00,15.05,15.1,15.0,15.1,6716968
2019-12-22/00:00:00,15.1,15.1,14.85,15.0,907444
2019-12-23/00:00:00,15.0,15.2,15.0,15.2,3185992
2019-12-24/00:00:00,15.2,15.2,15.0,15.05,1052917
2019-12-25/00:00:00,15.05,15.15,15.05,15.15,165917
2019-12-26/00:00:00,15.1,15.1,14.95,14.95,732923
2019-12-29/00:00:00,15.0,15.1,15.0,15.0,764051
2019-12-30/00:00:00,14.95,15.15,14.95,15.1,2533659
2019-12-31/00:00:00,15.18,15.3,15.16,15.16,10247592
2020-01-02/00:00:00,15.0,15.1,15.0,15.1,597826
2020-01-05/00:00:00,14.95,15.0,14.85,14.95,2157859
2020-01-06/00:00:00,14.95,15.0,14.85,14.85,2403228
2020-01-07/00:00:00,14.85,15.0,14.85,15.0,1957533
2020-01-08/00:00:00,14.85,14.85,14.75,14.85,1639861
2020-01-09/00:00:00,15.0,15.0,14.95,15.0,2073141
2020-01-12/00:00:00,15.0,15.1,15.0,15.05,220842
2020-01-13/00:00:00,15.05,15.15,15.0,15.15,2005617
2020-01-14/00:00:00,15.15,15.4,15.1,15.4,3149682
2020-01-15/00:00:00,15.3,15.35,15.2,15.35,1512307
2020-01-16/00:00:00,15.25,15.45,15.25,15.4,3154465
2020-01-19/00:00:00,15.5,15.5,15.4,15.4,682963
2020-01-20/00:00:00,15.3,15.6,15.3,15.6,2363143
2020-01-21/00:00:00,15.5,15.55,15.35,15.35,1035199
2020-01-22/00:00:00,15.4,15.6,15.4,15.6,717136
2020-01-23/00:00:00,15.6,15.75,15.4,15.7,2095678
2020-01-20/00:00:00,15.7,15.7,15.6,15.6,120931
2020-01-27/00:00:00,15.65,15.65,15.4,15.4,1552204
2020-01-28/00:00:00,15.5,15.5,15.35,15.4,3133278
2020-01-29/00:00:00,15.55,15.55,15.35,15.35,1561372
2020-01-30/00:00:00,15.35,15.4,15.3,15.3,2867135
2020-02-02/00:00:00,15.25,15.25,15.15,15.15,765669
2020-02-03/00:00:00,15.2,15.2,14.85,14.9,3726565
2020-02-04/00:00:00,14.9,15.0,14.9,15.0,3922183
2020-02-05/00:00:00,15.0,15.0,14.8,14.85,6533398
2020-02-06/00:00:00,14.85,14.9,14.8,14.85,4520553
2020-02-04/00:00:00,14.85,14.95,14.85,14.85,505226
2020-02-10/00:00:00,14.85,14.9,14.85,14.85,2961822
2020-02-11/00:00:00,14.85,14.85,14.75,14.85,4350359
2020-02-12/00:00:00,14.85,14.85,14.75,14.75,1549296
2020-02-13/00:00:00,14.75,14.75,14.55,14.65,2653970
2020-02-16/00:00:00,14.65,14.8,14.65,14.75,381261
2020-02-17/00:00:00,14.8,14.8,14.7,14.8,6231958
2020-02-18/00:00:00,14.75,14.8,14.6,14.6,1760912
2020-02-19/00:00:00,14.65,14.65,14.6,14.65,1541033
2020-02-20/00:00:00,14.65,14.65,14.45,14.45,3936743
2020-02-23/00:00:00,14.65,14.65,14.5,14.6,983795
2020-02-24/00:00:00,14.55,14.55,13.95,13.95,5261203
2020-02-25/00:00:00,14.0,14.3,13.95,14.05,2205205
2020-02-26/00:00:00,13.95,14.2,13.95,14.0,6334884
2020-02-27/00:00:00,14.0,14.5,14.0,14.15,3800063
2020-03-01/00:00:00,13.85,13.85,13.45,13.6,2274819
2020-03-02/00:00:00,13.6,14.0,13.6,13.85,3531902
2020-05-31/00:00:00,13.85,14.15,13.85,13.9,4112496
2020-03-04/00:00:00,13.25,13.25,13.1,13.2,2409342
2020-03-05/00:00:00,13.1,13.15,12.85,12.95,3163099
2020-03-08/00:00:00,11.9,12.3,11.7,12.1,3813833
2020-03-09/00:00:00,10.9,11.1,10.9,11.05,6767182
2020-03-10/00:00:00,11.55,12.15,11.55,11.85,6400617
2020-03-11/00:00:00,11.85,11.95,11.7,11.7,3288964
2020-03-12/00:00:00,10.6,11.05,10.6,10.75,3386002
2020-03-15/00:00:00,10.85,10.85,9.88,10.4,5016440
2020-03-16/00:00:00,9.39,9.9,9.34,9.34,7998122
2020-03-17/00:00:00,8.9,9.08,8.41,8.41,11722210
2020-03-18/00:00:00,8.79,8.79,8.0,8.08,14147971
2020-03-19/00:00:00,7.81,9.28,7.69,9.28,11403496
2011-06-21/00:00:00,8.98,9.21,8.85,8.88,2907298
2020-03-23/00:00:00,8.65,8.85,8.45,8.6,5420950
2020-03-24/00:00:00,8.7,9.74,8.7,9.42,5620895
2020-03-25/00:00:00,9.9,10.3,9.55,10.2,5850216
2020-03-26/00:00:00,10.2,10.2,9.68,9.68,2579118
2020-03-29/00:00:00,9.29,10.3,9.29,10.3,1357240
2020-03-05/00:00:00,10.3,10.3,9.77,9.77,4518144
2020-03-31/00:00:00,9.59,9.77,9.41,9.54,4514911
2020-04-01/00:00:00,9.49,9.76,9.29,9.64,2056517
2020-04-02/00:00:00,9.6,9.87,9.35,9.87,3245316
2020-04-05/00:00:00,9.88,9.96,9.39,9.55,817589
2020-04-06/00:00:00,9.65,9.88,9.49,9.88,2493394
2020-04-07/00:00:00,10.1,11.2,10.1,11.05,2847463
2020-04-08/00:00:00,11.05,11.05,10.6,10.75,2406665
2020-04-09/00:00:00,11.25,11.95,11.05,11.95,2494952
2020-04-12/00:00:00,12.15,13.05,12.15,12.35,1350198
2020-04-13/00:00:00,12.25,12.55,11.75,11.8,1264770
2020-04-14/00:00:00,11.85,12.3,11.4,11.8,3464653
2020-04-07/00:00:00,12.25,12.25,11.5,11.55,2735204
2020-04-16/00:00:00,11.55,11.55,11.0,11.0,4605804
2020-04-19/00:00:00,11.35,11.55,11.1,11.45,716637
2020-04-20/00:00:00,11.45,11.45,10.9,10.9,2319519
2020-04-21/00:00:00,10.4,10.6,10.4,10.4,2170363
2020-04-22/00:00:00,10.3,10.85,9.87,10.75,4170097
2020-04-23/00:00:00,10.8,11.35,10.8,11.05,3120717
2020-04-26/00:00:00,11.25,11.55,10.95,11.45,1172745
2020-04-27/00:00:00,11.55,11.6,11.05,11.05,1590049
2020-04-28/00:00:00,10.85,11.25,10.7,11.25,2564309
2020-04-29/00:00:00,11.35,11.35,11.05,11.3,912637
2020-04-30/00:00:00,11.35,11.5,11.15,11.45,1819512
2020-05-03/00:00:00,11.35,11.35,11.05,11.1,244366
2020-05-04/00:00:00,11.05,11.15,10.75,10.85,1511836
2020-05-05/00:00:00,11.05,11.2,10.95,11.15,1474284
2020-05-06/00:00:00,10.95,11.0,10.8,10.85,2549667
2020-05-07/00:00:00,10.85,11.35,10.85,11.2,2001381
2020-05-10/00:00:00,11.25,11.45,11.15,11.45,1812020
2020-05-11/00:00:00,11.25,11.55,11.15,11.5,2612320
2020-05-12/00:00:00,11.45,11.55,11.4,11.5,3113464
2020-05-13/00:00:00,10.9,11.2,10.9,11.05,3934962
2020-05-14/00:00:00,10.85,11.1,10.85,10.95,2036741
2020-05-17/00:00:00,10.9,11.0,10.85,10.95,881948
2020-05-18/00:00:00,10.95,11.0,10.9,10.9,1889311
2020-05-19/00:00:00,11.0,11.05,10.9,10.9,1987299
2020-05-20/00:00:00,10.85,11.15,10.85,11.15,1587532
2020-05-21/00:00:00,11.05,11.25,11.05,11.05,1103269
2020-05-27/00:00:00,11.25,11.25,11.05,11.05,1985795
2020-05-28/00:00:00,10.95,11.2,10.95,10.95,9216893
2020-05-31/00:00:00,11.05,11.05,10.95,11.0,1112221
2020-06-01/00:00:00,11.05,11.1,11.0,11.05,2010348
2020-06-02/00:00:00,11.05,11.35,11.05,11.35,4501399
2020-06-03/00:00:00,11.35,11.35,11.25,11.35,9512838
2020-06-04/00:00:00,11.3,11.4,11.3,11.4,4582058
2020-06-07/00:00:00,11.55,11.9,11.5,11.9,4185267
2020-06-08/00:00:00,11.8,11.85,11.4,11.6,4829067
2020-06-09/00:00:00,11.75,11.75,11.35,11.5,1709823
2020-06-10/00:00:00,11.5,11.6,11.45,11.55,4227463
2020-06-11/00:00:00,11.4,11.4,11.1,11.3,3653329
2020-06-14/00:00:00,11.25,11.25,11.05,11.2,939311
2020-06-15/00:00:00,11.05,11.1,11.0,11.05,3264292
2020-06-16/00:00:00,11.35,11.4,11.1,11.3,3420864
2020-06-17/00:00:00,11.3,11.45,11.1,11.45,5840992
2020-06-18/00:00:00,11.35,11.45,11.2,11.25,7987791
2020-06-21/00:00:00,11.25,11.35,11.25,11.35,712461
2020-06-22/00:00:00,11.35,11.35,11.25,11.3,1851750
2020-06-23/00:00:00,11.3,11.35,11.15,11.15,4823100
2020-06-24/00:00:00,11.15,11.25,11.05,11.1,2466181
2020-06-25/00:00:00,11.05,11.05,10.85,10.9,3432150
2020-06-28/00:00:00,10.85,11.15,10.85,11.05,1305920
2020-06-29/00:00:00,11.05,11.05,10.85,10.9,4008785
2020-06-30/00:00:00,11.0,11.1,10.9,11.1,3878273
2020-07-01/00:00:00,11.05,11.25,11.0,11.0,2863603
2020-07-02/00:00:00,11.05,11.1,11.05,11.05,5861130
2020-07-05/00:00:00,11.15,11.15,11.1,11.1,450923
2020-07-06/00:00:00,11.1,11.15,11.05,11.05,4224525
2020-07-07/00:00:00,11.15,11.25,11.15,11.15,4212353
2020-07-08/00:00:00,11.1,11.1,11.0,11.0,1685173
2020-07-09/00:00:00,11.0,11.0,10.9,10.9,1766497
2020-07-12/00:00:00,10.95,11.0,10.95,11.0,242583
2020-07-13/00:00:00,10.95,11.0,10.9,11.0,839035
2020-07-14/00:00:00,10.95,10.95,10.85,10.85,1384900
2020-07-15/00:00:00,10.9,10.9,10.5,10.5,2653762
2020-07-16/00:00:00,10.5,10.75,10.5,10.75,2139119
2020-07-19/00:00:00,10.75,10.75,10.6,10.6,971652
2020-07-20/00:00:00,10.6,10.6,10.25,10.35,3582604
2020-07-21/00:00:00,10.4,10.55,10.35,10.55,3544010
2020-07-22/00:00:00,10.55,10.6,10.4,10.5,1389120
2020-07-23/00:00:00,10.65,10.65,10.4,10.5,1447086
2020-07-26/00:00:00,10.5,10.6,10.5,10.55,376335
2020-07-27/00:00:00,10.65,10.85,10.6,10.85,2526150
2020-07-28/00:00:00,10.8,10.85,10.65,10.85,2633185
2020-07-29/00:00:00,10.65,10.9,10.6,10.8,3528108
2020-08-03/00:00:00,10.7,10.85,10.7,10.85,2544056
2020-08-04/00:00:00,10.95,11.05,10.85,10.9,1866009
2020-08-05/00:00:00,10.85,11.0,10.85,10.85,1854768
2020-08-06/00:00:00,10.85,11.0,10.85,11.0,1589639
2020-08-09/00:00:00,11.05,11.05,10.85,10.85,500518
2020-08-10/00:00:00,10.8,10.95,10.8,10.9,1124877
2020-08-11/00:00:00,11.0,11.0,10.9,10.95,1983515
2020-08-12/00:00:00,10.95,10.95,10.85,10.85,2745200
2020-08-13/00:00:00,10.95,10.95,10.85,10.95,1811798
2020-08-16/00:00:00,11.05,11.05,10.95,11.05,8363726
2020-08-17/00:00:00,11.05,11.15,11.0,11.05,10589394
2020-08-18/00:00:00,11.05,11.05,11.0,11.05,12025344
2020-08-19/00:00:00,11.05,11.3,11.0,11.2,6690625
2020-08-20/00:00:00,11.2,11.35,11.15,11.25,9731001
2020-08-24/00:00:00,11.35,11.4,11.25,11.35,5595564
2020-08-25/00:00:00,11.4,11.4,11.25,11.35,7706416
2020-08-26/00:00:00,11.3,11.35,11.15,11.25,7472041
2020-08-27/00:00:00,11.15,11.3,11.15,11.3,6700256
2020-08-30/00:00:00,11.3,11.4,11.3,11.4,4200462
2020-08-31/00:00:00,11.4,11.5,11.35,11.35,20198295
2020-09-01/00:00:00,11.4,11.4,11.25,11.35,10494532
2020-09-02/00:00:00,11.35,11.45,11.3,11.4,9760409
2020-09-03/00:00:00,11.45,11.45,11.35,11.45,8799861
2020-09-06/00:00:00,11.35,11.35,11.3,11.35,5450177
2020-09-07/00:00:00,11.3,11.35,11.25,11.25,6369060
2020-09-08/00:00:00,11.25,11.3,11.25,11.3,7923421
2020-09-09/00:00:00,11.25,11.35,11.25,11.25,6998831
2020-09-10/00:00:00,11.25,11.35,11.25,11.3,8423361
2020-09-19/00:00:00,11.3,11.35,11.25,11.25,6086074
2020-09-14/00:00:00,11.25,11.3,11.25,11.25,9009175
2020-09-15/00:00:00,11.25,11.25,11.15,11.15,6703686
2020-09-16/00:00:00,11.2,11.2,11.15,11.15,7257292
2020-09-17/00:00:00,11.15,11.15,11.05,11.05,18776202
2020-09-20/00:00:00,11.05,11.25,11.05,11.25,6794116
2020-09-21/00:00:00,11.25,11.3,11.1,11.1,8689295
2020-09-04/00:00:00,11.1,11.2,11.05,11.1,5830611
2020-09-23/00:00:00,11.1,11.15,11.05,11.05,4832415
2020-09-24/00:00:00,11.05,11.05,10.95,10.95,6279927
2020-09-27/00:00:00,11.05,11.05,11.05,11.05,4264181
2020-09-28/00:00:00,11.05,11.05,11.0,11.0,7025392
2020-09-29/00:00:00,11.05,11.1,11.05,11.05,6197563
2020-09-30/00:00:00,11.05,11.1,11.05,11.1,7430114
2020-10-01/00:00:00,11.05,11.1,11.0,11.0,5002872
2020-10-04/00:00:00,11.0,11.05,11.0,11.0,3311672
2020-10-05/00:00:00,11.05,11.05,11.0,11.0,5703545
2020-10-06/00:00:00,11.05,11.05,10.95,10.95,7028086
2020-10-07/00:00:00,10.95,10.95,10.95,10.95,7917613
2020-10-08/00:00:00,10.95,11.05,10.95,11.05,7444167
2020-10-11/00:00:00,10.95,11.0,10.95,10.95,7703558
2020-10-12/00:00:00,10.95,11.1,10.95,11.1,6330787
2020-10-13/00:00:00,11.05,11.1,11.05,11.1,7362831
2020-10-14/00:00:00,11.05,11.25,11.05,11.25,10455600
2020-10-15/00:00:00,11.25,11.25,11.1,11.1,8334993
2020-10-18/00:00:00,11.05,11.1,11.05,11.05,11693977
2020-10-19/00:00:00,11.1,11.15,11.1,11.1,11831490
2020-10-20/00:00:00,11.1,11.15,11.05,11.05,12092412
2020-10-21/00:00:00,11.05,11.1,11.05,11.05,10639928
2020-10-22/00:00:00,11.05,11.05,11.05,11.05,12167369
2020-10-25/00:00:00,11.05,11.15,11.05,11.15,14528733
2020-10-26/00:00:00,11.1,11.25,11.05,11.2,10471416
2020-10-27/00:00:00,11.25,11.35,11.2,11.35,10592597
2020-10-28/00:00:00,11.45,11.5,11.35,11.35,11152726
2020-11-01/00:00:00,11.3,11.3,11.2,11.25,8046536
2020-11-02/00:00:00,11.25,11.3,11.25,11.3,8964640
2020-11-03/00:00:00,11.3,11.5,11.3,11.35,6686180
2020-11-04/00:00:00,11.45,11.55,11.45,11.45,6959739
2020-11-05/00:00:00,11.45,11.6,11.45,11.6,7244424
2020-11-08/00:00:00,11.6,11.6,11.45,11.45,6302167
2020-11-09/00:00:00,11.5,11.6,11.5,11.6,7499353
2020-11-10/00:00:00,11.7,11.8,11.6,11.75,7698794
2020-11-11/00:00:00,11.85,12.1,11.65,12.1,20180118
2020-11-12/00:00:00,12.15,12.35,12.05,12.25,8474065
2020-11-15/00:00:00,12.3,12.65,12.25,12.3,4795039
2020-11-16/00:00:00,12.45,12.75,12.4,12.75,6792574
2020-11-17/00:00:00,12.85,12.95,12.65,12.75,8911464
2020-11-06/00:00:00,12.8,12.8,12.55,12.75,7163299
2020-11-19/00:00:00,12.7,12.7,12.5,12.5,6767148
2020-11-22/00:00:00,12.55,12.75,12.45,12.75,5191540
2020-11-23/00:00:00,12.75,12.75,12.55,12.75,7585913
2020-11-24/00:00:00,12.75,12.75,12.55,12.6,7839094
2012-05-14/00:00:00,12.65,12.7,12.6,12.7,7138678
2020-11-26/00:00:00,12.65,12.7,12.6,12.65,5899122
2020-11-29/00:00:00,12.65,12.65,12.55,12.65,6233349
2020-11-30/00:00:00,12.65,12.7,12.4,12.45,19632571
2020-12-06/00:00:00,12.75,12.75,12.65,12.75,8921251
2020-12-22/00:00:00,12.75,12.9,12.75,12.9,10896799
2020-12-08/00:00:00,12.9,12.95,12.85,12.95,8242107
2020-12-09/00:00:00,12.95,13.05,12.95,13.0,7395248
2020-12-10/00:00:00,13.1,13.35,13.05,13.05,9193604
2020-12-13/00:00:00,13.15,13.3,13.15,13.25,5561174
2020-12-14/00:00:00,13.25,13.3,13.25,13.3,7196822
2020-12-15/00:00:00,13.3,13.35,13.2,13.2,6832068
2020-12-16/00:00:00,13.2,13.3,13.15,13.3,6323761
2020-12-17/00:00:00,13.25,13.3,13.15,13.15,8635556
2020-12-20/00:00:00,13.25,13.25,13.0,13.0,7213805
2020-12-21/00:00:00,13.0,13.0,12.85,13.0,8384575
2020-12-22/00:00:00,13.0,13.05,12.95,13.05,5844172
2020-12-23/00:00:00,13.05,13.15,13.05,13.1,6538944
2020-12-24/00:00:00,13.1,13.15,12.85,13.05,7443330
2020-12-27/00:00:00,13.05,13.05,12.95,12.95,5442366
2020-12-28/00:00:00,12.95,13.15,12.95,12.95,6541786
2020-12-29/00:00:00,13.05,13.05,12.9,13.05,5629978
2020-12-30/00:00:00,13.05,13.05,12.9,13.05,10887558
2020-12-21/00:00:00,13.05,13.05,12.75,12.75,7474303
2021-01-03/00:00:00,12.85,13.0,12.8,12.95,5682392
2021-01-04/00:00:00,12.95,13.15,12.95,13.1,7457789
2021-01-05/00:00:00,13.05,13.15,13.0,13.15,8599660
2021-01-06/00:00:00,13.1,13.1,13.05,13.1,6547979
2021-01-07/00:00:00,13.15,13.35,13.05,13.35,9470022
2021-01-10/00:00:00,13.35,13.45,13.3,13.35,7476748
2021-01-11/00:00:00,13.35,13.65,13.35,13.6,8767309
2021-01-12/00:00:00,13.6,13.75,13.55,13.75,6741630
2021-01-13/00:00:00,13.75,14.0,13.75,13.9,8047791
2021-01-14/00:00:00,13.9,13.9,13.8,13.85,7138428
2021-01-17/00:00:00,13.7,13.85,13.7,13.85,5728856
2021-01-18/00:00:00,14.05,14.95,14.05,14.95,13434168
2021-01-19/00:00:00,14.95,14.95,14.75,14.8,9523146
2021-01-20/00:00:00,14.75,14.9,14.75,14.9,4125761
2021-01-21/00:00:00,14.85,14.85,14.75,14.75,6530684
2021-01-24/00:00:00,14.75,14.8,14.65,14.8,5098973
2021-01-25/00:00:00,14.8,14.9,14.75,14.75,8623639
2021-01-25/00:00:00,14.75,14.75,14.5,14.5,7128773
2021-01-27/00:00:00,14.9,14.9,14.65,14.85,7709845
2021-01-28/00:00:00,14.75,14.85,14.65,14.85,8815435
2021-01-31/00:00:00,14.75,14.75,14.6,14.6,8015822
2021-02-01/00:00:00,14.65,14.85,14.65,14.7,7771032
2021-02-02/00:00:00,14.75,14.9,14.75,14.9,7263586
2021-02-03/00:00:00,14.85,14.85,14.75,14.75,7737991
2021-02-04/00:00:00,14.75,14.75,14.7,14.7,9702756
2021-02-07/00:00:00,14.75,14.75,14.7,14.75,17409208
2021-02-08/00:00:00,14.75,14.85,14.7,14.7,17997217
2021-02-09/00:00:00,14.7,14.85,14.7,14.8,18655958
2021-02-10/00:00:00,14.65,14.85,14.6,14.85,18857484
2021-02-11/00:00:00,14.75,14.8,14.7,14.8,18683436
2021-02-14/00:00:00,14.75,14.8,14.7,14.75,14406661
2021-02-15/00:00:00,14.75,14.75,14.6,14.65,14771825
2021-02-16/00:00:00,14.65,14.8,14.6,14.75,18479543
2021-02-17/00:00:00,14.65,14.75,14.65,14.75,16722365
2021-02-18/00:00:00,14.75,14.75,14.7,14.75,14635918
2021-02-21/00:00:00,14.75,14.8,14.75,14.8,13474132
2021-02-22/00:00:00,14.8,14.9,14.8,14.9,17529095
2021-02-23/00:00:00,14.9,14.95,14.8,14.85,18164433
2021-02-24/00:00:00,14.85,14.85,14.65,14.65,15432068
2021-02-25/00:00:00,14.75,14.8,14.55,14.55,37347871
2021-02-28/00:00:00,14.55,14.6,14.4,14.55,14599621
2021-03-01/00:00:00,14.55,14.6,14.5,14.5,15850063
2021-03-02/00:00:00,14.55,14.8,14.55,14.75,17497993
2021-03-03/00:00:00,14.75,14.75,14.65,14.65,16302421
2021-03-04/00:00:00,14.75,14.8,14.7,14.75,15193747
2012-09-20/00:00:00,14.75,14.8,14.75,14.75,15223847
2021-03-08/00:00:00,14.75,14.85,14.7,14.75,16276126
2021-03-09/00:00:00,14.15,14.15,13.95,14.05,16217842
2021-03-10/00:00:00,14.1,14.1,14.0,14.05,16654778
2021-03-11/00:00:00,14.05,14.15,14.05,14.15,16020652
2021-03-14/00:00:00,14.15,14.35,14.15,14.3,16398529
2021-03-15/00:00:00,14.35,14.45,14.3,14.45,18973696
2021-03-16/00:00:00,14.4,14.55,14.4,14.55,18381502
2021-03-17/00:00:00,14.55,14.55,14.4,14.5,16848617
2021-03-18/00:00:00,14.45,14.55,14.45,14.55,23833599
2021-03-21/00:00:00,14.5,14.65,14.45,14.45,14881744
2021-03-22/00:00:00,14.45,14.5,14.35,14.45,15384036
2021-03-10/00:00:00,14.45,14.45,14.4,14.45,15859538
2021-03-24/00:00:00,14.35,14.45,14.35,14.4,14970099
2021-03-25/00:00:00,14.35,14.4,14.35,14.4,17922568
2021-03-28/00:00:00,14.4,14.4,14.25,14.25,17084746
2021-03-29/00:00:00,14.3,14.3,14.2,14.25,17247722
2021-03-30/00:00:00,14.4,14.45,14.2,14.45,16224443
2021-03-31/00:00:00,14.45,14.45,14.25,14.45,20167201
2021-04-24/00:00:00,14.25,14.45,14.25,14.45,18407980
2021-04-04/00:00:00,14.45,14.45,14.35,14.4,16042805
2021-04-05/00:00:00,14.4,14.4,14.35,14.35,14365906
2021-04-06/00:00:00,14.4,14.4,14.25,14.3,13339491
2021-04-07/00:00:00,14.25,14.25,14.05,14.1,17100539
2021-04-08/00:00:00,14.05,14.25,13.95,14.2,15074817
2021-04-11/00:00:00,14.25,14.25,14.2,14.25,14965933
2021-04-12/00:00:00,14.25,14.35,14.25,14.3,14037948
2021-04-13/00:00:00,14.3,14.3,14.0,14.0,40911452
2021-04-18/00:00:00,14.0,14.1,14.0,14.1,33666341
2021-04-15/00:00:00,14.1,14.4,14.1,14.4,33901681
2021-04-18/00:00:00,14.4,14.4,14.2,14.3,30085991
2021-04-19/00:00:00,14.25,14.3,14.15,14.3,23461567
2021-04-20/00:00:00,14.25,14.4,14.25,14.4,22847506
2021-04-26/00:00:00,14.3,14.3,14.1,14.1,22970060
2021-04-22/00:00:00,14.1,14.3,14.1,14.3,24855000
2021-04-25/00:00:00,14.3,14.4,14.3,14.35,18980633
2021-04-26/00:00:00,14.35,14.45,14.3,14.45,18890489
2021-04-27/00:00:00,14.4,14.4,14.3,14.4,17335134
2021-04-28/00:00:00,14.35,14.35,14.2,14.2,18084205
2021-04-29/00:00:00,14.25,14.25,14.05,14.1,21756304
2021-12-09/00:00:00,14.1,14.2,14.1,14.2,24129591
2021-05-03/00:00:00,14.15,14.25,14.15,14.2,29115166
2021-05-04/00:00:00,14.25,14.4,14.25,14.4,17607638
2021-05-05/00:00:00,14.4,14.45,14.35,14.4,14840529
2021-05-06/00:00:00,14.4,14.45,14.3,14.35,21359018
2021-12-18/00:00:00,14.35,14.55,14.35,14.55,13631090
2021-05-10/00:00:00,14.45,14.45,14.35,14.4,16874489
2021-05-16/00:00:00,14.85,15.9,14.8,15.85,32976178
2021-05-17/00:00:00,15.9,16.15,15.9,16.05,31861346
2021-05-18/00:00:00,15.95,16.3,15.8,16.3,52035024
2021-05-19/00:00:00,16.3,16.5,16.25,16.4,21097161
2021-05-30/00:00:00,16.4,16.5,16.05,16.25,25647889
2021-05-23/00:00:00,16.3,16.35,16.3,16.35,15124143
2021-05-02/00:00:00,16.35,16.95,16.35,16.8,27252113
2021-05-25/00:00:00,16.8,16.85,16.65,16.7,21178792
2021-01-06/00:00:00,16.7,16.7,16.25,16.25,19539966
2021-05-27/00:00:00,16.3,16.4,15.9,16.4,119215024
2021-05-30/00:00:00,16.3,16.35,16.1,16.15,10494626
2021-05-31/00:00:00,16.35,16.65,16.15,16.65,17802416
2021-06-01/00:00:00,16.7,16.7,16.55,16.7,19758644
2021-06-02/00:00:00,16.7,16.8,16.55,16.8,17946779
2021-06-03/00:00:00,16.7,16.75,16.6,16.7,15675459
2021-06-06/00:00:00,16.75,16.8,16.6,16.65,9839040
2021-06-07/00:00:00,16.7,16.75,16.65,16.7,12478671
2021-06-08/00:00:00,16.7,16.7,16.65,16.7,14606731
2021-06-09/00:00:00,16.7,16.75,16.65,16.7,16516340
2021-06-10/00:00:00,16.7,16.75,16.65,16.75,13913289
2021-06-13/00:00:00,16.75,16.75,16.55,16.55,12683092
2021-06-14/00:00:00,16.6,16.7,16.6,16.7,18863243
2021-06-15/00:00:00,16.7,16.7,16.65,16.7,15202100
2021-06-16/00:00:00,16.7,16.7,16.65,16.7,15258022
2021-06-17/00:00:00,16.7,16.7,16.35,16.35,22559692
2021-06-20/00:00:00,16.45,16.6,16.4,16.45,15858027
2021-06-21/00:00:00,16.4,16.4,16.25,16.25,24845745
2021-06-22/00:00:00,16.25,16.4,16.15,16.4,25258903
2021-06-23/00:00:00,16.4,16.4,16.3,16.4,18228666
2021-06-24/00:00:00,16.4,16.4,16.05,16.05,24304801
2021-06-27/00:00:00,16.15,16.15,16.0,16.0,21126037
2021-06-28/00:00:00,16.0,16.1,15.95,16.1,26077900
2021-06-29/00:00:00,16.1,16.2,16.0,16.2,22350629
2021-06-30/00:00:00,16.2,16.5,16.15,16.5,22162529
2021-07-01/00:00:00,16.45,16.6,16.4,16.6,15208142
2021-07-04/00:00:00,16.6,16.6,16.5,16.55,15889602
2021-07-05/00:00:00,16.55,16.55,16.4,16.5,15014438
2021-07-06/00:00:00,16.45,16.5,16.35,16.4,16615081
2021-07-07/00:00:00,16.4,16.45,16.25,16.35,21101762
2021-07-08/00:00:00,16.35,16.35,16.15,16.15,18899845
2021-07-11/00:00:00,16.25,16.25,16.1,16.1,17100329
2021-07-12/00:00:00,16.2,16.3,16.1,16.15,20221519
2021-07-13/00:00:00,16.15,16.2,16.1,16.2,17040279
2021-07-14/00:00:00,16.15,16.2,16.1,16.2,14666786
2021-07-15/00:00:00,16.15,16.2,16.1,16.1,14570233
2021-07-18/00:00:00,16.2,16.2,16.1,16.1,16975164
2021-07-25/00:00:00,16.3,16.3,16.15,16.15,12652850
2021-07-26/00:00:00,16.15,16.2,16.1,16.1,12585493
2021-07-27/00:00:00,16.25,16.25,16.05,16.05,15026847
2021-07-28/00:00:00,16.15,16.2,16.05,16.05,15672436
2021-07-29/00:00:00,16.05,16.4,16.05,16.4,20573562
2021-08-01/00:00:00,16.4,16.55,16.35,16.35,11856812
2021-08-02/00:00:00,16.4,16.55,16.3,16.55,18610444
2021-08-03/00:00:00,16.5,16.7,16.5,16.7,13615420
2021-08-04/00:00:00,16.7,16.7,16.5,16.5,17869363
2021-08-05/00:00:00,16.55,16.55,16.35,16.45,17955871
2021-08-08/00:00:00,16.5,16.55,16.5,16.55,17032561
2021-08-09/00:00:00,16.55,16.7,16.5,16.7,13545462
2021-08-10/00:00:00,16.6,16.8,16.6,16.65,14658467
2021-08-11/00:00:00,16.65,16.65,16.4,16.5,14383739
2021-08-15/00:00:00,16.55,16.55,16.5,16.55,10422439
2021-08-16/00:00:00,16.55,16.7,16.45,16.7,16905336
2021-08-17/00:00:00,16.6,16.9,16.6,16.9,19498276
2021-08-18/00:00:00,16.85,16.85,16.7,16.85,15303791
2021-08-19/00:00:00,16.85,16.85,16.65,16.65,15902290
2021-08-22/00:00:00,16.7,16.8,16.65,16.8,14202914
2021-08-23/00:00:00,16.8,16.8,16.65,16.8,21205464
2021-08-24/00:00:00,16.8,16.8,16.7,16.8,19459484
2021-08-25/00:00:00,16.8,16.8,16.75,16.8,19783891
2021-08-26/00:00:00,16.8,16.8,16.7,16.8,16718791
2021-08-29/00:00:00,16.8,16.85,16.75,16.8,14222239
2021-08-30/00:00:00,16.75,16.8,16.7,16.8,17270401
2021-08-31/00:00:00,16.75,16.8,16.75,16.8,23212173
2021-09-01/00:00:00,16.8,16.85,16.7,16.7,16961275
2021-09-02/00:00:00,16.7,16.85,16.4,16.85,23880820
2021-09-05/00:00:00,16.8,17.05,16.8,17.0,21200398
2021-09-06/00:00:00,16.9,17.1,16.9,17.1,16232436
2021-09-07/00:00:00,17.1,17.15,17.0,17.1,17801170
2021-09-08/00:00:00,17.1,17.25,17.05,17.25,18556141
2021-09-09/00:00:00,17.25,18.2,17.2,18.1,23385784
2021-09-12/00:00:00,18.1,18.15,17.85,18.05,20934389
2021-09-13/00:00:00,18.0,18.0,17.75,17.8,20717330
2021-09-14/00:00:00,17.8,17.9,17.75,17.8,22543742
2021-09-15/00:00:00,17.8,18.05,17.75,18.05,18775941
2021-09-16/00:00:00,18.05,18.5,17.95,18.5,29289689
2021-09-19/00:00:00,18.4,18.45,18.05,18.05,15387985
2021-09-20/00:00:00,18.15,18.15,17.85,17.85,15388023
2021-09-21/00:00:00,17.85,17.9,17.5,17.9,16997140
2021-09-22/00:00:00,17.85,18.05,17.85,18.05,23307319
2021-09-23/00:00:00,18.05,18.2,17.8,18.2,19504814
2021-09-26/00:00:00,18.25,18.25,18.0,18.05,16399676
2021-09-27/00:00:00,18.05,18.05,17.8,17.95,25603584
2021-09-28/00:00:00,17.95,18.05,17.85,18.05,19673952
2021-09-29/00:00:00,18.05,18.05,17.8,17.85,17648407
2021-09-30/00:00:00,17.85,17.95,17.55,17.55,21685489
2021-10-03/00:00:00,17.65,17.8,17.65,17.8,37299887
2021-10-04/00:00:00,17.75,17.8,17.45,17.55,23837933
2021-10-05/00:00:00,17.55,17.55,17.25,17.4,20739601
2021-10-06/00:00:00,17.3,17.5,17.15,17.15,19201828
2021-10-07/00:00:00,17.2,17.4,17.2,17.4,21462648
2021-10-10/00:00:00,17.5,17.5,17.2,17.3,16950093
2021-10-11/00:00:00,17.3,17.65,17.3,17.5,17729183
2021-10-12/00:00:00,17.5,17.65,17.4,17.55,20059481
2021-10-13/00:00:00,17.55,17.65,17.5,17.6,18755841
2021-10-14/00:00:00,17.6,17.75,17.5,17.65,15890699
2021-10-17/00:00:00,17.8,17.85,17.65,17.7,18733092
2021-10-18/00:00:00,17.7,18.05,17.7,18.05,20389168
2021-10-19/00:00:00,18.05,18.05,17.8,17.95,20165176
2021-10-20/00:00:00,17.8,17.9,17.75,17.75,21122467
2021-10-24/00:00:00,17.9,18.15,17.9,18.15,15554922
2021-10-25/00:00:00,18.15,18.15,17.8,18.05,16502853
2021-10-26/00:00:00,18.05,18.15,17.95,17.95,19121425
2021-10-27/00:00:00,18.0,18.0,17.5,17.6,20546833
2021-10-28/00:00:00,18.05,18.05,17.55,17.6,17311113
2021-10-31/00:00:00,17.6,17.75,17.55,17.6,20456631
2021-11-01/00:00:00,17.55,18.1,17.55,18.0,17325727
2021-11-02/00:00:00,18.05,18.25,18.0,18.25,18014048
2021-11-03/00:00:00,18.25,18.3,17.95,18.05,15084970
2021-11-04/00:00:00,18.05,18.35,18.05,18.15,17760312
2021-11-07/00:00:00,18.4,18.4,18.15,18.4,15440875
2021-11-08/00:00:00,18.45,18.7,18.25,18.7,16462499
2021-11-09/00:00:00,18.7,18.8,18.55,18.8,15425311
2021-11-10/00:00:00,18.8,18.8,18.65,18.7,14633580
2021-11-11/00:00:00,18.7,18.9,18.65,18.9,15998269
2021-11-14/00:00:00,19.1,19.1,18.85,19.0,14485761
2021-11-15/00:00:00,19.0,19.0,18.8,18.95,15595893
2021-11-16/00:00:00,19.0,19.55,19.0,19.4,18839093
2021-11-17/00:00:00,19.0,19.8,19.0,19.45,17396822
2021-11-18/00:00:00,19.4,19.65,19.25,19.45,13659450
2021-11-21/00:00:00,19.45,19.55,19.2,19.2,15279377
2021-11-22/00:00:00,19.25,19.25,18.9,18.9,14344787
2021-11-23/00:00:00,18.9,19.0,18.7,18.8,14297896
2021-11-24/00:00:00,18.8,18.85,18.7,18.8,16459712
2021-11-25/00:00:00,18.8,19.0,18.8,18.95,16169474
2021-11-28/00:00:00,18.45,18.75,18.25,18.7,18204104
2021-11-29/00:00:00,18.8,18.9,18.55,18.8,19174750
2021-11-30/00:00:00,18.8,19.2,18.75,18.95,36108057
2021-12-05/00:00:00,19.65,19.65,19.2,19.25,18213559
2021-12-06/00:00:00,19.25,20.2,19.2,20.1,25296033
2021-12-07/00:00:00,20.1,20.5,20.05,20.15,17195737
2021-12-08/00:00:00,20.1,20.7,20.1,20.45,18064238
2021-12-09/00:00:00,20.5,20.75,19.95,20.0,25410612
2021-12-12/00:00:00,20.05,20.35,20.05,20.25,15095197
2021-12-13/00:00:00,20.2,20.45,19.75,19.8,15954845
2021-12-14/00:00:00,19.75,19.85,19.35,19.45,19078710
2021-12-15/00:00:00,19.45,19.45,19.1,19.4,20074481
2021-12-16/00:00:00,19.4,19.45,19.2,19.2,20734553
2021-12-19/00:00:00,19.25,19.45,18.6,18.6,11431235
2021-12-20/00:00:00,18.6,18.8,18.4,18.8,17152588
2021-12-21/00:00:00,18.75,18.85,18.65,18.7,16801417
2021-12-22/00:00:00,18.75,18.9,18.7,18.8,19779014
2021-12-23/00:00:00,18.8,18.9,18.7,18.9,17599291
2021-12-26/00:00:00,18.9,18.95,18.7,18.8,13989760
2021-12-27/00:00:00,19.15,19.15,18.75,18.75,14263881
2021-12-28/00:00:00,18.8,18.85,18.5,18.6,13657627
2021-12-29/00:00:00,18.7,18.7,18.45,18.7,16370736
2021-12-30/00:00:00,18.6,18.6,18.35,18.6,14733791
2022-01-03/00:00:00,18.75,18.75,18.35,18.65,14545335
2022-01-04/00:00:00,18.6,18.65,18.45,18.6,15500243
2022-01-05/00:00:00,18.6,18.6,18.4,18.45,15576607
2022-01-06/00:00:00,18.5,18.5,18.25,18.5,12436210
2022-01-07/00:00:00,18.55,18.55,18.3,18.35,13152043
2022-01-10/00:00:00,18.3,18.5,18.2,18.5,18499741
2022-01-11/00:00:00,18.5,18.75,18.3,18.75,21341178
2022-01-12/00:00:00,18.7,18.8,18.5,18.8,19441537
2022-01-13/00:00:00,18.8,19.1,18.55,19.1,17309313
2022-01-14/00:00:00,19.05,19.45,18.9,19.1,16246191
2022-01-17/00:00:00,19.0,19.35,18.95,19.25,17691331
2022-01-18/00:00:00,19.25,19.65,19.25,19.65,19433213
2022-01-19/00:00:00,19.65,20.45,19.65,20.45,20898968
2022-01-20/00:00:00,20.4,20.6,20.25,20.3,15588634
2022-01-21/00:00:00,20.3,20.3,19.9,20.05,15209619
2022-01-24/00:00:00,20.05,20.2,19.8,20.2,14257976
2022-01-25/00:00:00,19.95,20.25,19.9,20.25,16479739
2022-01-26/00:00:00,20.25,20.35,20.15,20.35,15466069
2022-01-27/00:00:00,19.85,20.35,19.45,20.35,16956224
2022-01-28/00:00:00,20.15,20.4,19.95,20.3,15047948
2022-01-31/00:00:00,20.15,20.3,19.65,19.75,18452858
2022-02-01/00:00:00,19.75,20.05,19.35,19.75,15103997
2022-02-02/00:00:00,19.75,19.9,19.65,19.7,13909386
2022-02-03/00:00:00,19.75,19.75,19.65,19.75,14128462
2022-02-04/00:00:00,19.75,19.75,19.55,19.7,14866741
2022-02-07/00:00:00,19.55,19.65,19.45,19.45,15622621
2022-02-08/00:00:00,19.45,19.6,19.35,19.55,13061700
2022-02-09/00:00:00,19.55,20.0,19.45,19.85,15481180
2022-02-10/00:00:00,19.85,20.05,19.85,20.05,16802739
2022-02-11/00:00:00,20.05,20.45,19.9,20.45,14795983
2022-02-14/00:00:00,20.2,20.65,20.1,20.5,14082422
2022-02-15/00:00:00,20.5,20.75,20.35,20.65,17821627
2022-02-16/00:00:00,20.7,20.9,20.5,20.85,15841867
2022-02-17/00:00:00,20.85,20.9,20.7,20.7,14086951
2022-02-18/00:00:00,20.7,20.7,20.4,20.45,11840809
2022-02-21/00:00:00,20.4,20.4,19.9,19.95,13284508
2022-02-22/00:00:00,19.85,20.1,19.7,20.05,16669488
2022-02-23/00:00:00,20.05,20.05,19.85,19.9,15012967
2022-02-24/00:00:00,19.75,20.0,19.65,20.0,12833995
2022-02-25/00:00:00,20.0,20.15,19.85,20.1,14651809
2022-02-28/00:00:00,20.1,20.7,20.0,20.45,27318027
2022-03-01/00:00:00,20.45,21.85,20.2,21.75,24611872
2022-03-02/00:00:00,21.8,22.55,21.75,22.35,30263635
2022-03-03/00:00:00,22.35,22.6,22.25,22.5,19270171
2022-03-04/00:00:00,22.5,22.5,22.2,22.3,17197787
2022-03-07/00:00:00,22.3,22.45,21.85,22.2,16315313
2022-03-08/00:00:00,22.1,22.7,22.1,22.6,23078486
2022-03-09/00:00:00,22.1,22.46,21.58,21.58,19910054
2022-03-10/00:00:00,21.64,22.22,21.62,22.1,18335290
2022-03-11/00:00:00,21.7,22.2,21.7,22.2,15598792
2022-03-14/00:00:00,22.2,22.28,21.78,21.78,15722724
2022-03-15/00:00:00,21.8,21.9,21.44,21.7,16346482
2022-03-16/00:00:00,21.7,21.86,21.58,21.86,16859647
2022-03-17/00:00:00,21.84,21.84,21.46,21.7,14815905
2022-03-18/00:00:00,21.62,21.74,21.4,21.4,20045974
2022-03-21/00:00:00,21.42,21.56,21.4,21.5,13099144
2022-03-22/00:00:00,21.54,21.94,21.54,21.92,17134665
2022-03-23/00:00:00,21.9,22.46,21.9,22.46,13679780
2022-03-24/00:00:00,22.5,22.64,22.4,22.58,13191870
2022-03-25/00:00:00,22.58,22.84,22.48,22.84,11975313
2022-03-28/00:00:00,22.8,23.36,22.76,23.36,14821335
2022-03-29/00:00:00,23.3,23.9,23.12,23.9,14025936
2022-03-30/00:00:00,23.9,23.96,23.32,23.42,12868356
2022-03-31/00:00:00,23.5,23.7,23.3,23.6,14356059
2022-04-01/00:00:00,23.68,23.68,23.36,23.42,11457614
2022-04-04/00:00:00,23.44,23.9,23.28,23.88,14075780
2022-04-05/00:00:00,23.88,24.06,23.82,23.96,12222013
2022-04-06/00:00:00,23.9,24.0,23.76,23.94,11320007
2022-04-07/00:00:00,23.9,23.94,23.78,23.88,12423508
2022-04-08/00:00:00,23.9,23.98,23.66,23.86,10872784
2022-04-11/00:00:00,23.9,23.96,23.78,23.9,14893832
2022-04-12/00:00:00,23.86,23.92,23.4,23.66,11225800
2022-04-13/00:00:00,23.66,23.76,23.26,23.4,9698348
2022-04-14/00:00:00,23.38,23.42,22.64,22.64,9755890
2022-04-15/00:00:00,22.9,22.92,22.12,22.3,8627351
2022-04-18/00:00:00,22.6,22.6,22.04,22.32,8689059
2022-04-19/00:00:00,22.32,22.38,22.0,22.0,9191885
2022-04-20/00:00:00,22.14,22.98,22.0,22.8,13225777
2022-04-21/00:00:00,22.98,23.14,22.78,22.88,10971487
2022-04-22/00:00:00,22.96,23.0,22.64,22.98,9949780
2022-04-25/00:00:00,22.84,22.94,22.5,22.5,9367749
2022-04-26/00:00:00,22.52,22.8,22.5,22.5,11169837
2022-04-27/00:00:00,22.5,22.9,22.38,22.56,9220159
2022-04-28/00:00:00,22.74,23.1,22.68,22.74,12935315
2022-04-29/00:00:00,22.86,22.86,22.26,22.44,11822870
2022-05-05/00:00:00,22.56,22.62,22.22,22.3,11541869
2022-05-06/00:00:00,22.1,22.4,22.1,22.3,11059764
2022-05-09/00:00:00,22.3,22.3,21.52,21.8,11604678
2022-05-10/00:00:00,21.76,21.76,21.36,21.36,12997090
2022-05-11/00:00:00,21.54,21.58,20.54,20.54,13400827
2022-05-12/00:00:00,20.44,20.46,18.56,18.8,18303327
2022-05-13/00:00:00,18.8,19.88,18.78,19.5,12705658
2022-05-17/00:00:00,19.52,20.64,19.52,20.26,13994605
2022-05-18/00:00:00,20.32,20.64,20.1,20.1,15116322
2022-05-19/00:00:00,20.1,20.1,19.12,19.7,11716977
2022-05-20/00:00:00,19.88,20.36,19.64,20.02,10480504
2022-05-23/00:00:00,20.06,20.06,19.26,19.26,10341297
2022-05-24/00:00:00,19.32,19.54,18.66,18.68,12611369
2022-05-25/00:00:00,18.72,19.08,18.58,19.0,12655480
2022-05-26/00:00:00,19.08,19.48,18.72,18.72,12715332
2022-05-27/00:00:00,19.22,20.06,19.12,19.84,10713113
2022-05-30/00:00:00,20.36,20.92,20.28,20.74,14160156
2022-05-31/00:00:00,20.74,21.66,20.64,21.48,26214057
2022-06-01/00:00:00,21.3,21.3,20.66,20.66,11131549
2022-06-02/00:00:00,20.66,20.7,20.14,20.4,11956458
2022-06-03/00:00:00,20.48,20.48,19.9,20.2,9244757
2022-06-06/00:00:00,20.2,20.2,19.7,19.8,8397103
2022-06-07/00:00:00,19.8,20.1,19.76,19.8,10853429
2022-06-08/00:00:00,19.9,20.08,19.82,19.84,12856589
2022-06-09/00:00:00,20.0,20.0,19.64,19.7,10352985
2022-06-10/00:00:00,19.62,19.8,19.52,19.68,12912233
2022-06-13/00:00:00,19.5,19.52,19.1,19.18,14031885
2022-06-14/00:00:00,19.14,19.46,19.0,19.34,13002201
2022-06-15/00:00:00,19.34,19.42,19.16,19.4,13895720
2022-06-16/00:00:00,19.38,19.5,19.16,19.22,11347503
2022-06-17/00:00:00,19.22,19.36,19.0,19.0,16974368
2022-06-20/00:00:00,19.0,19.02,18.72,18.82,12315271
2022-06-21/00:00:00,18.88,19.36,18.88,19.04,12581924
2022-06-22/00:00:00,19.06,19.06,18.56,18.56,9483584
2022-06-23/00:00:00,18.54,18.7,18.34,18.48,32062656
2022-06-24/00:00:00,18.42,18.64,18.26,18.42,10729095
2022-06-27/00:00:00,18.72,19.02,18.4,18.42,11338548
2022-06-28/00:00:00,18.5,18.9,18.48,18.9,13042285
2022-06-29/00:00:00,18.8,18.88,18.6,18.6,11911656
2022-06-30/00:00:00,18.7,19.02,18.54,18.78,14737701
2022-07-01/00:00:00,18.76,19.02,18.72,18.82,10509253
2022-07-04/00:00:00,18.8,18.98,18.44,18.68,11206091
2022-07-05/00:00:00,18.68,18.68,18.44,18.5,9935092
2022-07-06/00:00:00,18.5,18.66,18.44,18.6,9677438
2022-07-07/00:00:00,18.6,18.6,18.34,18.34,12658525
2022-07-12/00:00:00,18.48,18.8,18.44,18.48,9999797
2022-07-13/00:00:00,18.5,18.84,18.36,18.36,9903390
2022-07-14/00:00:00,18.46,18.72,18.3,18.72,10154956
2022-07-15/00:00:00,18.7,18.7,18.48,18.6,9316233
2022-07-18/00:00:00,18.58,18.66,18.4,18.66,12708462
2022-07-19/00:00:00,18.6,18.8,18.52,18.8,10058285
2022-07-20/00:00:00,18.8,19.14,18.78,19.08,14017884
2022-07-21/00:00:00,19.08,19.7,19.08,19.7,11594439
2022-07-22/00:00:00,19.7,20.0,19.66,19.98,11785082
2022-07-25/00:00:00,19.96,20.0,19.64,19.66,10137350
2022-07-26/00:00:00,19.66,19.92,19.38,19.74,15622279
2022-07-27/00:00:00,19.74,19.84,19.32,19.52,10035458
2022-07-28/00:00:00,19.56,19.7,18.98,19.36,12204836
2022-07-29/00:00:00,19.38,19.62,19.22,19.42,11750034
2022-08-01/00:00:00,19.42,19.54,19.32,19.5,9167153
2022-08-02/00:00:00,19.48,19.8,19.38,19.76,11283878
2022-08-03/00:00:00,19.66,19.8,19.44,19.8,8870945
2022-08-04/00:00:00,19.7,19.74,19.46,19.48,8279011
2022-08-05/00:00:00,19.52,19.6,19.4,19.58,11706281
2022-08-08/00:00:00,19.48,19.82,19.48,19.82,10795160
2022-08-09/00:00:00,19.8,20.0,19.72,20.0,9497500
2022-08-10/00:00:00,20.0,20.0,19.86,20.0,9035760
2022-08-11/00:00:00,20.0,20.66,19.98,20.66,10178625
2022-08-12/00:00:00,20.62,20.64,20.46,20.5,8234624
2022-08-15/00:00:00,20.5,20.52,20.26,20.5,8475858
2022-08-16/00:00:00,20.5,20.5,20.28,20.46,22438328
2022-08-17/00:00:00,20.5,20.5,20.04,20.28,8891531
2022-08-18/00:00:00,20.32,20.32,19.74,19.74,8674207
2022-08-19/00:00:00,19.78,19.84,19.7,19.74,7989072
2022-08-22/00:00:00,19.74,19.94,19.74,19.76,9103295
2022-08-23/00:00:00,19.8,19.86,19.6,19.74,8798377
2022-08-24/00:00:00,19.7,19.86,19.62,19.74,9546994
2022-08-25/00:00:00,19.7,19.92,19.64,19.92,8416762
2022-08-26/00:00:00,19.94,20.2,19.76,20.2,12278389
2022-08-29/00:00:00,20.18,20.18,19.6,19.6,9115105
2022-08-30/00:00:00,19.64,19.7,19.52,19.56,8915556
2022-08-31/00:00:00,19.56,19.6,19.1,19.1,14880069
2022-09-01/00:00:00,19.32,19.32,18.54,18.54,13167566
2022-09-02/00:00:00,18.7,18.76,18.5,18.56,11219055
2022-09-05/00:00:00,18.58,18.58,18.3,18.34,13738755
2022-09-06/00:00:00,18.4,18.52,18.26,18.26,12276199
2022-09-07/00:00:00,18.26,18.5,18.2,18.4,11379511
2022-09-08/00:00:00,18.46,18.78,18.4,18.4,10858264
2022-09-09/00:00:00,18.46,18.54,18.38,18.4,9871795
2022-09-12/00:00:00,18.46,18.84,18.46,18.7,9394776
2022-09-13/00:00:00,18.7,19.08,18.68,19.0,9518236
2022-09-14/00:00:00,18.9,19.0,18.66,18.8,9500455
2022-09-15/00:00:00,18.8,19.18,18.8,18.9,11446922
2022-09-16/00:00:00,18.88,19.48,18.78,19.48,20194090
2022-09-19/00:00:00,19.34,19.36,19.06,19.1,9538313
2022-09-20/00:00:00,19.02,19.14,18.82,18.82,12489324
2022-09-21/00:00:00,18.82,18.92,18.6,18.6,10490190
2022-09-22/00:00:00,18.54,18.7,18.36,18.36,10097693
2022-09-23/00:00:00,18.4,18.6,18.3,18.3,7456001
2022-09-26/00:00:00,18.34,18.34,17.58,17.58,12013402
2022-09-27/00:00:00,17.8,17.84,17.46,17.6,12666726
2022-09-28/00:00:00,17.7,18.2,17.6,18.02,4890871
2022-09-29/00:00:00,18.2,18.34,17.98,18.34,1874073
2022-09-30/00:00:00,18.34,18.34,17.86,17.86,3816203
2022-10-03/00:00:00,17.98,17.98,17.8,17.9,2150624
2022-10-04/00:00:00,18.0,18.2,17.96,18.1,2741942
2022-10-05/00:00:00,18.22,18.24,18.02,18.02,2548814
2022-10-06/00:00:00,18.06,18.18,17.92,18.0,3398964
2022-10-07/00:00:00,18.0,18.1,17.86,17.9,2107462
2022-10-10/00:00:00,17.9,17.9,17.64,17.68,3024456
2022-10-11/00:00:00,17.7,17.7,17.44,17.44,2060586
2022-10-12/00:00:00,17.5,17.54,17.34,17.44,1770172
2022-10-13/00:00:00,17.4,17.48,17.22,17.22,12903016
2022-10-14/00:00:00,17.34,17.48,17.26,17.32,2545671
2022-10-17/00:00:00,17.36,17.44,17.2,17.3,2357978
2022-10-18/00:00:00,17.38,17.72,17.34,17.72,3309752
2022-10-19/00:00:00,17.68,17.9,17.68,17.8,7332724
2022-10-20/00:00:00,17.76,17.9,17.68,17.84,7772468
2022-10-21/00:00:00,17.8,17.94,17.78,17.9,1801681
2022-10-24/00:00:00,17.9,17.9,17.78,17.8,2558502
2022-10-25/00:00:00,17.8,17.94,17.56,17.76,3253218
2022-10-26/00:00:00,17.76,17.76,17.42,17.46,2776455
2022-10-27/00:00:00,17.48,17.5,17.02,17.38,3679299
2022-10-28/00:00:00,17.36,17.44,17.14,17.3,2559642
2022-10-31/00:00:00,17.36,17.9,17.3,17.9,4145747
2022-11-01/00:00:00,17.7,17.96,17.7,17.86,4177180
2022-11-02/00:00:00,17.8,17.98,17.68,17.98,4707075
2022-11-03/00:00:00,17.98,18.02,17.54,17.6,2575992
2022-11-04/00:00:00,17.52,18.0,17.52,18.0,2349667
2022-11-07/00:00:00,18.1,18.38,18.0,18.38,3479348
2022-11-08/00:00:00,18.28,18.4,18.04,18.38,2584506
2022-11-09/00:00:00,18.28,18.38,18.26,18.38,3088876
2022-11-10/00:00:00,18.3,18.38,18.02,18.38,1207789
2022-11-11/00:00:00,18.4,18.54,18.32,18.48,2251533
2022-11-14/00:00:00,18.46,18.5,18.28,18.4,1727811
2022-11-15/00:00:00,18.4,18.4,17.92,18.04,1568441
2022-11-16/00:00:00,18.02,18.14,17.88,17.88,3148605
2022-11-17/00:00:00,17.88,17.92,17.3,17.3,2048057
2022-11-18/00:00:00,17.42,17.66,17.42,17.66,2936355
2022-11-21/00:00:00,17.58,17.58,17.36,17.46,1116530
2022-11-22/00:00:00,17.38,17.48,17.32,17.48,1681719
2022-11-23/00:00:00,17.5,18.0,17.48,18.0,4729001
2022-11-24/00:00:00,17.98,18.14,17.94,18.14,3886431
2022-11-25/00:00:00,18.14,18.14,17.9,18.1,1564812
2022-11-28/00:00:00,18.0,18.0,17.4,17.4,3649489
2022-11-29/00:00:00,17.46,17.58,17.2,17.3,3425041
2022-11-30/00:00:00,17.32,17.7,17.24,17.6,9561325
2022-12-05/00:00:00,17.6,17.6,17.38,17.48,5097637
2022-12-06/00:00:00,17.44,17.44,17.18,17.18,4019820
2022-12-07/00:00:00,17.12,17.3,16.76,16.86,4500590
2022-12-08/00:00:00,16.82,16.94,16.66,16.68,2258952
2022-12-09/00:00:00,16.76,16.82,16.5,16.54,2612893
2022-12-12/00:00:00,16.54,16.7,16.04,16.3,3231818
2022-12-13/00:00:00,16.34,16.34,15.78,15.8,4004580
2022-12-14/00:00:00,15.8,16.06,15.68,16.0,3626306
2022-12-15/00:00:00,16.0,16.4,15.92,16.4,2981362
2022-12-16/00:00:00,16.4,17.1,16.4,17.1,7957879
2022-12-19/00:00:00,16.96,17.36,16.84,17.36,3023723
2022-12-20/00:00:00,17.22,17.46,17.1,17.46,1696917
2022-12-21/00:00:00,17.48,17.56,17.36,17.4,2464555
2022-12-22/00:00:00,17.42,17.6,17.42,17.5,1480260
2022-12-23/00:00:00,17.5,17.52,17.28,17.5,866368
2022-12-26/00:00:00,17.48,17.48,17.2,17.26,834231
2022-12-27/00:00:00,17.24,17.32,17.12,17.22,721420
2022-12-28/00:00:00,17.22,17.5,17.2,17.5,1846405
2022-12-29/00:00:00,17.46,17.48,17.34,17.48,1411950
2022-12-30/00:00:00,17.48,17.5,17.1,17.1,1122038
2023-01-02/00:00:00,17.12,17.3,17.12,17.2,457175
2023-01-03/00:00:00,17.3,17.3,17.18,17.28,1662623
2023-01-04/00:00:00,17.3,17.32,17.2,17.2,2161364
2023-01-05/00:00:00,17.2,17.28,16.86,17.1,2604483
2023-01-06/00:00:00,16.94,17.12,16.7,16.7,1596148
2023-01-09/00:00:00,16.66,16.68,16.08,16.2,6737142
2023-01-10/00:00:00,16.14,16.26,16.1,16.2,7226468
2023-01-11/00:00:00,16.16,16.34,15.84,15.84,12131328
2023-01-12/00:00:00,15.92,16.04,15.62,15.74,9332238
2023-01-13/00:00:00,15.9,16.02,15.78,15.82,5849631
2023-01-16/00:00:00,15.9,16.04,15.82,16.04,4121527
2023-01-17/00:00:00,16.06,16.2,16.02,16.1,4229834
2023-01-18/00:00:00,16.18,16.18,15.78,15.8,4656689
2023-01-19/00:00:00,15.7,15.86,15.66,15.7,3414378
2023-01-20/00:00:00,15.74,15.8,15.62,15.7,3064974
2023-01-23/00:00:00,15.64,15.76,15.36,15.38,3627235
2023-01-24/00:00:00,15.36,15.8,15.36,15.8,3368499
2023-01-25/00:00:00,15.78,16.0,15.44,15.52,4313425
2023-01-26/00:00:00,15.4,15.4,14.22,14.28,12190830
2023-01-27/00:00:00,14.3,14.36,13.5,13.6,12784082
2023-01-30/00:00:00,13.74,14.0,13.34,13.6,22230697
2023-01-31/00:00:00,13.68,13.76,13.56,13.6,13399320
2023-02-01/00:00:00,13.7,14.0,13.7,13.8,12229233
2023-02-02/00:00:00,13.8,13.84,13.68,13.82,6549198
2023-02-03/00:00:00,13.74,14.1,13.74,14.1,5429233
2023-02-06/00:00:00,14.1,14.2,13.96,14.2,2231111
2023-02-07/00:00:00,14.0,14.34,14.0,14.22,9184636
2023-02-08/00:00:00,14.22,14.4,14.22,14.38,3633050
2023-02-09/00:00:00,14.38,14.48,13.9,14.4,19202715
2023-02-10/00:00:00,14.2,14.36,14.16,14.36,7766171
2023-02-13/00:00:00,14.2,14.38,14.02,14.38,9064085
2023-02-14/00:00:00,14.36,14.38,14.18,14.38,5485262
2023-02-15/00:00:00,14.3,14.3,14.2,14.26,7721256
2023-02-16/00:00:00,14.2,14.26,14.0,14.0,9309465
2023-02-17/00:00:00,14.0,14.08,13.9,14.04,2610896
2023-02-20/00:00:00,14.04,14.3,14.04,14.14,10645516
2023-02-21/00:00:00,14.2,14.2,14.0,14.04,6978763
2023-02-22/00:00:00,14.04,14.16,14.04,14.1,4794640
2023-02-23/00:00:00,14.16,14.16,14.1,14.1,4382924
2023-02-24/00:00:00,14.12,14.14,14.04,14.1,6918456
2023-02-27/00:00:00,14.16,14.2,14.1,14.1,3286514
2023-02-28/00:00:00,14.14,14.26,14.08,14.08,9733737
2023-03-01/00:00:00,14.12,14.24,14.04,14.06,2030758
2023-03-02/00:00:00,14.06,14.24,14.06,14.12,7932313
2023-03-03/00:00:00,14.12,14.26,14.1,14.1,6412546
2023-03-06/00:00:00,14.18,14.34,14.16,14.3,4275742
2023-03-07/00:00:00,14.28,14.78,14.28,14.42,2895263
2023-03-08/00:00:00,14.44,14.6,14.4,14.58,4379793
2023-03-09/00:00:00,14.16,14.2,14.0,14.1,2431671
2023-03-10/00:00:00,14.08,14.16,13.92,14.1,3936399
2023-03-13/00:00:00,14.06,14.06,13.86,14.0,7950832
2023-03-14/00:00:00,13.98,14.0,13.62,13.62,6282672
2023-03-15/00:00:00,13.78,13.92,13.4,13.4,2853800
2023-03-16/00:00:00,13.48,13.5,12.96,12.98,5833849
2023-03-17/00:00:00,12.98,13.34,12.94,13.3,10632375
2023-03-20/00:00:00,13.3,13.62,13.14,13.62,4766189
2023-03-21/00:00:00,13.58,13.64,13.48,13.48,1666979
2023-03-22/00:00:00,13.58,13.7,13.48,13.7,2896047
2023-03-23/00:00:00,13.66,13.68,13.38,13.42,2659784
2023-03-24/00:00:00,13.56,13.56,13.0,13.0,1589481
2023-03-27/00:00:00,13.12,13.16,12.8,12.96,2411803
2023-03-28/00:00:00,13.0,13.18,12.9,13.08,2333307
2023-03-29/00:00:00,13.12,13.32,13.02,13.02,7760576
2023-03-30/00:00:00,13.18,13.4,13.04,13.12,7053469
2023-03-31/00:00:00,13.16,13.16,12.88,12.88,4575065
2023-04-03/00:00:00,12.92,13.16,12.92,13.12,3980157
2023-04-04/00:00:00,13.04,13.26,13.02,13.12,3369081
2023-04-05/00:00:00,13.14,13.14,12.96,13.1,2379354
2023-04-06/00:00:00,13.08,13.08,13.0,13.04,1650765
2023-04-07/00:00:00,13.0,13.08,13.0,13.02,367341
2023-04-10/00:00:00,13.0,13.1,13.0,13.0,641397
2023-04-11/00:00:00,13.08,13.14,13.02,13.12,1564586
2023-04-12/00:00:00,13.12,13.2,13.06,13.2,2503227
2023-04-13/00:00:00,13.12,13.2,13.08,13.16,3246391
2023-04-14/00:00:00,13.14,13.32,13.14,13.24,2351742
2023-04-17/00:00:00,13.24,13.5,13.24,13.46,3677243
2023-04-18/00:00:00,13.48,13.5,13.32,13.42,2687593
2023-04-19/00:00:00,13.4,13.44,13.22,13.34,2440806
2023-04-24/00:00:00,13.32,13.46,13.2,13.4,1767527
2023-04-25/00:00:00,13.38,13.48,13.36,13.42,1855529
2023-04-26/00:00:00,13.46,13.52,13.36,13.44,5171564
2023-04-27/00:00:00,13.4,13.88,13.4,13.88,3922048
2023-04-28/00:00:00,13.88,14.22,13.84,14.18,5147011
2023-05-01/00:00:00,14.18,14.18,13.88,14.0,1670265
2023-05-02/00:00:00,13.94,14.08,13.86,13.94,1931606
2023-05-03/00:00:00,13.82,13.98,13.72,13.82,1348069
2023-05-04/00:00:00,13.88,13.96,13.76,13.96,2183874
2023-05-05/00:00:00,13.94,14.1,13.94,14.1,3164771
2023-05-08/00:00:00,14.1,14.14,13.94,14.0,1815542
2023-05-09/00:00:00,14.04,14.06,13.94,14.06,980567
2023-05-10/00:00:00,14.08,14.24,14.04,14.24,2730355
2023-05-11/00:00:00,14.22,14.22,13.94,13.96,3404590
2023-05-12/00:00:00,14.0,14.0,13.64,13.96,1434196
2023-05-15/00:00:00,13.98,13.98,13.34,13.34,2676193
2023-05-16/00:00:00,13.46,13.68,13.28,13.46,2409064
2023-05-17/00:00:00,13.5,13.6,13.38,13.6,1288847
2023-05-18/00:00:00,13.56,13.88,13.48,13.88,1158033
2023-05-19/00:00:00,13.8,13.8,13.62,13.62,637613
2023-05-22/00:00:00,13.64,13.64,13.32,13.38,1214296
2023-05-23/00:00:00,13.46,13.46,13.2,13.22,1826154
2023-05-24/00:00:00,13.22,13.38,13.02,13.1,2522585
2023-05-25/00:00:00,13.16,13.16,12.88,12.9,2387194
2023-05-26/00:00:00,12.9,13.08,12.66,13.0,2810694
2023-05-29/00:00:00,13.06,13.06,12.66,12.66,1530234
2023-05-30/00:00:00,12.72,12.94,12.66,12.86,3670399
2023-05-31/00:00:00,12.88,13.0,12.66,12.7,19855124
2023-06-01/00:00:00,12.7,12.92,12.56,12.7,2962595
2023-06-02/00:00:00,12.88,12.9,12.7,12.9,2970401
2023-06-05/00:00:00,12.92,13.06,12.8,12.96,1156498
2023-06-06/00:00:00,12.98,13.02,12.82,12.96,2583876
2023-06-07/00:00:00,12.92,12.98,12.86,12.94,1645262
2023-06-08/00:00:00,13.0,13.0,12.78,12.84,2187025
2023-06-09/00:00:00,12.92,12.98,12.84,12.92,1154014
2023-06-12/00:00:00,12.96,13.06,12.82,13.0,1610418
2023-06-13/00:00:00,13.02,13.06,12.86,12.86,1714205
2023-06-14/00:00:00,12.86,13.12,12.86,13.12,1926630
2023-06-15/00:00:00,13.04,13.12,12.96,13.12,1321469
2023-06-16/00:00:00,13.12,13.4,13.12,13.4,6314240
2023-06-19/00:00:00,13.36,13.46,13.26,13.46,1571000
2023-06-20/00:00:00,13.46,13.48,13.22,13.48,3434802
2023-06-21/00:00:00,13.5,13.76,13.48,13.76,5667329
2023-06-22/00:00:00,13.62,13.7,13.56,13.56,978215
2023-06-23/00:00:00,13.62,13.82,13.6,13.7,37049438
2023-06-26/00:00:00,13.68,13.68,13.38,13.64,2970541
2023-07-03/00:00:00,13.64,13.78,13.52,13.76,3384043
2023-07-04/00:00:00,13.7,13.8,13.6,13.6,2004303
2023-07-05/00:00:00,13.62,13.8,13.62,13.8,3048159
2023-07-06/00:00:00,13.72,13.9,13.7,13.78,4873344
2023-07-07/00:00:00,13.8,13.8,13.6,13.74,1676435
2023-07-10/00:00:00,13.6,13.76,13.58,13.58,2149755
2023-07-11/00:00:00,13.68,13.68,13.4,13.4,2424847
2023-07-12/00:00:00,13.42,13.68,13.36,13.68,2096167
2023-07-13/00:00:00,13.52,13.78,13.52,13.72,2453715
2023-07-14/00:00:00,13.74,13.84,13.74,13.84,3163744
2023-07-17/00:00:00,13.88,13.88,13.7,13.74,1797066
2023-07-18/00:00:00,13.76,13.8,13.7,13.74,1927666
2023-07-19/00:00:00,13.72,13.8,13.64,13.72,1471397
2023-07-20/00:00:00,13.76,13.76,13.52,13.52,1597283
2023-07-24/00:00:00,13.74,14.3,13.74,14.3,9749307
2023-07-25/00:00:00,14.4,14.42,14.24,14.28,2737755
2023-07-26/00:00:00,14.3,14.56,14.2,14.52,3839925
2023-07-27/00:00:00,14.56,14.7,14.42,14.64,5077414
2023-07-28/00:00:00,14.64,14.64,14.48,14.48,1479658
2023-07-31/00:00:00,14.6,14.64,14.5,14.64,4118426
2023-08-01/00:00:00,14.66,14.66,14.38,14.48,1988646
2023-08-02/00:00:00,14.5,14.5,14.26,14.38,3325241
2023-08-03/00:00:00,14.3,14.62,14.28,14.5,6137564
2023-08-04/00:00:00,14.46,14.58,14.4,14.4,886475
2023-08-07/00:00:00,14.5,14.54,14.42,14.44,2381938
2023-08-08/00:00:00,14.48,14.5,14.24,14.48,3601764
2023-08-09/00:00:00,14.48,14.56,14.3,14.54,2754933
2023-08-10/00:00:00,14.52,14.52,14.3,14.3,1954620
2023-08-11/00:00:00,14.34,14.46,14.14,14.14,1675652
2023-08-14/00:00:00,14.14,14.22,13.96,14.04,2947621
2023-08-15/00:00:00,14.04,14.22,14.04,14.12,1462208
2023-08-16/00:00:00,14.12,14.14,13.9,13.9,2546922
2023-08-17/00:00:00,13.9,14.02,13.82,13.9,2841595
2023-08-18/00:00:00,13.96,14.06,13.94,13.94,2303263
2023-08-21/00:00:00,14.0,14.0,13.78,13.78,2959526
2023-08-22/00:00:00,13.88,13.92,13.7,13.7,2756048
2023-08-23/00:00:00,13.7,13.82,13.6,13.6,3480375
2023-08-24/00:00:00,13.72,13.94,13.72,13.9,3510853
2023-08-25/00:00:00,13.96,13.96,13.82,13.9,1332778
2023-08-28/00:00:00,13.96,13.96,13.8,13.8,1434477
2023-08-29/00:00:00,13.84,13.92,13.72,13.88,1653115
2023-08-30/00:00:00,13.88,13.9,13.82,13.88,1526047
2023-08-31/00:00:00,13.88,13.88,13.64,13.68,7787718
2023-09-01/00:00:00,13.68,13.78,13.6,13.6,1772028
2023-09-04/00:00:00,13.62,13.66,13.42,13.44,5203630
2023-09-05/00:00:00,13.4,13.44,13.04,13.2,6510708
2023-09-06/00:00:00,13.2,13.2,13.04,13.14,3039210
2023-09-07/00:00:00,13.14,13.44,13.14,13.22,4038626
2023-09-08/00:00:00,13.26,13.4,13.26,13.36,647808
2023-09-11/00:00:00,13.3,13.38,13.28,13.36,694949
2023-09-12/00:00:00,13.4,13.42,13.22,13.42,1810697
2023-09-13/00:00:00,13.34,13.64,13.34,13.6,3036941
2023-09-14/00:00:00,13.66,13.68,13.48,13.68,3430011
2023-09-15/00:00:00,13.68,13.8,13.62,13.78,7026142
2023-09-18/00:00:00,13.68,13.8,13.66,13.72,956838
2023-09-19/00:00:00,13.7,13.7,13.5,13.5,1813264
2023-09-20/00:00:00,13.52,13.6,13.46,13.5,1375552
2023-09-21/00:00:00,13.5,13.64,13.42,13.56,2276315
2023-09-22/00:00:00,13.5,13.76,13.46,13.56,4125852
2023-09-25/00:00:00,13.56,13.7,13.42,13.56,3366639
2023-09-26/00:00:00,13.6,13.62,13.44,13.62,2383121
2023-09-27/00:00:00,13.62,13.66,13.52,13.6,3317499
2023-09-28/00:00:00,13.56,13.68,13.56,13.6,3102829
2023-10-02/00:00:00,13.66,13.72,13.54,13.68,5345450
2023-10-03/00:00:00,13.68,13.84,13.68,13.74,3978540
2023-10-04/00:00:00,13.8,13.88,13.64,13.8,4281543
2023-10-05/00:00:00,13.8,13.88,13.76,13.76,5984027
2023-10-06/00:00:00,13.8,13.86,13.66,13.76,3272922
2023-10-09/00:00:00,13.7,13.7,13.46,13.6,2673894
2023-10-10/00:00:00,13.6,13.6,13.36,13.4,1387856
2023-10-11/00:00:00,13.48,13.58,13.38,13.44,4213934
2023-10-12/00:00:00,13.44,13.5,13.32,13.46,1896781
2023-10-13/00:00:00,13.38,13.38,13.08,13.2,3075654
2023-10-16/00:00:00,13.28,13.3,13.0,13.18,1921609
2023-10-17/00:00:00,13.2,13.56,13.2,13.5,2833452
2023-10-18/00:00:00,13.48,13.48,13.24,13.26,10025609
2023-10-19/00:00:00,13.42,13.54,13.3,13.32,3660580
2023-10-20/00:00:00,13.36,13.4,12.84,13.0,6867818
2023-10-23/00:00:00,13.16,13.16,12.88,12.96,2542157
2023-10-24/00:00:00,13.16,13.16,12.96,12.96,1315617
2023-10-25/00:00:00,13.06,13.06,12.98,12.98,2335750
2023-10-26/00:00:00,13.06,13.06,12.74,12.76,5784851
2023-10-27/00:00:00,12.8,12.82,12.44,12.44,4262929
2023-10-30/00:00:00,12.48,12.66,12.44,12.52,4605579
2023-10-31/00:00:00,12.54,12.7,12.54,12.68,3168951
2023-11-01/00:00:00,12.68,13.0,12.6,13.0,5678307
2023-11-02/00:00:00,13.0,13.26,13.0,13.14,2117748
2023-11-03/00:00:00,13.14,13.22,12.94,13.22,1444322
2023-11-06/00:00:00,13.24,13.24,13.12,13.16,2340557
2023-11-07/00:00:00,13.16,13.34,13.16,13.32,3894061
2023-11-08/00:00:00,13.34,13.38,13.2,13.38,1542894
2023-11-09/00:00:00,13.38,13.4,13.26,13.4,1155043
2023-11-10/00:00:00,13.3,13.5,13.28,13.3,1419273
2023-11-13/00:00:00,13.24,13.42,13.24,13.38,1271068
2023-11-14/00:00:00,13.44,13.46,13.36,13.4,3247828
2023-11-15/00:00:00,13.38,13.52,13.36,13.52,4359251
2023-11-16/00:00:00,13.54,13.68,13.46,13.62,5095847
2023-11-17/00:00:00,13.62,13.62,13.46,13.6,1578335
2023-11-20/00:00:00,13.64,13.64,13.5,13.62,1618666
2023-11-21/00:00:00,13.54,13.62,13.42,13.56,2294374
2023-11-22/00:00:00,13.5,13.5,13.3,13.38,1777499
2023-11-23/00:00:00,13.4,13.48,13.36,13.48,1094305
2023-11-24/00:00:00,13.44,13.6,13.44,13.6,603585
2023-11-27/00:00:00,13.54,13.56,13.42,13.46,1563889
2023-11-28/00:00:00,13.46,13.56,13.4,13.56,1533201
2023-11-29/00:00:00,13.54,13.64,13.52,13.58,7241800
2023-11-30/00:00:00,13.58,13.72,13.58,13.72,9549871
2023-12-01/00:00:00,13.68,13.7,13.56,13.7,1243535
2023-12-05/00:00:00,13.64,13.66,13.5,13.62,3822122
2023-12-06/00:00:00,13.54,13.56,13.42,13.52,3051656
2023-12-07/00:00:00,13.42,13.46,13.38,13.42,2696267
2023-12-08/00:00:00,13.4,13.4,13.26,13.26,2429533
2023-12-11/00:00:00,13.36,13.36,13.14,13.3,1690083
2023-12-12/00:00:00,13.24,13.34,13.14,13.34,1843231
2023-12-13/00:00:00,13.32,13.48,13.26,13.3,4724835
2023-12-14/00:00:00,13.04,13.38,13.04,13.38,3991032
2023-12-15/00:00:00,13.36,13.5,13.24,13.5,6198708
2023-12-18/00:00:00,13.4,13.52,13.38,13.46,1390940
2023-12-19/00:00:00,13.44,13.5,13.34,13.5,1085395
2023-12-20/00:00:00,13.5,13.68,13.46,13.6,14290542
2023-12-21/00:00:00,13.6,13.68,13.56,13.68,1633222
2023-12-22/00:00:00,13.68,13.74,13.62,13.74,1315700
2023-12-25/00:00:00,13.72,13.72,13.64,13.68,430269
2023-12-26/00:00:00,13.68,13.8,13.64,13.8,718164
2023-12-27/00:00:00,13.78,13.88,13.72,13.88,2460698
2023-12-28/00:00:00,13.86,13.92,13.82,13.92,1402874
2023-12-29/00:00:00,13.92,13.96,13.86,13.96,3051270
2024-01-02/00:00:00,13.9,14.04,13.84,13.94,2094454
2024-01-03/00:00:00,13.98,14.0,13.8,13.88,2486944
2024-01-04/00:00:00,13.94,13.94,13.76,13.88,1660730
2024-01-05/00:00:00,13.84,13.98,13.84,13.92,1039002
2024-01-08/00:00:00,13.94,14.48,13.92,14.48,6771048
2024-01-09/00:00:00,14.46,15.26,14.46,15.1,9605122
2024-01-10/00:00:00,15.1,15.32,15.1,15.28,4516646
2024-01-11/00:00:00,15.2,15.74,15.06,15.66,13211013
2024-01-12/00:00:00,15.62,15.62,15.3,15.34,2522617
2024-01-15/00:00:00,15.34,15.36,15.02,15.34,1330854
2024-01-16/00:00:00,15.24,15.26,14.86,14.86,2457516
2024-01-17/00:00:00,14.84,15.06,14.82,14.88,2451990
2024-01-18/00:00:00,14.88,15.08,14.88,14.9,3339452
2024-01-19/00:00:00,15.02,15.22,14.94,15.2,2841580
2024-01-22/00:00:00,15.2,15.36,15.14,15.14,3001114
2024-01-23/00:00:00,15.18,15.24,15.08,15.2,1079947
2024-01-24/00:00:00,15.3,15.6,15.3,15.44,4720376
2024-01-25/00:00:00,15.44,15.64,15.16,15.2,4209054
2024-01-26/00:00:00,15.2,15.2,14.84,14.94,2087204
2024-01-29/00:00:00,14.94,14.98,14.4,14.6,4584417
2024-01-30/00:00:00,14.6,14.74,14.5,14.52,3124012
2024-01-31/00:00:00,14.6,14.9,14.6,14.64,3243735
2024-02-01/00:00:00,14.6,14.66,14.06,14.1,4204333
2024-02-02/00:00:00,14.14,14.3,14.0,14.14,3321182
2024-02-05/00:00:00,14.0,14.18,13.94,13.94,1939585
2024-02-06/00:00:00,14.0,14.0,13.66,13.8,1841976
2024-02-07/00:00:00,13.82,13.84,13.52,13.66,2354411
2024-02-08/00:00:00,14.0,14.0,13.54,13.64,3008618
2024-02-09/00:00:00,13.7,13.74,13.6,13.64,1367576
2024-02-12/00:00:00,13.54,13.82,13.54,13.8,889941
2024-02-13/00:00:00,13.8,14.1,13.78,14.04,2283543
2024-02-14/00:00:00,14.02,14.56,14.02,14.4,2432206
2024-02-15/00:00:00,14.48,14.66,14.44,14.5,1600986
2024-02-16/00:00:00,14.58,14.66,14.44,14.58,1287433
2024-02-19/00:00:00,14.58,14.58,14.32,14.44,2727053
2024-02-20/00:00:00,14.46,14.46,14.22,14.36,2345694
2024-02-21/00:00:00,14.36,14.38,13.88,14.2,4191572
2024-02-22/00:00:00,14.06,14.26,13.92,13.92,2941456
2024-02-23/00:00:00,13.92,13.98,13.64,13.8,1697682
2024-02-26/00:00:00,13.82,13.88,13.64,13.68,1949445
2024-02-27/00:00:00,13.68,13.88,13.48,13.88,4744758
2024-02-28/00:00:00,13.9,14.02,13.66,13.82,2078101
2024-02-29/00:00:00,13.78,13.78,13.56,13.64,5343036
2024-03-01/00:00:00,13.66,13.74,13.62,13.7,1150705
2024-03-04/00:00:00,13.7,13.8,13.66,13.7,3137067
2024-03-05/00:00:00,13.72,13.78,13.36,13.36,3353058
2024-03-06/00:00:00,13.62,13.64,13.4,13.4,4287511
2024-03-07/00:00:00,13.4,13.54,13.32,13.36,3543614
2024-03-08/00:00:00,13.38,13.44,13.34,13.42,1186068
2024-03-11/00:00:00,13.4,13.44,13.34,13.38,1809059
2024-03-12/00:00:00,13.46,13.46,13.34,13.34,1821549
2024-03-13/00:00:00,13.38,13.52,13.34,13.36,6479798
2024-03-14/00:00:00,12.8,13.12,12.66,13.12,2863415
2024-03-15/00:00:00,13.08,13.16,12.9,13.08,7108845
2024-03-18/00:00:00,13.08,13.34,13.04,13.22,1597293
2024-03-19/00:00:00,13.26,13.44,13.26,13.32,2768862
2024-03-20/00:00:00,13.38,13.44,13.28,13.34,4341481
2024-03-21/00:00:00,13.36,13.46,13.32,13.44,2984495
2024-03-22/00:00:00,13.44,13.54,13.4,13.54,1937857
2024-03-25/00:00:00,13.54,13.8,13.48,13.74,2935122
2024-03-26/00:00:00,13.74,13.86,13.7,13.72,5579987
2024-03-27/00:00:00,13.74,13.74,13.38,13.48,12305843
2024-03-28/00:00:00,13.48,13.54,13.34,13.4,13747899
2024-03-29/00:00:00,13.4,13.4,13.22,13.22,1007141
2024-04-01/00:00:00,13.24,13.48,13.24,13.44,935084
2024-04-02/00:00:00,13.5,13.5,13.34,13.5,1561839
2024-04-03/00:00:00,13.5,13.5,13.24,13.24,2145808
2024-04-04/00:00:00,13.28,13.5,13.26,13.4,898909
2024-04-05/00:00:00,13.38,13.4,13.22,13.36,1778985
2024-04-15/00:00:00,13.34,13.34,13.16,13.2,4257201
2024-04-16/00:00:00,13.2,13.32,13.02,13.04,3582528
2024-04-17/00:00:00,13.0,13.04,12.86,12.88,1750475
2024-04-18/00:00:00,12.94,13.06,12.84,12.86,2910499
2024-04-19/00:00:00,12.86,12.92,12.8,12.8,1432701
2024-04-22/00:00:00,12.78,12.9,12.64,12.64,2356300
2024-04-23/00:00:00,12.66,12.8,12.42,12.42,2478315
2024-04-24/00:00:00,12.46,12.7,12.42,12.44,1940573
2024-04-25/00:00:00,12.48,12.56,12.42,12.42,2230310
2024-04-26/00:00:00,12.48,12.68,12.46,12.46,1970411
2024-04-29/00:00:00,12.58,12.76,12.48,12.5,4220407
2024-04-30/00:00:00,12.54,12.74,12.48,12.48,5910707
2024-05-01/00:00:00,12.5,12.62,12.22,12.22,2061778
2024-05-02/00:00:00,12.32,12.36,12.1,12.1,4880976
2024-05-03/00:00:00,12.16,12.24,12.12,12.18,3750741
2024-05-06/00:00:00,12.24,12.3,12.16,12.2,3736392
2024-05-07/00:00:00,12.3,12.42,12.24,12.4,8582822
2024-05-08/00:00:00,12.34,12.6,12.34,12.6,4646235
2024-05-09/00:00:00,12.58,12.62,12.42,12.48,5643602
2024-05-10/00:00:00,12.52,12.54,12.4,12.4,822910
2024-05-13/00:00:00,12.4,12.5,12.36,12.48,879460
2024-05-14/00:00:00,12.42,12.48,12.32,12.32,2061110
2024-05-15/00:00:00,12.32,12.34,12.16,12.2,7247203
2024-05-16/00:00:00,12.2,12.28,12.18,12.22,3180190
2024-05-17/00:00:00,12.24,12.26,12.16,12.16,2072091
2024-05-20/00:00:00,12.2,12.3,12.14,12.16,1196067
2024-05-21/00:00:00,12.3,12.3,12.04,12.06,6234925
2024-05-22/00:00:00,12.1,12.24,11.96,12.06,8472777
2024-05-23/00:00:00,12.02,12.12,11.94,11.98,7535790
2024-05-24/00:00:00,12.04,12.06,11.82,11.84,6383015
2024-05-27/00:00:00,11.9,11.98,11.82,11.84,2515220
2024-05-28/00:00:00,11.84,11.9,11.58,11.58,7960712
2024-05-29/00:00:00,11.88,11.92,11.52,11.64,6757764
2024-05-30/00:00:00,11.74,11.8,11.56,11.78,3305501
2024-05-31/00:00:00,11.7,11.84,11.6,11.6,19022429
2024-06-03/00:00:00,11.72,11.96,11.68,11.9,5965608
2024-06-04/00:00:00,11.9,11.94,11.76,11.88,2920343
2024-06-05/00:00:00,11.94,12.18,11.86,11.86,4860167
2024-06-06/00:00:00,11.88,11.98,11.7,11.72,4093624
2024-06-07/00:00:00,11.7,11.86,11.7,11.8,1657586
2024-06-10/00:00:00,11.82,11.96,11.82,11.82,2405145
2024-06-11/00:00:00,11.82,11.88,11.66,11.66,2551060
2024-06-12/00:00:00,11.7,11.8,11.58,11.7,3023441
2024-06-13/00:00:00,11.7,11.78,11.6,11.6,2582044
2024-06-14/00:00:00,11.7,11.7,11.46,11.58,5047215
2024-06-19/00:00:00,11.58,11.66,11.54,11.66,1024948
2024-06-20/00:00:00,11.68,11.94,11.54,11.94,12638009
2024-06-21/00:00:00,11.9,12.06,11.8,11.8,7020534
2024-06-24/00:00:00,11.86,11.98,11.8,11.96,4239201
2024-06-25/00:00:00,11.9,12.18,11.9,12.18,2914130
2024-06-26/00:00:00,12.18,12.4,12.06,12.1,3467141
2024-06-27/00:00:00,12.14,12.3,12.08,12.3,3388541
2024-06-28/00:00:00,12.3,12.5,12.22,12.46,9248945
2024-07-01/00:00:00,12.48,12.52,11.96,12.52,6309734
2024-07-02/00:00:00,12.54,12.62,12.44,12.6,5054614
2024-07-03/00:00:00,12.6,12.66,12.52,12.52,3570872
2024-07-04/00:00:00,12.54,12.6,12.36,12.4,1404087
2024-07-05/00:00:00,12.44,12.5,12.36,12.5,777672
2024-07-08/00:00:00,12.5,12.5,12.44,12.48,2895884
2024-07-09/00:00:00,12.5,12.62,12.44,12.5,2025313
2024-07-10/00:00:00,12.52,12.56,12.42,12.44,2503020
2024-07-11/00:00:00,12.44,12.56,12.44,12.46,1818288
2024-07-12/00:00:00,12.48,12.5,12.36,12.42,1936222
2024-07-15/00:00:00,12.44,12.52,12.4,12.5,1598742
2024-07-16/00:00:00,12.5,12.6,12.46,12.56,1893027
2024-07-17/00:00:00,12.6,12.6,12.48,12.56,1750468
2024-07-18/00:00:00,12.56,12.7,12.5,12.6,2307637
2024-07-19/00:00:00,12.62,12.66,12.46,12.6,2597949
2024-07-22/00:00:00,12.6,12.68,12.6,12.62,1404650
2024-07-23/00:00:00,12.62,12.68,12.6,12.64,2703884
2024-07-24/00:00:00,12.62,12.74,12.56,12.68,3694497
2024-07-25/00:00:00,12.68,12.68,12.48,12.62,2384463
2024-07-26/00:00:00,12.56,12.6,12.52,12.6,1587561
2024-07-29/00:00:00,12.6,13.4,12.6,13.4,7502744
2024-07-30/00:00:00,13.46,13.78,13.12,13.18,5686189
2024-07-31/00:00:00,13.22,13.26,12.9,13.04,4191842
2024-08-01/00:00:00,13.1,13.38,13.06,13.3,2702440
2024-08-02/00:00:00,13.24,13.28,12.9,13.1,2842162
2024-08-05/00:00:00,12.8,12.8,12.14,12.14,3173097
2024-08-06/00:00:00,12.26,12.68,12.26,12.4,2916843
2024-08-07/00:00:00,12.46,13.08,12.46,12.66,6918940
2024-08-08/00:00:00,12.7,13.1,12.6,13.1,3872394
2024-08-09/00:00:00,13.26,13.46,13.12,13.42,4680932
2024-08-12/00:00:00,13.24,13.56,13.24,13.42,3138386
2024-08-13/00:00:00,13.44,13.48,13.34,13.48,2267472
2024-08-14/00:00:00,13.46,13.46,13.26,13.42,2446217
2024-08-15/00:00:00,13.44,13.54,13.36,13.52,2805330
2024-08-16/00:00:00,13.5,13.54,13.4,13.4,2347835
2024-08-19/00:00:00,13.4,13.48,13.22,13.22,1900997
2024-08-20/00:00:00,13.24,13.28,13.14,13.24,1415924
2024-08-21/00:00:00,13.24,13.34,13.2,13.3,1437396
2024-08-22/00:00:00,13.28,13.36,13.22,13.34,2132749
2024-08-23/00:00:00,13.36,13.48,13.28,13.32,1710640
2024-08-26/00:00:00,13.34,13.38,13.08,13.24,3339417
2024-08-27/00:00:00,13.26,13.52,13.24,13.36,2915984
2024-08-28/00:00:00,13.4,13.44,13.2,13.2,2165875
2024-08-29/00:00:00,13.3,13.3,13.06,13.16,3876636
2024-08-30/00:00:00,13.2,13.4,13.18,13.4,10025427
2024-09-02/00:00:00,13.48,13.48,13.34,13.44,1327498
2024-09-03/00:00:00,13.44,13.46,13.3,13.36,1340467
2024-09-04/00:00:00,13.3,13.46,13.22,13.3,2091535
2024-09-05/00:00:00,13.34,13.6,13.28,13.36,2671345
2024-09-06/00:00:00,13.36,13.44,13.28,13.3,2303020
2024-09-09/00:00:00,13.26,13.34,13.24,13.28,1686873
2024-09-10/00:00:00,13.3,13.66,13.3,13.64,6109526
2024-09-11/00:00:00,13.64,13.68,13.46,13.46,7212331
2024-09-12/00:00:00,13.48,13.58,13.34,13.34,2347645
2024-09-13/00:00:00,13.36,13.58,13.36,13.58,1454294
2024-09-16/00:00:00,13.6,13.7,13.58,13.6,2473314
2024-09-17/00:00:00,13.62,13.82,13.54,13.78,4139081
2024-09-17/00:00:00,13.62,13.82,13.54,13.78,4139081
2024-09-18/00:00:00,13.78,13.84,13.7,13.8,3770554
2024-09-19/00:00:00,13.8,13.8,13.66,13.76,3615260
2024-09-20/00:00:00,13.76,13.78,13.58,13.58,5294820
2024-09-23/00:00:00,13.58,13.64,13.54,13.62,2219369
2024-09-24/00:00:00,13.54,13.66,13.5,13.64,3484424
2024-09-25/00:00:00,13.6,13.9,13.54,13.9,3173639
2024-09-26/00:00:00,13.8,13.96,13.74,13.96,2561520
2024-09-27/00:00:00,13.86,14.06,13.76,13.8,2752161
2024-09-30/00:00:00,13.7,13.9,13.66,13.74,3414628
2024-10-01/00:00:00,13.74,13.8,13.56,13.78,2992297
2024-10-02/00:00:00,13.5,13.68,13.4,13.4,2114875
2024-10-03/00:00:00,13.4,13.48,13.02,13.02,7305393
2024-10-04/00:00:00,13.0,13.1,12.86,12.9,1900916
2024-10-07/00:00:00,12.84,13.06,12.78,12.9,1584740
2024-10-08/00:00:00,12.9,13.34,12.9,13.32,2503180
2024-10-09/00:00:00,13.22,13.54,13.18,13.34,1967071
2024-10-10/00:00:00,13.3,13.3,13.12,13.12,2092833
2024-10-11/00:00:00,13.12,13.16,13.02,13.1,1408829
2024-10-14/00:00:00,13.1,13.36,13.1,13.32,2333495
2024-10-15/00:00:00,13.32,13.38,13.12,13.38,2584064
2024-10-16/00:00:00,13.32,13.64,13.28,13.64,3677500
2024-10-17/00:00:00,13.6,13.8,13.4,13.4,5897338
2024-10-18/00:00:00,13.36,13.66,13.26,13.52,1744967
2024-10-21/00:00:00,13.6,13.6,13.24,13.38,1411767
2024-10-22/00:00:00,13.34,13.34,13.24,13.28,2101863
2024-10-23/00:00:00,13.3,13.32,13.0,13.0,1841165
2024-10-24/00:00:00,13.08,13.16,12.96,13.12,2541692
2024-10-25/00:00:00,13.12,13.2,13.1,13.14,1939461
2024-10-28/00:00:00,13.24,13.46,13.24,13.4,5445077
2024-10-29/00:00:00,13.34,13.46,13.3,13.46,3601458
2024-10-30/00:00:00,13.5,13.5,13.3,13.3,4178284
2024-10-31/00:00:00,13.3,13.36,13.14,13.14,5200703
2024-11-01/00:00:00,13.24,13.4,13.14,13.4,2754118
2024-11-04/00:00:00,13.4,13.4,13.26,13.32,1153675
2024-11-05/00:00:00,13.34,13.44,13.28,13.44,2839891
2024-11-06/00:00:00,13.46,13.48,13.32,13.32,3059035
2024-11-07/00:00:00,13.36,13.48,13.32,13.32,2545986
2024-11-08/00:00:00,13.32,13.38,13.3,13.3,1213146
2024-11-11/00:00:00,13.32,13.46,13.26,13.32,3368071
2024-11-12/00:00:00,13.32,13.5,13.28,13.4,3593572
2024-11-13/00:00:00,13.5,13.5,13.3,13.42,1983429
2024-11-14/00:00:00,13.38,13.42,13.28,13.28,2655353
2024-11-15/00:00:00,13.36,13.38,13.26,13.28,1370873
2024-11-18/00:00:00,13.3,13.48,13.3,13.48,1693657
2024-11-19/00:00:00,13.48,13.52,13.42,13.44,1979383
2024-11-20/00:00:00,13.44,13.48,13.3,13.32,1740001
2024-11-21/00:00:00,13.28,13.3,13.04,13.04,3958342
2024-11-22/00:00:00,13.06,13.12,12.9,12.9,3136286
2024-11-25/00:00:00,12.92,13.16,12.88,12.94,12981857
2024-11-26/00:00:00,13.0,13.24,12.98,13.22,4329617
2024-11-27/00:00:00,13.22,13.46,13.18,13.2,4086340
2024-11-28/00:00:00,13.26,13.26,13.0,13.0,2682964
2024-11-29/00:00:00,13.08,13.08,12.8,12.8,5918537
2024-12-04/00:00:00,12.86,13.1,12.86,12.98,5508257
2024-12-05/00:00:00,13.02,13.14,12.98,13.12,3154497
2024-12-06/00:00:00,13.12,13.26,13.12,13.2,1736498
2024-12-09/00:00:00,13.22,13.32,13.14,13.26,2548241
2024-12-10/00:00:00,13.34,13.34,13.14,13.28,3566251
2024-12-11/00:00:00,13.38,13.38,13.14,13.24,1625793
2024-12-12/00:00:00,13.3,13.38,13.2,13.26,1549382
2024-12-13/00:00:00,13.26,13.26,13.08,13.08,2732152
2024-12-16/00:00:00,13.0,13.22,12.98,13.2,2946248
2024-12-17/00:00:00,13.2,13.26,13.04,13.2,5185359
2024-12-18/00:00:00,13.16,13.22,13.12,13.22,1993146
2024-12-19/00:00:00,13.22,13.34,13.1,13.3,3387759
2024-12-20/00:00:00,13.24,13.46,13.24,13.28,5223852
2024-12-23/00:00:00,13.32,13.48,13.32,13.46,1775514
2024-12-24/00:00:00,13.44,13.76,13.4,13.74,3603916
2024-12-25/00:00:00,13.76,13.94,13.76,13.9,2179723
2024-12-26/00:00:00,13.9,14.0,13.8,13.8,1065458
2024-12-27/00:00:00,13.8,13.8,13.58,13.6,3430622
2024-12-30/00:00:00,13.6,13.82,13.54,13.82,1920957
2024-12-31/00:00:00,13.8,13.86,13.74,13.74,1251955
2025-01-02/00:00:00,13.76,13.8,13.5,13.5,1016184
2025-01-03/00:00:00,13.52,13.68,13.4,13.4,3342960
2025-01-06/00:00:00,13.42,13.7,13.42,13.64,2264148
2025-01-07/00:00:00,13.68,14.2,13.68,14.2,5928917
2025-01-08/00:00:00,14.34,14.7,14.34,14.6,17044990
2025-01-09/00:00:00,14.6,14.76,14.3,14.34,4472044
2025-01-10/00:00:00,14.42,14.52,14.3,14.5,1993337
2025-01-13/00:00:00,14.52,14.62,14.2,14.2,3657966
2025-01-14/00:00:00,14.22,14.46,14.22,14.32,2584705
2025-01-15/00:00:00,14.4,14.44,14.28,14.4,2044912
2025-01-16/00:00:00,14.42,14.5,14.34,14.4,1577403
2025-01-17/00:00:00,14.4,14.4,14.3,14.3,1665544
2025-01-20/00:00:00,14.1,14.5,14.1,14.18,1724644
2025-01-21/00:00:00,14.22,14.34,14.2,14.2,1652121
2025-01-22/00:00:00,14.22,14.4,14.12,14.12,3416260
2025-01-23/00:00:00,14.2,14.32,14.14,14.22,3794972
2025-01-24/00:00:00,14.36,14.4,14.22,14.36,2594780
2025-01-27/00:00:00,14.2,14.42,14.2,14.24,2301608
2025-01-28/00:00:00,14.22,14.44,14.18,14.18,2468688
2025-01-29/00:00:00,14.26,14.34,14.12,14.26,3328324
2025-01-30/00:00:00,14.42,14.5,14.22,14.5,1960464
2025-01-31/00:00:00,14.58,14.68,14.46,14.54,2940525
2025-02-03/00:00:00,14.5,14.56,14.34,14.54,2936108
2025-02-04/00:00:00,14.44,14.6,14.42,14.48,2885057
2025-02-05/00:00:00,14.42,14.52,14.38,14.38,4793271
2025-02-06/00:00:00,14.04,14.42,13.9,14.16,5961982
2025-02-07/00:00:00,14.14,14.26,13.96,14.12,1386313
2025-02-10/00:00:00,14.2,14.42,14.08,14.4,2391618
2025-02-11/00:00:00,14.26,14.46,14.24,14.24,2696686
2025-02-12/00:00:00,14.38,14.46,14.24,14.42,2424037
2025-02-13/00:00:00,14.48,14.6,14.38,14.52,2447750
2025-02-14/00:00:00,14.46,14.58,14.4,14.52,2658850
2025-02-17/00:00:00,14.2,14.54,14.12,14.12,1360096
2025-02-18/00:00:00,14.4,14.46,14.2,14.46,2408983
2025-02-19/00:00:00,14.4,14.46,14.24,14.44,3068120
2025-02-20/00:00:00,14.46,14.56,14.34,14.48,3036570
2025-02-21/00:00:00,14.4,14.54,14.28,14.3,3791936
2025-02-24/00:00:00,14.5,14.56,14.36,14.56,5520641
2025-02-25/00:00:00,14.48,14.56,14.48,14.54,2464198
2025-02-26/00:00:00,14.7,14.74,14.48,14.64,2742040
2025-02-27/00:00:00,14.58,14.68,14.48,14.64,3947985
2025-02-28/00:00:00,14.36,14.64,14.22,14.24,13883854
2025-03-03/00:00:00,14.24,14.38,14.22,14.24,2327128
2025-03-04/00:00:00,14.3,14.36,14.1,14.34,3891295
2025-03-05/00:00:00,14.36,14.36,14.22,14.34,3551083
2025-03-06/00:00:00,14.38,14.46,14.28,14.46,1912990
2025-03-07/00:00:00,14.24,14.46,14.14,14.34,3659777
2025-03-10/00:00:00,14.24,14.32,14.12,14.26,2389764
2025-03-11/00:00:00,14.14,14.28,13.52,14.24,5489534
2025-03-12/00:00:00,14.02,14.38,13.92,14.0,3367688
2025-03-13/00:00:00,14.06,14.26,13.88,13.94,4355279
2025-03-14/00:00:00,14.2,14.22,13.94,14.1,2247130
2025-03-17/00:00:00,14.26,14.36,14.12,14.26,3996784
2025-03-18/00:00:00,14.24,14.34,14.06,14.24,4349841
2025-03-19/00:00:00,14.26,14.46,14.22,14.26,5543282
2025-03-20/00:00:00,13.32,13.7,13.26,13.26,2938102
2025-03-21/00:00:00,13.36,13.48,13.16,13.48,6066684
2025-03-24/00:00:00,13.54,13.62,13.44,13.52,6279192
2025-03-25/00:00:00,13.58,13.66,13.52,13.6,9864927
2025-03-26/00:00:00,13.66,13.74,13.54,13.64,16484080
2025-03-27/00:00:00,13.82,13.98,13.6,13.86,3503692
2025-03-28/00:00:00,13.92,13.98,13.82,13.82,2271639
2025-04-02/00:00:00,13.36,13.7,13.32,13.4,4793903
2025-04-03/00:00:00,13.04,13.4,13.04,13.08,3357119
2025-04-04/00:00:00,12.72,13.06,12.62,12.7,4898878
2025-04-07/00:00:00,12.38,12.48,11.78,12.34,4751734
2025-04-08/00:00:00,12.66,12.84,12.36,12.7,5573658
2025-04-09/00:00:00,13.2,13.26,12.54,13.26,6916226
2025-04-10/00:00:00,13.48,13.62,13.36,13.4,4071107
2025-04-11/00:00:00,13.22,13.5,13.14,13.26,3226377
2025-04-14/00:00:00,13.56,13.64,13.3,13.64,2158185
2025-04-15/00:00:00,13.64,13.8,13.56,13.8,3417242
2025-04-16/00:00:00,13.72,13.78,13.5,13.64,2231484
2025-04-17/00:00:00,13.64,13.66,13.52,13.62,1380228
2025-04-18/00:00:00,13.58,13.66,13.5,13.62,432826
2025-04-21/00:00:00,13.62,13.68,13.46,13.54,799730
2025-04-22/00:00:00,13.54,13.54,13.34,13.42,1418133
2025-04-23/00:00:00,13.46,13.6,13.46,13.56,1353899
2025-04-24/00:00:00,13.58,14.04,13.58,14.04,6725161
2025-04-25/00:00:00,14.04,14.2,13.9,13.9,4303147
2025-04-28/00:00:00,13.94,14.28,13.94,14.1,3895039
2025-04-29/00:00:00,14.42,14.72,14.34,14.54,15036835
2025-04-30/00:00:00,14.58,15.02,14.54,15.02,12381279
2025-05-01/00:00:00,15.04,15.18,14.84,15.1,4501351
2025-05-02/00:00:00,15.12,15.28,15.04,15.2,2860836
2025-05-05/00:00:00,15.22,15.22,15.08,15.2,1696259
2025-05-06/00:00:00,15.2,15.58,15.14,15.58,5122407
2025-05-07/00:00:00,15.54,15.76,15.46,15.66,5051300
2025-05-08/00:00:00,15.68,15.86,15.66,15.72,4099552
2025-05-09/00:00:00,15.72,15.74,15.56,15.6,1808691
2025-05-12/00:00:00,15.62,15.7,15.42,15.5,2353438
2025-05-13/00:00:00,15.48,15.74,15.48,15.48,2583970
2025-05-14/00:00:00,15.48,15.68,15.4,15.68,2857797
2025-05-15/00:00:00,15.68,15.8,15.66,15.8,2625746
2025-05-16/00:00:00,15.8,15.86,15.74,15.86,2556065
2025-05-19/00:00:00,15.82,15.98,15.76,15.98,2381785
2025-05-20/00:00:00,15.98,16.5,15.96,16.5,4704780
2025-05-21/00:00:00,16.5,16.58,16.08,16.16,3957172
2025-05-22/00:00:00,16.18,16.28,15.92,16.04,2194664
2025-05-23/00:00:00,16.04,16.28,15.96,16.02,3280686
2025-05-26/00:00:00,16.02,16.12,15.94,16.06,892769
2025-05-27/00:00:00,16.06,16.14,16.02,16.14,3343158
2025-05-28/00:00:00,16.16,16.68,16.16,16.6,6440874
2025-05-29/00:00:00,16.62,16.74,16.46,16.62,2641525
2025-05-30/00:00:00,16.6,16.66,16.1,16.1,14575062
2025-06-02/00:00:00,15.96,15.96,15.5,15.68,124317969
2025-06-03/00:00:00,15.76,16.0,15.76,15.92,5689885
2025-06-04/00:00:00,15.9,16.32,15.9,16.26,5397664
2025-06-09/00:00:00,16.28,16.48,16.24,16.42,3124439
2025-06-10/00:00:00,16.42,16.46,16.28,16.46,4431174
2025-06-11/00:00:00,16.44,16.66,16.34,16.34,4713134
2025-06-12/00:00:00,16.34,16.36,15.7,15.96,5234781
2025-06-13/00:00:00,15.56,15.68,15.1,15.68,6156904
2025-06-16/00:00:00,15.66,15.76,15.5,15.6,2622056
2025-06-17/00:00:00,15.6,15.64,15.4,15.5,2923965
2025-06-18/00:00:00,15.5,15.78,15.4,15.46,3054538
2025-06-19/00:00:00,15.46,15.52,14.86,15.0,6273180
2025-06-20/00:00:00,15.0,15.44,15.0,15.4,5728814
2025-06-23/00:00:00,15.3,15.46,15.1,15.46,2445807
2025-06-24/00:00:00,15.64,16.54,15.5,16.54,7002859
2025-06-25/00:00:00,16.56,16.56,16.34,16.5,4116183
2025-06-26/00:00:00,16.52,16.58,16.46,16.5,7925993
2025-06-30/00:00:00,16.6,16.8,16.56,16.6,6152224
2025-07-01/00:00:00,16.64,16.86,16.56,16.7,4520666
2025-07-02/00:00:00,16.74,16.74,16.62,16.66,2687138
2025-07-03/00:00:00,16.72,17.18,16.66,17.18,3841227
2025-07-04/00:00:00,17.18,17.22,16.9,16.9,1775619
2025-07-07/00:00:00,17.04,17.04,16.82,16.82,3167845
2025-07-08/00:00:00,16.96,16.98,16.62,16.82,4184037
2025-07-09/00:00:00,16.7,16.84,16.64,16.8,4392926
2025-07-10/00:00:00,16.8,16.84,16.64,16.78,3172929
2025-07-11/00:00:00,16.78,16.82,16.64,16.64,3283147
2025-07-14/00:00:00,16.68,16.7,16.38,16.7,5229433
2025-07-15/00:00:00,16.72,16.84,16.64,16.72,13422362
2025-07-16/00:00:00,16.78,17.24,16.78,17.16,12222716
2025-07-17/00:00:00,17.2,17.86,17.2,17.76,7492573
2025-07-18/00:00:00,17.8,18.12,17.8,17.84,5519741
2025-07-21/00:00:00,18.0,18.04,17.8,17.8,3028634
2025-07-22/00:00:00,17.9,17.9,17.3,17.3,5045474
2025-07-23/00:00:00,18.12,18.32,17.92,18.16,12502908
2025-07-24/00:00:00,18.16,18.18,17.86,17.92,3180311
2025-07-25/00:00:00,17.92,18.1,17.9,17.98,3590081
2025-07-28/00:00:00,18.08,18.08,17.94,18.04,7318543
2025-07-29/00:00:00,18.08,18.16,17.74,17.9,6509312
2025-07-30/00:00:00,17.92,17.92,17.54,17.7,4348583
2025-07-31/00:00:00,17.7,18.0,17.7,18.0,4645423
2025-08-01/00:00:00,18.0,18.04,17.62,17.7,3054119
2025-08-04/00:00:00,17.7,17.7,17.5,17.58,1489255
2025-08-05/00:00:00,17.64,17.94,17.62,17.94,4695941
2025-08-06/00:00:00,17.84,17.88,17.7,17.7,3833128
2025-08-07/00:00:00,17.72,17.96,17.66,17.96,4411136
2025-08-08/00:00:00,17.96,18.04,17.82,17.94,2020687
2025-08-11/00:00:00,17.94,18.0,17.88,18.0,1276295
2025-08-12/00:00:00,18.0,18.02,17.84,17.92,1729198
2025-08-13/00:00:00,17.98,17.98,17.78,17.8,1620057
2025-08-13/00:00:00,17.98,17.98,17.78,17.8,1620057
2025-08-14/00:00:00,17.7,17.78,17.54,17.54,3709210
2025-08-15/00:00:00,17.54,17.66,17.34,17.42,2038477
2025-08-18/00:00:00,17.44,17.46,17.2,17.2,2478273
2025-08-19/00:00:00,17.18,17.4,17.14,17.3,1982364
2025-08-20/00:00:00,17.3,17.4,17.16,17.24,2325537
2025-08-21/00:00:00,17.24,17.32,17.12,17.16,1440241
2025-08-22/00:00:00,17.16,17.3,17.16,17.24,1004668
2025-08-25/00:00:00,17.22,17.3,17.16,17.16,1676249
2025-08-26/00:00:00,17.16,17.2,16.8,16.84,9918977
2025-08-27/00:00:00,17.0,17.02,16.88,16.9,3153589
2025-08-28/00:00:00,16.98,16.98,16.74,16.74,2596886
2025-08-29/00:00:00,16.86,16.88,16.6,16.6,2491645
2025-09-01/00:00:00,16.6,16.64,16.4,16.5,3244474
2025-09-02/00:00:00,16.5,16.56,16.32,16.48,3797558
2025-09-03/00:00:00,16.48,16.82,16.42,16.52,5082388
2025-09-04/00:00:00,16.58,16.66,16.5,16.5,2456705
2025-09-08/00:00:00,16.58,16.58,16.1,16.3,3494169
2025-09-09/00:00:00,16.38,16.5,16.28,16.46,3220881
2025-09-10/00:00:00,16.46,16.46,16.16,16.16,2174666
2025-09-11/00:00:00,16.16,16.52,16.12,16.44,5208152
2025-09-12/00:00:00,16.44,16.76,16.44,16.52,4155287
2025-09-15/00:00:00,16.52,16.66,16.34,16.34,6264073
2025-09-16/00:00:00,16.36,16.62,16.36,16.62,7072508
2025-09-17/00:00:00,16.6,16.64,16.42,16.44,2770768
2025-09-18/00:00:00,16.46,16.6,16.36,16.6,3683036
2025-09-19/00:00:00,16.58,16.58,16.36,16.48,6734425
2025-09-22/00:00:00,16.48,16.7,16.46,16.58,2584551
2025-09-23/00:00:00,16.58,16.62,16.44,16.6,1811337
2025-09-24/00:00:00,16.6,16.6,15.9,15.9,6220164
2025-09-25/00:00:00,15.94,15.98,15.5,15.5,6630200
2025-09-26/00:00:00,15.54,15.66,15.48,15.66,4769898
2025-09-29/00:00:00,15.58,15.72,15.48,15.48,3821812
2025-09-30/00:00:00,15.46,15.82,15.32,15.64,7878527
2025-10-01/00:00:00,15.64,15.84,15.6,15.8,4443186
2025-10-02/00:00:00,15.82,16.16,15.82,16.16,3678682
2025-10-03/00:00:00,16.18,16.18,15.9,15.9,2039686
2025-10-06/00:00:00,15.96,16.08,15.94,15.98,1690760
2025-10-07/00:00:00,16.0,16.4,16.0,16.28,3432357
2025-10-08/00:00:00,16.28,16.56,16.28,16.52,3096535
2025-10-09/00:00:00,16.54,16.6,16.34,16.46,3557252
2025-10-10/00:00:00,16.46,16.46,16.22,16.24,2054936
2025-10-13/00:00:00,16.16,16.28,16.04,16.14,2203212
2025-10-14/00:00:00,16.14,16.32,16.0,16.18,4438417
2025-10-15/00:00:00,16.2,16.52,16.16,16.4,3582515
2025-10-16/00:00:00,16.42,16.66,16.36,16.48,2756417
2025-10-17/00:00:00,16.48,16.48,16.24,16.4,1766962
2025-10-20/00:00:00,16.38,16.48,16.3,16.3,1641120
2025-10-21/00:00:00,16.32,16.58,16.3,16.4,2039241
2025-10-22/00:00:00,16.66,17.26,16.66,17.24,10208372
2025-10-23/00:00:00,17.22,17.22,17.04,17.16,3067968
2025-10-24/00:00:00,17.16,17.16,16.92,17.1,2203412
2025-10-27/00:00:00,17.16,17.54,17.16,17.38,4186091
2025-10-28/00:00:00,17.38,17.46,17.18,17.38,4967937
2025-10-29/00:00:00,17.38,17.62,17.38,17.58,3272832
2025-10-30/00:00:00,17.6,17.76,17.58,17.76,4457542
2025-10-31/00:00:00,17.74,17.74,17.26,17.44,2802277
2025-11-03/00:00:00,17.44,17.46,17.16,17.2,2881938
2025-11-04/00:00:00,17.28,17.5,17.24,17.26,3187182
2025-11-05/00:00:00,17.24,17.26,16.94,16.94,3733279
2025-11-06/00:00:00,16.96,17.24,16.96,17.24,3158000
2025-11-07/00:00:00,17.26,17.46,17.1,17.46,2248192
2025-11-10/00:00:00,17.38,17.52,17.22,17.22,2330400
2025-11-11/00:00:00,17.22,17.3,17.1,17.2,2235791
2025-11-12/00:00:00,17.22,17.22,16.98,17.1,2687038
2025-11-13/00:00:00,17.12,17.12,16.84,17.02,3396916
2025-11-14/00:00:00,17.02,17.08,16.84,17.06,1747792
2025-11-17/00:00:00,17.06,17.08,16.78,17.0,13349433
2025-11-18/00:00:00,17.0,17.0,16.72,16.82,2728618
2025-11-19/00:00:00,16.8,16.8,16.56,16.62,2868194
2025-11-20/00:00:00,16.64,16.74,16.42,16.42,3836770
2025-11-21/00:00:00,16.4,16.4,15.94,16.04,4060336
2025-11-24/00:00:00,16.04,16.04,15.76,15.8,14365015
2025-11-25/00:00:00,15.82,16.06,15.76,15.96,6357418
2025-11-26/00:00:00,15.94,16.08,15.8,15.82,3294012
2025-11-27/00:00:00,15.96,15.96,15.74,15.82,2923301
2025-11-28/00:00:00,15.8,16.1,15.7,15.84,4765130
2025-12-03/00:00:00,16.0,16.4,15.98,16.4,4216879
2025-12-04/00:00:00,16.4,16.76,16.38,16.5,4658148
2025-12-05/00:00:00,16.5,16.62,16.48,16.62,2624878
2025-12-08/00:00:00,16.62,16.9,16.5,16.86,4138560
2025-12-09/00:00:00,16.84,16.86,16.7,16.82,5685296
2025-12-10/00:00:00,16.88,16.88,16.66,16.72,2346975
2025-12-11/00:00:00,16.7,16.88,16.7,16.88,3679854
2025-12-12/00:00:00,16.88,16.88,16.64,16.78,2165809
2025-12-15/00:00:00,16.76,16.8,16.7,16.78,2624408
2025-12-16/00:00:00,16.78,16.82,16.68,16.78,3088204
2025-12-17/00:00:00,16.78,16.88,16.72,16.84,3913652
2025-12-18/00:00:00,16.86,17.1,16.8,17.1,4600515
2025-12-19/00:00:00,17.1,17.28,17.06,17.14,7872417
2025-12-22/00:00:00,17.14,17.5,17.12,17.5,2655028
2025-12-23/00:00:00,17.5,17.68,17.42,17.6,1899363
2025-12-24/00:00:00,17.6,17.64,17.48,17.54,2240199
2025-12-25/00:00:00,17.54,17.58,17.48,17.5,3080937
2025-12-26/00:00:00,17.62,17.62,17.46,17.58,1269946
2025-12-29/00:00:00,17.58,17.8,17.56,17.8,4818116
2025-12-30/00:00:00,17.8,17.8,17.24,17.3,3705804
2025-12-31/00:00:00,17.3,17.54,17.3,17.44,3058882
2026-01-02/00:00:00,17.44,17.5,17.4,17.46,626210
2026-01-05/00:00:00,17.32,17.46,17.22,0.0,307354
2026-01-06/00:00:00,17.28,17.48,17.28,17.48,3445724
2026-01-07/00:00:00,17.4,17.72,17.4,17.72,2499573
2026-01-08/00:00:00,17.74,17.82,17.66,17.8,2445831
2026-01-09/00:00:00,17.78,17.78,17.52,17.66,1890274
2026-01-12/00:00:00,17.64,17.72,17.48,17.66,4072686
2026-01-13/00:00:00,17.66,18.02,17.62,17.98,6902670
2026-01-14/00:00:00,17.96,18.06,17.78,17.84,5251013
2026-01-15/00:00:00,17.8,17.94,17.64,17.86,4112181
2026-01-16/00:00:00,17.88,18.1,17.82,18.1,4477933
2026-01-19/00:00:00,18.1,18.54,18.1,18.54,3330076
2026-01-20/00:00:00,18.56,18.74,18.44,18.74,5980845
2026-01-21/00:00:00,18.72,18.82,18.62,18.64,5295177
2026-01-22/00:00:00,18.66,18.98,18.66,18.98,7839964
2026-01-23/00:00:00,18.94,19.04,18.8,18.9,2847381
2026-01-26/00:00:00,18.92,18.92,18.5,18.76,3782778
2026-01-27/00:00:00,18.64,19.04,18.64,18.74,7436488
2026-01-28/00:00:00,18.62,19.0,18.62,18.88,9033675
2026-01-29/00:00:00,18.88,19.04,18.84,18.86,6474337
2026-01-30/00:00:00,18.86,18.86,18.6,18.6,5537238
2026-02-02/00:00:00,18.56,18.76,18.46,18.74,5808458
2026-02-03/00:00:00,18.82,19.8,18.74,19.8,13075361
2026-02-04/00:00:00,19.78,20.06,19.54,19.96,8047218
2026-02-05/00:00:00,19.96,20.04,19.7,19.98,5164992
2026-02-09/00:00:00,19.96,20.04,19.64,19.82,5652957
2026-02-10/00:00:00,19.8,19.94,19.66,19.94,4610493
2026-02-11/00:00:00,19.9,20.02,19.9,20.0,4896876
2026-02-12/00:00:00,20.0,20.18,19.92,20.0,7773873
2026-02-16/00:00:00,20.18,20.18,19.88,20.04,1969389
2026-02-17/00:00:00,20.02,20.06,19.72,20.06,2647196
2026-02-18/00:00:00,20.06,20.7,19.94,20.7,5347657
2026-02-19/00:00:00,20.7,20.7,19.96,20.08,5416851
2026-02-20/00:00:00,20.0,20.1,19.84,20.0,4779947
2026-02-23/00:00:00,20.0,20.56,20.0,20.5,4770666
2026-02-24/00:00:00,20.5,20.74,20.44,20.7,6116457
2026-02-25/00:00:00,20.7,20.7,20.34,20.44,4788044
2026-02-26/00:00:00,20.44,20.44,20.1,20.1,4700609
2026-02-27/00:00:00,20.2,20.26,19.62,19.62,10814355
2026-03-04/00:00:00,18.64,19.7,18.64,18.64,2718334
2026-03-05/00:00:00,17.72,18.42,17.72,18.42,18937015
2026-03-06/00:00:00,18.5,18.6,17.74,18.14,4307162
2026-03-09/00:00:00,17.32,18.2,17.32,18.2,10042233
2026-03-10/00:00:00,17.7,19.5,17.7,18.6,14797396
2026-03-11/00:00:00,18.64,19.1,17.9,18.0,5566727
2026-03-12/00:00:00,17.98,17.98,17.1,17.18,7122051
2026-03-13/00:00:00,17.1,17.44,16.36,16.8,7786249
2026-03-16/00:00:00,16.8,17.4,16.36,17.4,5549312
2026-03-17/00:00:00,17.3,17.86,17.16,17.8,7522218
2026-03-18/00:00:00,17.3,17.68,17.22,17.22,11624532
2026-03-23/00:00:00,17.16,17.16,16.36,16.36,8284493
2026-03-24/00:00:00,16.54,17.4,16.3,16.82,6170912
2026-03-25/00:00:00,17.02,18.06,17.02,18.06,7095479
2026-03-26/00:00:00,18.0,18.02,17.56,17.56,5018721
2026-03-27/00:00:00,17.6,17.8,17.38,17.38,2004660
2026-03-30/00:00:00,17.2,17.5,16.9,17.0,3827701
2026-03-31/00:00:00,17.0,17.66,16.94,17.0,7487832
2026-04-01/00:00:00,17.32,18.0,17.26,18.0,4979938
2026-04-02/00:00:00,17.9,18.0,17.24,17.24,4283424
2026-04-03/00:00:00,17.38,17.42,17.24,17.36,1063389
2026-04-06/00:00:00,17.36,17.52,17.08,17.4,1841309
2026-04-07/00:00:00,17.44,17.52,17.2,17.5,2339915
2026-04-08/00:00:00,18.5,20.12,18.0,18.38,15233008
2026-04-09/00:00:00,18.2,18.54,18.0,18.16,4766044
2026-04-10/00:00:00,18.22,18.66,18.22,18.6,2181939
2026-04-13/00:00:00,18.38,18.62,18.14,18.36,2783785
2026-04-14/00:00:00,18.44,18.62,18.34,18.48,5243162
2026-04-15/00:00:00,18.7,18.7,18.4,18.4,6178273
2026-04-16/00:00:00,18.4,18.62,18.3,18.4,4184569
2026-04-17/00:00:00,18.42,18.7,18.3,18.7,3436489
2026-04-20/00:00:00,18.68,18.68,18.46,18.46,2791919
2026-04-21/00:00:00,18.46,18.66,18.46,18.46,2129054
2026-04-22/00:00:00,18.5,18.5,17.92,17.98,6045632
2026-04-23/00:00:00,17.94,18.1,17.6,17.6,4164547
2026-04-24/00:00:00,17.7,18.08,17.6,18.0,2577151
2026-04-27/00:00:00,18.0,18.3,17.94,18.12,5092831
2026-04-28/00:00:00,18.12,18.36,18.12,18.2,4485477
2026-04-29/00:00:00,18.24,18.56,18.22,0.0,2420371
2026-04-30/00:00:00,18.32,18.32,17.56,17.56,6103429
2026-05-01/00:00:00,17.64,18.0,17.6,17.9,1846449
2026-05-04/00:00:00,17.96,18.1,17.6,17.6,2829490
2026-05-05/00:00:00,17.58,17.64,17.4,17.44,1816250
2026-05-06/00:00:00,17.5,18.04,17.5,17.76,2985149
2026-05-07/00:00:00,17.9,18.1,17.78,17.78,4077836
2026-05-08/00:00:00,17.74,17.8,17.62,0.0,659389
2026-05-11/00:00:00,17.64,17.68,17.32,17.32,2568506
2026-05-12/00:00:00,17.36,17.36,16.76,16.76,3932874
2026-05-13/00:00:00,16.96,17.2,16.82,17.2,5305625
2026-05-14/00:00:00,17.2,17.44,17.02,17.12,2530301
2026-05-15/00:00:00,17.12,17.12,16.76,17.12,2648677
2026-05-18/00:00:00,17.0,17.0,16.5,16.8,4136659
2026-05-19/00:00:00,16.9,17.38,16.9,17.06,3898440
2026-05-20/00:00:00,17.04,17.04,16.6,0.0,4149472
2026-05-21/00:00:00,16.72,16.9,16.58,16.82,3343319
2026-05-22/00:00:00,16.9,17.02,16.64,16.92,4780746
2026-05-25/00:00:00,17.18,17.24,16.8,16.8,15570599
2026-06-01/00:00:00,16.78,16.92,16.3,16.36,9890430
2026-06-02/00:00:00,16.42,16.74,16.22,16.22,5022321
2026-06-03/00:00:00,16.3,16.52,15.96,16.2,4573842
2026-06-04/00:00:00,16.2,16.64,16.12,16.26,4379013
2026-06-05/00:00:00,16.3,16.58,16.2,16.4,2809922
2026-06-08/00:00:00,16.36,16.4,16.1,16.36,4101132
2026-06-09/00:00:00,16.36,16.72,16.36,16.66,5513847
2026-06-10/00:00:00,16.6,16.8,16.44,16.72,2907252
2026-06-11/00:00:00,16.78,16.78,16.34,16.34,6532622
2026-06-12/00:00:00,16.6,17.5,16.56,17.46,12066401
2026-06-16/00:00:00,18.02,18.2,17.52,17.58,10913361
2026-06-17/00:00:00,17.6,17.84,17.46,17.84,6166081
2026-06-18/00:00:00,17.92,18.46,17.74,18.46,8363266
2026-06-19/00:00:00,18.4,18.44,18.06,18.06,6120576
2026-06-22/00:00:00,18.16,18.32,18.1,18.18,3205431
2026-06-23/00:00:00,18.18,18.22,17.82,18.04,3873813
2026-06-24/00:00:00,18.04,18.16,17.8,17.8,4997679
2026-06-25/00:00:00,17.88,18.06,17.24,17.24,4138996
2026-06-26/00:00:00,17.28,17.48,17.0,17.42,4617220
2026-06-29/00:00:00,17.38,17.38,17.04,17.12,2782966
2026-06-30/00:00:00,17.16,17.24,16.68,17.0,6561943
2026-07-01/00:00:00,17.08,17.38,17.0,17.1,3842798
2026-07-02/00:00:00,17.1,17.34,17.1,17.34,2094753
2026-07-03/00:00:00,17.3,17.54,17.24,17.4,1538637
2026-07-06/00:00:00,17.44,17.76,17.4,17.7,1879358
2026-07-07/00:00:00,17.7,17.9,17.58,17.82,5397791
2026-07-08/00:00:00,17.72,17.8,17.56,17.8,3944779
2026-07-09/00:00:00,17.76,17.96,17.62,17.8,4370390
2026-07-10/00:00:00,17.8,18.0,17.74,18.0,5722041
2026-07-13/00:00:00,17.94,18.3,17.8,18.0,10012863
2026-07-14/00:00:00,18.0,18.16,17.84,17.86,3638463
